study_id,animal_id,group_number,group_name,sex,dose_mgkg_day,study_day,study_date,body_weight_g
PC201708,PC201708-1001,1,Vehicle Control,M,0.0,1,2016-02-01,349.0
PC201708,PC201708-1001,1,Vehicle Control,M,0.0,8,2016-02-08,361.0
PC201708,PC201708-1001,1,Vehicle Control,M,0.0,15,2016-02-15,405.0
PC201708,PC201708-1001,1,Vehicle Control,M,0.0,22,2016-02-22,429.0
PC201708,PC201708-1001,1,Vehicle Control,M,0.0,29,2016-02-29,511.0
PC201708,PC201708-1002,1,Vehicle Control,M,0.0,1,2016-02-01,337.0
PC201708,PC201708-1002,1,Vehicle Control,M,0.0,8,2016-02-08,383.0
PC201708,PC201708-1002,1,Vehicle Control,M,0.0,15,2016-02-15,402.0
PC201708,PC201708-1002,1,Vehicle Control,M,0.0,22,2016-02-22,441.0
PC201708,PC201708-1002,1,Vehicle Control,M,0.0,29,2016-02-29,512.0
PC201708,PC201708-1002,1,Vehicle Control,M,0.0,36,2016-03-07,432.0
PC201708,PC201708-1002,1,Vehicle Control,M,0.0,43,2016-03-14,547.0
PC201708,PC201708-1002,1,Vehicle Control,M,0.0,50,2016-03-21,528.0
PC201708,PC201708-1002,1,Vehicle Control,M,0.0,57,2016-03-28,517.0
PC201708,PC201708-1002,1,Vehicle Control,M,0.0,64,2016-04-04,507.0
PC201708,PC201708-1002,1,Vehicle Control,M,0.0,71,2016-04-11,533.0
PC201708,PC201708-1002,1,Vehicle Control,M,0.0,78,2016-04-18,554.0
PC201708,PC201708-1002,1,Vehicle Control,M,0.0,85,2016-04-25,552.0
PC201708,PC201708-1002,1,Vehicle Control,M,0.0,92,2016-05-02,554.0
PC201708,PC201708-1003,1,Vehicle Control,M,0.0,1,2016-02-01,315.0
PC201708,PC201708-1003,1,Vehicle Control,M,0.0,8,2016-02-08,390.0
PC201708,PC201708-1003,1,Vehicle Control,M,0.0,15,2016-02-15,401.0
PC201708,PC201708-1003,1,Vehicle Control,M,0.0,22,2016-02-22,421.0
PC201708,PC201708-1003,1,Vehicle Control,M,0.0,29,2016-02-29,474.0
PC201708,PC201708-1003,1,Vehicle Control,M,0.0,36,2016-03-07,498.0
PC201708,PC201708-1003,1,Vehicle Control,M,0.0,43,2016-03-14,495.0
PC201708,PC201708-1003,1,Vehicle Control,M,0.0,50,2016-03-21,481.0
PC201708,PC201708-1003,1,Vehicle Control,M,0.0,57,2016-03-28,490.0
PC201708,PC201708-1003,1,Vehicle Control,M,0.0,64,2016-04-04,492.0
PC201708,PC201708-1003,1,Vehicle Control,M,0.0,71,2016-04-11,509.0
PC201708,PC201708-1003,1,Vehicle Control,M,0.0,78,2016-04-18,493.0
PC201708,PC201708-1003,1,Vehicle Control,M,0.0,85,2016-04-25,559.0
PC201708,PC201708-1003,1,Vehicle Control,M,0.0,92,2016-05-02,537.0
PC201708,PC201708-1004,1,Vehicle Control,M,0.0,1,2016-02-01,350.0
PC201708,PC201708-1004,1,Vehicle Control,M,0.0,8,2016-02-08,348.0
PC201708,PC201708-1004,1,Vehicle Control,M,0.0,15,2016-02-15,385.0
PC201708,PC201708-1004,1,Vehicle Control,M,0.0,22,2016-02-22,439.0
PC201708,PC201708-1004,1,Vehicle Control,M,0.0,29,2016-02-29,443.0
PC201708,PC201708-1004,1,Vehicle Control,M,0.0,36,2016-03-07,480.0
PC201708,PC201708-1004,1,Vehicle Control,M,0.0,43,2016-03-14,531.0
PC201708,PC201708-1004,1,Vehicle Control,M,0.0,50,2016-03-21,534.0
PC201708,PC201708-1004,1,Vehicle Control,M,0.0,57,2016-03-28,521.0
PC201708,PC201708-1004,1,Vehicle Control,M,0.0,64,2016-04-04,513.0
PC201708,PC201708-1004,1,Vehicle Control,M,0.0,71,2016-04-11,534.0
PC201708,PC201708-1004,1,Vehicle Control,M,0.0,78,2016-04-18,504.0
PC201708,PC201708-1004,1,Vehicle Control,M,0.0,85,2016-04-25,505.0
PC201708,PC201708-1004,1,Vehicle Control,M,0.0,92,2016-05-02,474.0
PC201708,PC201708-1005,1,Vehicle Control,M,0.0,1,2016-02-01,332.0
PC201708,PC201708-1005,1,Vehicle Control,M,0.0,8,2016-02-08,344.0
PC201708,PC201708-1005,1,Vehicle Control,M,0.0,15,2016-02-15,402.0
PC201708,PC201708-1005,1,Vehicle Control,M,0.0,22,2016-02-22,424.0
PC201708,PC201708-1005,1,Vehicle Control,M,0.0,29,2016-02-29,461.0
PC201708,PC201708-1005,1,Vehicle Control,M,0.0,36,2016-03-07,432.0
PC201708,PC201708-1005,1,Vehicle Control,M,0.0,43,2016-03-14,537.0
PC201708,PC201708-1005,1,Vehicle Control,M,0.0,50,2016-03-21,509.0
PC201708,PC201708-1005,1,Vehicle Control,M,0.0,57,2016-03-28,484.0
PC201708,PC201708-1005,1,Vehicle Control,M,0.0,64,2016-04-04,475.0
PC201708,PC201708-1005,1,Vehicle Control,M,0.0,71,2016-04-11,467.0
PC201708,PC201708-1005,1,Vehicle Control,M,0.0,78,2016-04-18,531.0
PC201708,PC201708-1005,1,Vehicle Control,M,0.0,85,2016-04-25,508.0
PC201708,PC201708-1005,1,Vehicle Control,M,0.0,92,2016-05-02,475.0
PC201708,PC201708-1006,1,Vehicle Control,M,0.0,1,2016-02-01,347.0
PC201708,PC201708-1006,1,Vehicle Control,M,0.0,8,2016-02-08,372.0
PC201708,PC201708-1006,1,Vehicle Control,M,0.0,15,2016-02-15,409.0
PC201708,PC201708-1006,1,Vehicle Control,M,0.0,22,2016-02-22,454.0
PC201708,PC201708-1006,1,Vehicle Control,M,0.0,29,2016-02-29,497.0
PC201708,PC201708-1006,1,Vehicle Control,M,0.0,36,2016-03-07,448.0
PC201708,PC201708-1006,1,Vehicle Control,M,0.0,43,2016-03-14,473.0
PC201708,PC201708-1006,1,Vehicle Control,M,0.0,50,2016-03-21,439.0
PC201708,PC201708-1006,1,Vehicle Control,M,0.0,57,2016-03-28,454.0
PC201708,PC201708-1006,1,Vehicle Control,M,0.0,64,2016-04-04,527.0
PC201708,PC201708-1006,1,Vehicle Control,M,0.0,71,2016-04-11,555.0
PC201708,PC201708-1006,1,Vehicle Control,M,0.0,78,2016-04-18,560.0
PC201708,PC201708-1006,1,Vehicle Control,M,0.0,85,2016-04-25,522.0
PC201708,PC201708-1006,1,Vehicle Control,M,0.0,92,2016-05-02,509.0
PC201708,PC201708-1007,1,Vehicle Control,M,0.0,1,2016-02-01,337.0
PC201708,PC201708-1007,1,Vehicle Control,M,0.0,8,2016-02-08,373.0
PC201708,PC201708-1007,1,Vehicle Control,M,0.0,15,2016-02-15,391.0
PC201708,PC201708-1007,1,Vehicle Control,M,0.0,22,2016-02-22,456.0
PC201708,PC201708-1007,1,Vehicle Control,M,0.0,29,2016-02-29,486.0
PC201708,PC201708-1007,1,Vehicle Control,M,0.0,36,2016-03-07,542.0
PC201708,PC201708-1007,1,Vehicle Control,M,0.0,43,2016-03-14,504.0
PC201708,PC201708-1007,1,Vehicle Control,M,0.0,50,2016-03-21,453.0
PC201708,PC201708-1007,1,Vehicle Control,M,0.0,57,2016-03-28,481.0
PC201708,PC201708-1007,1,Vehicle Control,M,0.0,64,2016-04-04,512.0
PC201708,PC201708-1007,1,Vehicle Control,M,0.0,71,2016-04-11,533.0
PC201708,PC201708-1007,1,Vehicle Control,M,0.0,78,2016-04-18,523.0
PC201708,PC201708-1007,1,Vehicle Control,M,0.0,85,2016-04-25,531.0
PC201708,PC201708-1007,1,Vehicle Control,M,0.0,92,2016-05-02,481.0
PC201708,PC201708-1008,1,Vehicle Control,M,0.0,1,2016-02-01,339.0
PC201708,PC201708-1008,1,Vehicle Control,M,0.0,8,2016-02-08,347.0
PC201708,PC201708-1008,1,Vehicle Control,M,0.0,15,2016-02-15,394.0
PC201708,PC201708-1008,1,Vehicle Control,M,0.0,22,2016-02-22,453.0
PC201708,PC201708-1008,1,Vehicle Control,M,0.0,29,2016-02-29,461.0
PC201708,PC201708-1008,1,Vehicle Control,M,0.0,36,2016-03-07,457.0
PC201708,PC201708-1008,1,Vehicle Control,M,0.0,43,2016-03-14,515.0
PC201708,PC201708-1008,1,Vehicle Control,M,0.0,50,2016-03-21,533.0
PC201708,PC201708-1008,1,Vehicle Control,M,0.0,57,2016-03-28,458.0
PC201708,PC201708-1008,1,Vehicle Control,M,0.0,64,2016-04-04,464.0
PC201708,PC201708-1008,1,Vehicle Control,M,0.0,71,2016-04-11,484.0
PC201708,PC201708-1008,1,Vehicle Control,M,0.0,78,2016-04-18,503.0
PC201708,PC201708-1008,1,Vehicle Control,M,0.0,85,2016-04-25,502.0
PC201708,PC201708-1008,1,Vehicle Control,M,0.0,92,2016-05-02,543.0
PC201708,PC201708-1009,1,Vehicle Control,M,0.0,1,2016-02-01,332.0
PC201708,PC201708-1009,1,Vehicle Control,M,0.0,8,2016-02-08,353.0
PC201708,PC201708-1009,1,Vehicle Control,M,0.0,15,2016-02-15,424.0
PC201708,PC201708-1009,1,Vehicle Control,M,0.0,22,2016-02-22,415.0
PC201708,PC201708-1009,1,Vehicle Control,M,0.0,29,2016-02-29,509.0
PC201708,PC201708-1009,1,Vehicle Control,M,0.0,36,2016-03-07,503.0
PC201708,PC201708-1009,1,Vehicle Control,M,0.0,43,2016-03-14,542.0
PC201708,PC201708-1009,1,Vehicle Control,M,0.0,50,2016-03-21,498.0
PC201708,PC201708-1009,1,Vehicle Control,M,0.0,57,2016-03-28,537.0
PC201708,PC201708-1009,1,Vehicle Control,M,0.0,64,2016-04-04,502.0
PC201708,PC201708-1009,1,Vehicle Control,M,0.0,71,2016-04-11,480.0
PC201708,PC201708-1009,1,Vehicle Control,M,0.0,78,2016-04-18,500.0
PC201708,PC201708-1009,1,Vehicle Control,M,0.0,85,2016-04-25,466.0
PC201708,PC201708-1009,1,Vehicle Control,M,0.0,92,2016-05-02,567.0
PC201708,PC201708-1010,1,Vehicle Control,M,0.0,1,2016-02-01,325.0
PC201708,PC201708-1010,1,Vehicle Control,M,0.0,8,2016-02-08,384.0
PC201708,PC201708-1010,1,Vehicle Control,M,0.0,15,2016-02-15,417.0
PC201708,PC201708-1010,1,Vehicle Control,M,0.0,22,2016-02-22,468.0
PC201708,PC201708-1010,1,Vehicle Control,M,0.0,29,2016-02-29,453.0
PC201708,PC201708-1010,1,Vehicle Control,M,0.0,36,2016-03-07,443.0
PC201708,PC201708-1010,1,Vehicle Control,M,0.0,43,2016-03-14,476.0
PC201708,PC201708-1010,1,Vehicle Control,M,0.0,50,2016-03-21,541.0
PC201708,PC201708-1010,1,Vehicle Control,M,0.0,57,2016-03-28,494.0
PC201708,PC201708-1010,1,Vehicle Control,M,0.0,64,2016-04-04,473.0
PC201708,PC201708-1010,1,Vehicle Control,M,0.0,71,2016-04-11,479.0
PC201708,PC201708-1010,1,Vehicle Control,M,0.0,78,2016-04-18,507.0
PC201708,PC201708-1010,1,Vehicle Control,M,0.0,85,2016-04-25,476.0
PC201708,PC201708-1010,1,Vehicle Control,M,0.0,92,2016-05-02,550.0
PC201708,PC201708-1011,1,Vehicle Control,M,0.0,1,2016-02-01,348.0
PC201708,PC201708-1011,1,Vehicle Control,M,0.0,8,2016-02-08,351.0
PC201708,PC201708-1011,1,Vehicle Control,M,0.0,15,2016-02-15,388.0
PC201708,PC201708-1011,1,Vehicle Control,M,0.0,22,2016-02-22,436.0
PC201708,PC201708-1011,1,Vehicle Control,M,0.0,29,2016-02-29,449.0
PC201708,PC201708-1011,1,Vehicle Control,M,0.0,36,2016-03-07,443.0
PC201708,PC201708-1011,1,Vehicle Control,M,0.0,43,2016-03-14,441.0
PC201708,PC201708-1011,1,Vehicle Control,M,0.0,50,2016-03-21,455.0
PC201708,PC201708-1011,1,Vehicle Control,M,0.0,57,2016-03-28,534.0
PC201708,PC201708-1011,1,Vehicle Control,M,0.0,64,2016-04-04,512.0
PC201708,PC201708-1011,1,Vehicle Control,M,0.0,71,2016-04-11,480.0
PC201708,PC201708-1011,1,Vehicle Control,M,0.0,78,2016-04-18,548.0
PC201708,PC201708-1011,1,Vehicle Control,M,0.0,85,2016-04-25,533.0
PC201708,PC201708-1011,1,Vehicle Control,M,0.0,92,2016-05-02,525.0
PC201708,PC201708-1011,1,Vehicle Control,M,0.0,99,2016-05-09,541.0
PC201708,PC201708-1011,1,Vehicle Control,M,0.0,106,2016-05-16,554.0
PC201708,PC201708-1012,1,Vehicle Control,M,0.0,1,2016-02-01,318.0
PC201708,PC201708-1012,1,Vehicle Control,M,0.0,8,2016-02-08,369.0
PC201708,PC201708-1012,1,Vehicle Control,M,0.0,15,2016-02-15,415.0
PC201708,PC201708-1012,1,Vehicle Control,M,0.0,22,2016-02-22,436.0
PC201708,PC201708-1012,1,Vehicle Control,M,0.0,29,2016-02-29,488.0
PC201708,PC201708-1012,1,Vehicle Control,M,0.0,36,2016-03-07,427.0
PC201708,PC201708-1012,1,Vehicle Control,M,0.0,43,2016-03-14,500.0
PC201708,PC201708-1012,1,Vehicle Control,M,0.0,50,2016-03-21,437.0
PC201708,PC201708-1012,1,Vehicle Control,M,0.0,57,2016-03-28,524.0
PC201708,PC201708-1012,1,Vehicle Control,M,0.0,64,2016-04-04,516.0
PC201708,PC201708-1012,1,Vehicle Control,M,0.0,71,2016-04-11,500.0
PC201708,PC201708-1012,1,Vehicle Control,M,0.0,78,2016-04-18,531.0
PC201708,PC201708-1012,1,Vehicle Control,M,0.0,85,2016-04-25,497.0
PC201708,PC201708-1012,1,Vehicle Control,M,0.0,92,2016-05-02,513.0
PC201708,PC201708-1012,1,Vehicle Control,M,0.0,99,2016-05-09,546.0
PC201708,PC201708-1012,1,Vehicle Control,M,0.0,106,2016-05-16,571.0
PC201708,PC201708-1013,1,Vehicle Control,M,0.0,1,2016-02-01,340.0
PC201708,PC201708-1013,1,Vehicle Control,M,0.0,8,2016-02-08,346.0
PC201708,PC201708-1013,1,Vehicle Control,M,0.0,15,2016-02-15,394.0
PC201708,PC201708-1013,1,Vehicle Control,M,0.0,22,2016-02-22,451.0
PC201708,PC201708-1013,1,Vehicle Control,M,0.0,29,2016-02-29,455.0
PC201708,PC201708-1013,1,Vehicle Control,M,0.0,36,2016-03-07,438.0
PC201708,PC201708-1013,1,Vehicle Control,M,0.0,43,2016-03-14,473.0
PC201708,PC201708-1013,1,Vehicle Control,M,0.0,50,2016-03-21,506.0
PC201708,PC201708-1013,1,Vehicle Control,M,0.0,57,2016-03-28,446.0
PC201708,PC201708-1013,1,Vehicle Control,M,0.0,64,2016-04-04,485.0
PC201708,PC201708-1013,1,Vehicle Control,M,0.0,71,2016-04-11,483.0
PC201708,PC201708-1013,1,Vehicle Control,M,0.0,78,2016-04-18,493.0
PC201708,PC201708-1013,1,Vehicle Control,M,0.0,85,2016-04-25,490.0
PC201708,PC201708-1013,1,Vehicle Control,M,0.0,92,2016-05-02,561.0
PC201708,PC201708-1013,1,Vehicle Control,M,0.0,99,2016-05-09,575.0
PC201708,PC201708-1013,1,Vehicle Control,M,0.0,106,2016-05-16,507.0
PC201708,PC201708-1014,1,Vehicle Control,M,0.0,1,2016-02-01,327.0
PC201708,PC201708-1014,1,Vehicle Control,M,0.0,8,2016-02-08,356.0
PC201708,PC201708-1014,1,Vehicle Control,M,0.0,15,2016-02-15,399.0
PC201708,PC201708-1014,1,Vehicle Control,M,0.0,22,2016-02-22,441.0
PC201708,PC201708-1014,1,Vehicle Control,M,0.0,29,2016-02-29,507.0
PC201708,PC201708-1014,1,Vehicle Control,M,0.0,36,2016-03-07,440.0
PC201708,PC201708-1014,1,Vehicle Control,M,0.0,43,2016-03-14,526.0
PC201708,PC201708-1014,1,Vehicle Control,M,0.0,50,2016-03-21,528.0
PC201708,PC201708-1014,1,Vehicle Control,M,0.0,57,2016-03-28,542.0
PC201708,PC201708-1014,1,Vehicle Control,M,0.0,64,2016-04-04,549.0
PC201708,PC201708-1014,1,Vehicle Control,M,0.0,71,2016-04-11,531.0
PC201708,PC201708-1014,1,Vehicle Control,M,0.0,78,2016-04-18,512.0
PC201708,PC201708-1014,1,Vehicle Control,M,0.0,85,2016-04-25,507.0
PC201708,PC201708-1014,1,Vehicle Control,M,0.0,92,2016-05-02,501.0
PC201708,PC201708-1014,1,Vehicle Control,M,0.0,99,2016-05-09,547.0
PC201708,PC201708-1014,1,Vehicle Control,M,0.0,106,2016-05-16,552.0
PC201708,PC201708-1015,1,Vehicle Control,M,0.0,1,2016-02-01,348.0
PC201708,PC201708-1015,1,Vehicle Control,M,0.0,8,2016-02-08,384.0
PC201708,PC201708-1015,1,Vehicle Control,M,0.0,15,2016-02-15,414.0
PC201708,PC201708-1015,1,Vehicle Control,M,0.0,22,2016-02-22,459.0
PC201708,PC201708-1015,1,Vehicle Control,M,0.0,29,2016-02-29,481.0
PC201708,PC201708-1015,1,Vehicle Control,M,0.0,36,2016-03-07,469.0
PC201708,PC201708-1015,1,Vehicle Control,M,0.0,43,2016-03-14,528.0
PC201708,PC201708-1015,1,Vehicle Control,M,0.0,50,2016-03-21,511.0
PC201708,PC201708-1015,1,Vehicle Control,M,0.0,57,2016-03-28,497.0
PC201708,PC201708-1015,1,Vehicle Control,M,0.0,64,2016-04-04,508.0
PC201708,PC201708-1015,1,Vehicle Control,M,0.0,71,2016-04-11,500.0
PC201708,PC201708-1015,1,Vehicle Control,M,0.0,78,2016-04-18,545.0
PC201708,PC201708-1015,1,Vehicle Control,M,0.0,85,2016-04-25,509.0
PC201708,PC201708-1015,1,Vehicle Control,M,0.0,92,2016-05-02,550.0
PC201708,PC201708-1015,1,Vehicle Control,M,0.0,99,2016-05-09,556.0
PC201708,PC201708-1015,1,Vehicle Control,M,0.0,106,2016-05-16,563.0
PC201708,PC201708-1101,1,Vehicle Control,F,0.0,1,2016-02-01,231.0
PC201708,PC201708-1101,1,Vehicle Control,F,0.0,8,2016-02-08,272.0
PC201708,PC201708-1101,1,Vehicle Control,F,0.0,15,2016-02-15,318.0
PC201708,PC201708-1101,1,Vehicle Control,F,0.0,22,2016-02-22,301.0
PC201708,PC201708-1101,1,Vehicle Control,F,0.0,29,2016-02-29,282.0
PC201708,PC201708-1101,1,Vehicle Control,F,0.0,36,2016-03-07,316.0
PC201708,PC201708-1101,1,Vehicle Control,F,0.0,43,2016-03-14,357.0
PC201708,PC201708-1101,1,Vehicle Control,F,0.0,50,2016-03-21,365.0
PC201708,PC201708-1101,1,Vehicle Control,F,0.0,57,2016-03-28,299.0
PC201708,PC201708-1101,1,Vehicle Control,F,0.0,64,2016-04-04,325.0
PC201708,PC201708-1101,1,Vehicle Control,F,0.0,71,2016-04-11,339.0
PC201708,PC201708-1101,1,Vehicle Control,F,0.0,78,2016-04-18,333.0
PC201708,PC201708-1101,1,Vehicle Control,F,0.0,85,2016-04-25,358.0
PC201708,PC201708-1101,1,Vehicle Control,F,0.0,92,2016-05-02,357.0
PC201708,PC201708-1102,1,Vehicle Control,F,0.0,1,2016-02-01,250.0
PC201708,PC201708-1102,1,Vehicle Control,F,0.0,8,2016-02-08,301.0
PC201708,PC201708-1102,1,Vehicle Control,F,0.0,15,2016-02-15,277.0
PC201708,PC201708-1102,1,Vehicle Control,F,0.0,22,2016-02-22,328.0
PC201708,PC201708-1102,1,Vehicle Control,F,0.0,29,2016-02-29,337.0
PC201708,PC201708-1102,1,Vehicle Control,F,0.0,36,2016-03-07,274.0
PC201708,PC201708-1102,1,Vehicle Control,F,0.0,43,2016-03-14,365.0
PC201708,PC201708-1102,1,Vehicle Control,F,0.0,50,2016-03-21,341.0
PC201708,PC201708-1102,1,Vehicle Control,F,0.0,57,2016-03-28,378.0
PC201708,PC201708-1102,1,Vehicle Control,F,0.0,64,2016-04-04,320.0
PC201708,PC201708-1102,1,Vehicle Control,F,0.0,71,2016-04-11,377.0
PC201708,PC201708-1102,1,Vehicle Control,F,0.0,78,2016-04-18,352.0
PC201708,PC201708-1102,1,Vehicle Control,F,0.0,85,2016-04-25,396.0
PC201708,PC201708-1102,1,Vehicle Control,F,0.0,92,2016-05-02,338.0
PC201708,PC201708-1103,1,Vehicle Control,F,0.0,1,2016-02-01,232.0
PC201708,PC201708-1103,1,Vehicle Control,F,0.0,8,2016-02-08,289.0
PC201708,PC201708-1103,1,Vehicle Control,F,0.0,15,2016-02-15,304.0
PC201708,PC201708-1103,1,Vehicle Control,F,0.0,22,2016-02-22,308.0
PC201708,PC201708-1103,1,Vehicle Control,F,0.0,29,2016-02-29,294.0
PC201708,PC201708-1103,1,Vehicle Control,F,0.0,36,2016-03-07,314.0
PC201708,PC201708-1103,1,Vehicle Control,F,0.0,43,2016-03-14,285.0
PC201708,PC201708-1103,1,Vehicle Control,F,0.0,50,2016-03-21,373.0
PC201708,PC201708-1103,1,Vehicle Control,F,0.0,57,2016-03-28,287.0
PC201708,PC201708-1103,1,Vehicle Control,F,0.0,64,2016-04-04,389.0
PC201708,PC201708-1103,1,Vehicle Control,F,0.0,71,2016-04-11,330.0
PC201708,PC201708-1103,1,Vehicle Control,F,0.0,78,2016-04-18,339.0
PC201708,PC201708-1103,1,Vehicle Control,F,0.0,85,2016-04-25,355.0
PC201708,PC201708-1103,1,Vehicle Control,F,0.0,92,2016-05-02,319.0
PC201708,PC201708-1104,1,Vehicle Control,F,0.0,1,2016-02-01,246.0
PC201708,PC201708-1104,1,Vehicle Control,F,0.0,8,2016-02-08,271.0
PC201708,PC201708-1104,1,Vehicle Control,F,0.0,15,2016-02-15,307.0
PC201708,PC201708-1104,1,Vehicle Control,F,0.0,22,2016-02-22,301.0
PC201708,PC201708-1104,1,Vehicle Control,F,0.0,29,2016-02-29,289.0
PC201708,PC201708-1104,1,Vehicle Control,F,0.0,36,2016-03-07,352.0
PC201708,PC201708-1104,1,Vehicle Control,F,0.0,43,2016-03-14,367.0
PC201708,PC201708-1104,1,Vehicle Control,F,0.0,50,2016-03-21,308.0
PC201708,PC201708-1104,1,Vehicle Control,F,0.0,57,2016-03-28,314.0
PC201708,PC201708-1104,1,Vehicle Control,F,0.0,64,2016-04-04,299.0
PC201708,PC201708-1104,1,Vehicle Control,F,0.0,71,2016-04-11,302.0
PC201708,PC201708-1104,1,Vehicle Control,F,0.0,78,2016-04-18,341.0
PC201708,PC201708-1104,1,Vehicle Control,F,0.0,85,2016-04-25,328.0
PC201708,PC201708-1104,1,Vehicle Control,F,0.0,92,2016-05-02,396.0
PC201708,PC201708-1105,1,Vehicle Control,F,0.0,1,2016-02-01,240.0
PC201708,PC201708-1105,1,Vehicle Control,F,0.0,8,2016-02-08,294.0
PC201708,PC201708-1105,1,Vehicle Control,F,0.0,15,2016-02-15,281.0
PC201708,PC201708-1105,1,Vehicle Control,F,0.0,22,2016-02-22,333.0
PC201708,PC201708-1105,1,Vehicle Control,F,0.0,29,2016-02-29,291.0
PC201708,PC201708-1105,1,Vehicle Control,F,0.0,36,2016-03-07,305.0
PC201708,PC201708-1105,1,Vehicle Control,F,0.0,43,2016-03-14,324.0
PC201708,PC201708-1105,1,Vehicle Control,F,0.0,50,2016-03-21,323.0
PC201708,PC201708-1105,1,Vehicle Control,F,0.0,57,2016-03-28,305.0
PC201708,PC201708-1105,1,Vehicle Control,F,0.0,64,2016-04-04,345.0
PC201708,PC201708-1105,1,Vehicle Control,F,0.0,71,2016-04-11,335.0
PC201708,PC201708-1105,1,Vehicle Control,F,0.0,78,2016-04-18,300.0
PC201708,PC201708-1105,1,Vehicle Control,F,0.0,85,2016-04-25,301.0
PC201708,PC201708-1105,1,Vehicle Control,F,0.0,92,2016-05-02,355.0
PC201708,PC201708-1106,1,Vehicle Control,F,0.0,1,2016-02-01,246.0
PC201708,PC201708-1106,1,Vehicle Control,F,0.0,8,2016-02-08,252.0
PC201708,PC201708-1106,1,Vehicle Control,F,0.0,15,2016-02-15,304.0
PC201708,PC201708-1106,1,Vehicle Control,F,0.0,22,2016-02-22,280.0
PC201708,PC201708-1106,1,Vehicle Control,F,0.0,29,2016-02-29,323.0
PC201708,PC201708-1106,1,Vehicle Control,F,0.0,36,2016-03-07,332.0
PC201708,PC201708-1106,1,Vehicle Control,F,0.0,43,2016-03-14,338.0
PC201708,PC201708-1106,1,Vehicle Control,F,0.0,50,2016-03-21,307.0
PC201708,PC201708-1106,1,Vehicle Control,F,0.0,57,2016-03-28,309.0
PC201708,PC201708-1106,1,Vehicle Control,F,0.0,64,2016-04-04,295.0
PC201708,PC201708-1106,1,Vehicle Control,F,0.0,71,2016-04-11,377.0
PC201708,PC201708-1106,1,Vehicle Control,F,0.0,78,2016-04-18,385.0
PC201708,PC201708-1106,1,Vehicle Control,F,0.0,85,2016-04-25,323.0
PC201708,PC201708-1106,1,Vehicle Control,F,0.0,92,2016-05-02,345.0
PC201708,PC201708-1107,1,Vehicle Control,F,0.0,1,2016-02-01,239.0
PC201708,PC201708-1107,1,Vehicle Control,F,0.0,8,2016-02-08,283.0
PC201708,PC201708-1107,1,Vehicle Control,F,0.0,15,2016-02-15,301.0
PC201708,PC201708-1107,1,Vehicle Control,F,0.0,22,2016-02-22,306.0
PC201708,PC201708-1107,1,Vehicle Control,F,0.0,29,2016-02-29,289.0
PC201708,PC201708-1107,1,Vehicle Control,F,0.0,36,2016-03-07,277.0
PC201708,PC201708-1107,1,Vehicle Control,F,0.0,43,2016-03-14,326.0
PC201708,PC201708-1107,1,Vehicle Control,F,0.0,50,2016-03-21,334.0
PC201708,PC201708-1107,1,Vehicle Control,F,0.0,57,2016-03-28,381.0
PC201708,PC201708-1107,1,Vehicle Control,F,0.0,64,2016-04-04,345.0
PC201708,PC201708-1107,1,Vehicle Control,F,0.0,71,2016-04-11,337.0
PC201708,PC201708-1107,1,Vehicle Control,F,0.0,78,2016-04-18,374.0
PC201708,PC201708-1107,1,Vehicle Control,F,0.0,85,2016-04-25,360.0
PC201708,PC201708-1107,1,Vehicle Control,F,0.0,92,2016-05-02,398.0
PC201708,PC201708-1108,1,Vehicle Control,F,0.0,1,2016-02-01,242.0
PC201708,PC201708-1108,1,Vehicle Control,F,0.0,8,2016-02-08,277.0
PC201708,PC201708-1108,1,Vehicle Control,F,0.0,15,2016-02-15,275.0
PC201708,PC201708-1108,1,Vehicle Control,F,0.0,22,2016-02-22,284.0
PC201708,PC201708-1108,1,Vehicle Control,F,0.0,29,2016-02-29,309.0
PC201708,PC201708-1108,1,Vehicle Control,F,0.0,36,2016-03-07,337.0
PC201708,PC201708-1108,1,Vehicle Control,F,0.0,43,2016-03-14,356.0
PC201708,PC201708-1108,1,Vehicle Control,F,0.0,50,2016-03-21,296.0
PC201708,PC201708-1108,1,Vehicle Control,F,0.0,57,2016-03-28,349.0
PC201708,PC201708-1108,1,Vehicle Control,F,0.0,64,2016-04-04,351.0
PC201708,PC201708-1108,1,Vehicle Control,F,0.0,71,2016-04-11,319.0
PC201708,PC201708-1108,1,Vehicle Control,F,0.0,78,2016-04-18,321.0
PC201708,PC201708-1108,1,Vehicle Control,F,0.0,85,2016-04-25,399.0
PC201708,PC201708-1108,1,Vehicle Control,F,0.0,92,2016-05-02,356.0
PC201708,PC201708-1109,1,Vehicle Control,F,0.0,1,2016-02-01,231.0
PC201708,PC201708-1109,1,Vehicle Control,F,0.0,8,2016-02-08,264.0
PC201708,PC201708-1109,1,Vehicle Control,F,0.0,15,2016-02-15,302.0
PC201708,PC201708-1109,1,Vehicle Control,F,0.0,22,2016-02-22,334.0
PC201708,PC201708-1109,1,Vehicle Control,F,0.0,29,2016-02-29,323.0
PC201708,PC201708-1109,1,Vehicle Control,F,0.0,36,2016-03-07,266.0
PC201708,PC201708-1109,1,Vehicle Control,F,0.0,43,2016-03-14,275.0
PC201708,PC201708-1109,1,Vehicle Control,F,0.0,50,2016-03-21,289.0
PC201708,PC201708-1109,1,Vehicle Control,F,0.0,57,2016-03-28,288.0
PC201708,PC201708-1109,1,Vehicle Control,F,0.0,64,2016-04-04,291.0
PC201708,PC201708-1109,1,Vehicle Control,F,0.0,71,2016-04-11,309.0
PC201708,PC201708-1109,1,Vehicle Control,F,0.0,78,2016-04-18,329.0
PC201708,PC201708-1109,1,Vehicle Control,F,0.0,85,2016-04-25,329.0
PC201708,PC201708-1109,1,Vehicle Control,F,0.0,92,2016-05-02,364.0
PC201708,PC201708-1110,1,Vehicle Control,F,0.0,1,2016-02-01,268.0
PC201708,PC201708-1110,1,Vehicle Control,F,0.0,8,2016-02-08,300.0
PC201708,PC201708-1110,1,Vehicle Control,F,0.0,15,2016-02-15,282.0
PC201708,PC201708-1110,1,Vehicle Control,F,0.0,22,2016-02-22,273.0
PC201708,PC201708-1110,1,Vehicle Control,F,0.0,29,2016-02-29,306.0
PC201708,PC201708-1110,1,Vehicle Control,F,0.0,36,2016-03-07,321.0
PC201708,PC201708-1110,1,Vehicle Control,F,0.0,43,2016-03-14,357.0
PC201708,PC201708-1110,1,Vehicle Control,F,0.0,50,2016-03-21,300.0
PC201708,PC201708-1110,1,Vehicle Control,F,0.0,57,2016-03-28,357.0
PC201708,PC201708-1110,1,Vehicle Control,F,0.0,64,2016-04-04,346.0
PC201708,PC201708-1110,1,Vehicle Control,F,0.0,71,2016-04-11,326.0
PC201708,PC201708-1110,1,Vehicle Control,F,0.0,78,2016-04-18,395.0
PC201708,PC201708-1110,1,Vehicle Control,F,0.0,85,2016-04-25,381.0
PC201708,PC201708-1110,1,Vehicle Control,F,0.0,92,2016-05-02,344.0
PC201708,PC201708-1111,1,Vehicle Control,F,0.0,1,2016-02-01,266.0
PC201708,PC201708-1111,1,Vehicle Control,F,0.0,8,2016-02-08,270.0
PC201708,PC201708-1111,1,Vehicle Control,F,0.0,15,2016-02-15,267.0
PC201708,PC201708-1111,1,Vehicle Control,F,0.0,22,2016-02-22,314.0
PC201708,PC201708-1111,1,Vehicle Control,F,0.0,29,2016-02-29,326.0
PC201708,PC201708-1111,1,Vehicle Control,F,0.0,36,2016-03-07,298.0
PC201708,PC201708-1111,1,Vehicle Control,F,0.0,43,2016-03-14,297.0
PC201708,PC201708-1111,1,Vehicle Control,F,0.0,50,2016-03-21,333.0
PC201708,PC201708-1111,1,Vehicle Control,F,0.0,57,2016-03-28,384.0
PC201708,PC201708-1111,1,Vehicle Control,F,0.0,64,2016-04-04,356.0
PC201708,PC201708-1111,1,Vehicle Control,F,0.0,71,2016-04-11,351.0
PC201708,PC201708-1111,1,Vehicle Control,F,0.0,78,2016-04-18,344.0
PC201708,PC201708-1111,1,Vehicle Control,F,0.0,85,2016-04-25,368.0
PC201708,PC201708-1111,1,Vehicle Control,F,0.0,92,2016-05-02,328.0
PC201708,PC201708-1111,1,Vehicle Control,F,0.0,99,2016-05-09,406.0
PC201708,PC201708-1111,1,Vehicle Control,F,0.0,106,2016-05-16,429.0
PC201708,PC201708-1112,1,Vehicle Control,F,0.0,1,2016-02-01,252.0
PC201708,PC201708-1112,1,Vehicle Control,F,0.0,8,2016-02-08,290.0
PC201708,PC201708-1112,1,Vehicle Control,F,0.0,15,2016-02-15,274.0
PC201708,PC201708-1112,1,Vehicle Control,F,0.0,22,2016-02-22,305.0
PC201708,PC201708-1112,1,Vehicle Control,F,0.0,29,2016-02-29,273.0
PC201708,PC201708-1112,1,Vehicle Control,F,0.0,36,2016-03-07,263.0
PC201708,PC201708-1112,1,Vehicle Control,F,0.0,43,2016-03-14,341.0
PC201708,PC201708-1112,1,Vehicle Control,F,0.0,50,2016-03-21,358.0
PC201708,PC201708-1112,1,Vehicle Control,F,0.0,57,2016-03-28,317.0
PC201708,PC201708-1112,1,Vehicle Control,F,0.0,64,2016-04-04,377.0
PC201708,PC201708-1112,1,Vehicle Control,F,0.0,71,2016-04-11,369.0
PC201708,PC201708-1112,1,Vehicle Control,F,0.0,78,2016-04-18,317.0
PC201708,PC201708-1112,1,Vehicle Control,F,0.0,85,2016-04-25,342.0
PC201708,PC201708-1112,1,Vehicle Control,F,0.0,92,2016-05-02,408.0
PC201708,PC201708-1112,1,Vehicle Control,F,0.0,99,2016-05-09,346.0
PC201708,PC201708-1112,1,Vehicle Control,F,0.0,106,2016-05-16,423.0
PC201708,PC201708-1113,1,Vehicle Control,F,0.0,1,2016-02-01,244.0
PC201708,PC201708-1113,1,Vehicle Control,F,0.0,8,2016-02-08,265.0
PC201708,PC201708-1113,1,Vehicle Control,F,0.0,15,2016-02-15,318.0
PC201708,PC201708-1113,1,Vehicle Control,F,0.0,22,2016-02-22,266.0
PC201708,PC201708-1113,1,Vehicle Control,F,0.0,29,2016-02-29,272.0
PC201708,PC201708-1113,1,Vehicle Control,F,0.0,36,2016-03-07,270.0
PC201708,PC201708-1113,1,Vehicle Control,F,0.0,43,2016-03-14,353.0
PC201708,PC201708-1113,1,Vehicle Control,F,0.0,50,2016-03-21,362.0
PC201708,PC201708-1113,1,Vehicle Control,F,0.0,57,2016-03-28,325.0
PC201708,PC201708-1113,1,Vehicle Control,F,0.0,64,2016-04-04,287.0
PC201708,PC201708-1113,1,Vehicle Control,F,0.0,71,2016-04-11,354.0
PC201708,PC201708-1113,1,Vehicle Control,F,0.0,78,2016-04-18,323.0
PC201708,PC201708-1113,1,Vehicle Control,F,0.0,85,2016-04-25,331.0
PC201708,PC201708-1113,1,Vehicle Control,F,0.0,92,2016-05-02,360.0
PC201708,PC201708-1113,1,Vehicle Control,F,0.0,99,2016-05-09,352.0
PC201708,PC201708-1113,1,Vehicle Control,F,0.0,106,2016-05-16,427.0
PC201708,PC201708-1114,1,Vehicle Control,F,0.0,1,2016-02-01,230.0
PC201708,PC201708-1114,1,Vehicle Control,F,0.0,8,2016-02-08,282.0
PC201708,PC201708-1114,1,Vehicle Control,F,0.0,15,2016-02-15,295.0
PC201708,PC201708-1114,1,Vehicle Control,F,0.0,22,2016-02-22,272.0
PC201708,PC201708-1114,1,Vehicle Control,F,0.0,29,2016-02-29,278.0
PC201708,PC201708-1114,1,Vehicle Control,F,0.0,36,2016-03-07,301.0
PC201708,PC201708-1114,1,Vehicle Control,F,0.0,43,2016-03-14,320.0
PC201708,PC201708-1114,1,Vehicle Control,F,0.0,50,2016-03-21,317.0
PC201708,PC201708-1114,1,Vehicle Control,F,0.0,57,2016-03-28,322.0
PC201708,PC201708-1114,1,Vehicle Control,F,0.0,64,2016-04-04,300.0
PC201708,PC201708-1114,1,Vehicle Control,F,0.0,71,2016-04-11,363.0
PC201708,PC201708-1114,1,Vehicle Control,F,0.0,78,2016-04-18,383.0
PC201708,PC201708-1114,1,Vehicle Control,F,0.0,85,2016-04-25,373.0
PC201708,PC201708-1114,1,Vehicle Control,F,0.0,92,2016-05-02,367.0
PC201708,PC201708-1114,1,Vehicle Control,F,0.0,99,2016-05-09,345.0
PC201708,PC201708-1114,1,Vehicle Control,F,0.0,106,2016-05-16,336.0
PC201708,PC201708-1115,1,Vehicle Control,F,0.0,1,2016-02-01,246.0
PC201708,PC201708-1115,1,Vehicle Control,F,0.0,8,2016-02-08,272.0
PC201708,PC201708-1115,1,Vehicle Control,F,0.0,15,2016-02-15,294.0
PC201708,PC201708-1115,1,Vehicle Control,F,0.0,22,2016-02-22,297.0
PC201708,PC201708-1115,1,Vehicle Control,F,0.0,29,2016-02-29,304.0
PC201708,PC201708-1115,1,Vehicle Control,F,0.0,36,2016-03-07,360.0
PC201708,PC201708-1115,1,Vehicle Control,F,0.0,43,2016-03-14,316.0
PC201708,PC201708-1115,1,Vehicle Control,F,0.0,50,2016-03-21,350.0
PC201708,PC201708-1115,1,Vehicle Control,F,0.0,57,2016-03-28,291.0
PC201708,PC201708-1115,1,Vehicle Control,F,0.0,64,2016-04-04,323.0
PC201708,PC201708-1115,1,Vehicle Control,F,0.0,71,2016-04-11,305.0
PC201708,PC201708-1115,1,Vehicle Control,F,0.0,78,2016-04-18,322.0
PC201708,PC201708-1115,1,Vehicle Control,F,0.0,85,2016-04-25,395.0
PC201708,PC201708-1115,1,Vehicle Control,F,0.0,92,2016-05-02,370.0
PC201708,PC201708-1115,1,Vehicle Control,F,0.0,99,2016-05-09,342.0
PC201708,PC201708-1115,1,Vehicle Control,F,0.0,106,2016-05-16,351.0
PC201708,PC201708-2001,2,2 mg/kg PCDRUG,M,2.0,1,2016-02-01,335.0
PC201708,PC201708-2001,2,2 mg/kg PCDRUG,M,2.0,8,2016-02-08,374.0
PC201708,PC201708-2001,2,2 mg/kg PCDRUG,M,2.0,15,2016-02-15,405.0
PC201708,PC201708-2001,2,2 mg/kg PCDRUG,M,2.0,22,2016-02-22,459.0
PC201708,PC201708-2001,2,2 mg/kg PCDRUG,M,2.0,29,2016-02-29,479.0
PC201708,PC201708-2001,2,2 mg/kg PCDRUG,M,2.0,36,2016-03-07,518.0
PC201708,PC201708-2001,2,2 mg/kg PCDRUG,M,2.0,43,2016-03-14,455.0
PC201708,PC201708-2001,2,2 mg/kg PCDRUG,M,2.0,50,2016-03-21,449.0
PC201708,PC201708-2001,2,2 mg/kg PCDRUG,M,2.0,57,2016-03-28,527.0
PC201708,PC201708-2001,2,2 mg/kg PCDRUG,M,2.0,64,2016-04-04,458.0
PC201708,PC201708-2001,2,2 mg/kg PCDRUG,M,2.0,71,2016-04-11,502.0
PC201708,PC201708-2001,2,2 mg/kg PCDRUG,M,2.0,78,2016-04-18,495.0
PC201708,PC201708-2001,2,2 mg/kg PCDRUG,M,2.0,85,2016-04-25,484.0
PC201708,PC201708-2001,2,2 mg/kg PCDRUG,M,2.0,92,2016-05-02,558.0
PC201708,PC201708-2002,2,2 mg/kg PCDRUG,M,2.0,1,2016-02-01,336.0
PC201708,PC201708-2002,2,2 mg/kg PCDRUG,M,2.0,8,2016-02-08,354.0
PC201708,PC201708-2002,2,2 mg/kg PCDRUG,M,2.0,15,2016-02-15,414.0
PC201708,PC201708-2002,2,2 mg/kg PCDRUG,M,2.0,22,2016-02-22,436.0
PC201708,PC201708-2002,2,2 mg/kg PCDRUG,M,2.0,29,2016-02-29,494.0
PC201708,PC201708-2002,2,2 mg/kg PCDRUG,M,2.0,36,2016-03-07,450.0
PC201708,PC201708-2002,2,2 mg/kg PCDRUG,M,2.0,43,2016-03-14,448.0
PC201708,PC201708-2002,2,2 mg/kg PCDRUG,M,2.0,50,2016-03-21,481.0
PC201708,PC201708-2002,2,2 mg/kg PCDRUG,M,2.0,57,2016-03-28,448.0
PC201708,PC201708-2002,2,2 mg/kg PCDRUG,M,2.0,64,2016-04-04,497.0
PC201708,PC201708-2002,2,2 mg/kg PCDRUG,M,2.0,71,2016-04-11,512.0
PC201708,PC201708-2002,2,2 mg/kg PCDRUG,M,2.0,78,2016-04-18,514.0
PC201708,PC201708-2002,2,2 mg/kg PCDRUG,M,2.0,85,2016-04-25,554.0
PC201708,PC201708-2002,2,2 mg/kg PCDRUG,M,2.0,92,2016-05-02,559.0
PC201708,PC201708-2003,2,2 mg/kg PCDRUG,M,2.0,1,2016-02-01,335.0
PC201708,PC201708-2003,2,2 mg/kg PCDRUG,M,2.0,8,2016-02-08,354.0
PC201708,PC201708-2003,2,2 mg/kg PCDRUG,M,2.0,15,2016-02-15,420.0
PC201708,PC201708-2003,2,2 mg/kg PCDRUG,M,2.0,22,2016-02-22,421.0
PC201708,PC201708-2003,2,2 mg/kg PCDRUG,M,2.0,29,2016-02-29,464.0
PC201708,PC201708-2003,2,2 mg/kg PCDRUG,M,2.0,36,2016-03-07,449.0
PC201708,PC201708-2003,2,2 mg/kg PCDRUG,M,2.0,43,2016-03-14,430.0
PC201708,PC201708-2003,2,2 mg/kg PCDRUG,M,2.0,50,2016-03-21,549.0
PC201708,PC201708-2003,2,2 mg/kg PCDRUG,M,2.0,57,2016-03-28,464.0
PC201708,PC201708-2003,2,2 mg/kg PCDRUG,M,2.0,64,2016-04-04,475.0
PC201708,PC201708-2003,2,2 mg/kg PCDRUG,M,2.0,71,2016-04-11,481.0
PC201708,PC201708-2003,2,2 mg/kg PCDRUG,M,2.0,78,2016-04-18,554.0
PC201708,PC201708-2003,2,2 mg/kg PCDRUG,M,2.0,85,2016-04-25,460.0
PC201708,PC201708-2003,2,2 mg/kg PCDRUG,M,2.0,92,2016-05-02,518.0
PC201708,PC201708-2004,2,2 mg/kg PCDRUG,M,2.0,1,2016-02-01,316.0
PC201708,PC201708-2004,2,2 mg/kg PCDRUG,M,2.0,8,2016-02-08,383.0
PC201708,PC201708-2004,2,2 mg/kg PCDRUG,M,2.0,15,2016-02-15,396.0
PC201708,PC201708-2004,2,2 mg/kg PCDRUG,M,2.0,22,2016-02-22,466.0
PC201708,PC201708-2004,2,2 mg/kg PCDRUG,M,2.0,29,2016-02-29,509.0
PC201708,PC201708-2004,2,2 mg/kg PCDRUG,M,2.0,36,2016-03-07,536.0
PC201708,PC201708-2004,2,2 mg/kg PCDRUG,M,2.0,43,2016-03-14,496.0
PC201708,PC201708-2004,2,2 mg/kg PCDRUG,M,2.0,50,2016-03-21,476.0
PC201708,PC201708-2004,2,2 mg/kg PCDRUG,M,2.0,57,2016-03-28,450.0
PC201708,PC201708-2004,2,2 mg/kg PCDRUG,M,2.0,64,2016-04-04,517.0
PC201708,PC201708-2004,2,2 mg/kg PCDRUG,M,2.0,71,2016-04-11,542.0
PC201708,PC201708-2004,2,2 mg/kg PCDRUG,M,2.0,78,2016-04-18,500.0
PC201708,PC201708-2004,2,2 mg/kg PCDRUG,M,2.0,85,2016-04-25,465.0
PC201708,PC201708-2004,2,2 mg/kg PCDRUG,M,2.0,92,2016-05-02,557.0
PC201708,PC201708-2005,2,2 mg/kg PCDRUG,M,2.0,1,2016-02-01,347.0
PC201708,PC201708-2005,2,2 mg/kg PCDRUG,M,2.0,8,2016-02-08,378.0
PC201708,PC201708-2005,2,2 mg/kg PCDRUG,M,2.0,15,2016-02-15,393.0
PC201708,PC201708-2005,2,2 mg/kg PCDRUG,M,2.0,22,2016-02-22,454.0
PC201708,PC201708-2005,2,2 mg/kg PCDRUG,M,2.0,29,2016-02-29,459.0
PC201708,PC201708-2005,2,2 mg/kg PCDRUG,M,2.0,36,2016-03-07,462.0
PC201708,PC201708-2005,2,2 mg/kg PCDRUG,M,2.0,43,2016-03-14,491.0
PC201708,PC201708-2005,2,2 mg/kg PCDRUG,M,2.0,50,2016-03-21,528.0
PC201708,PC201708-2005,2,2 mg/kg PCDRUG,M,2.0,57,2016-03-28,501.0
PC201708,PC201708-2005,2,2 mg/kg PCDRUG,M,2.0,64,2016-04-04,495.0
PC201708,PC201708-2005,2,2 mg/kg PCDRUG,M,2.0,71,2016-04-11,533.0
PC201708,PC201708-2005,2,2 mg/kg PCDRUG,M,2.0,78,2016-04-18,550.0
PC201708,PC201708-2005,2,2 mg/kg PCDRUG,M,2.0,85,2016-04-25,510.0
PC201708,PC201708-2005,2,2 mg/kg PCDRUG,M,2.0,92,2016-05-02,562.0
PC201708,PC201708-2006,2,2 mg/kg PCDRUG,M,2.0,1,2016-02-01,312.0
PC201708,PC201708-2006,2,2 mg/kg PCDRUG,M,2.0,8,2016-02-08,389.0
PC201708,PC201708-2006,2,2 mg/kg PCDRUG,M,2.0,15,2016-02-15,397.0
PC201708,PC201708-2006,2,2 mg/kg PCDRUG,M,2.0,22,2016-02-22,422.0
PC201708,PC201708-2006,2,2 mg/kg PCDRUG,M,2.0,29,2016-02-29,474.0
PC201708,PC201708-2006,2,2 mg/kg PCDRUG,M,2.0,36,2016-03-07,443.0
PC201708,PC201708-2006,2,2 mg/kg PCDRUG,M,2.0,43,2016-03-14,548.0
PC201708,PC201708-2006,2,2 mg/kg PCDRUG,M,2.0,50,2016-03-21,443.0
PC201708,PC201708-2006,2,2 mg/kg PCDRUG,M,2.0,57,2016-03-28,538.0
PC201708,PC201708-2006,2,2 mg/kg PCDRUG,M,2.0,64,2016-04-04,520.0
PC201708,PC201708-2006,2,2 mg/kg PCDRUG,M,2.0,71,2016-04-11,515.0
PC201708,PC201708-2006,2,2 mg/kg PCDRUG,M,2.0,78,2016-04-18,476.0
PC201708,PC201708-2006,2,2 mg/kg PCDRUG,M,2.0,85,2016-04-25,508.0
PC201708,PC201708-2006,2,2 mg/kg PCDRUG,M,2.0,92,2016-05-02,531.0
PC201708,PC201708-2007,2,2 mg/kg PCDRUG,M,2.0,1,2016-02-01,336.0
PC201708,PC201708-2007,2,2 mg/kg PCDRUG,M,2.0,8,2016-02-08,380.0
PC201708,PC201708-2007,2,2 mg/kg PCDRUG,M,2.0,15,2016-02-15,408.0
PC201708,PC201708-2007,2,2 mg/kg PCDRUG,M,2.0,22,2016-02-22,472.0
PC201708,PC201708-2007,2,2 mg/kg PCDRUG,M,2.0,29,2016-02-29,476.0
PC201708,PC201708-2007,2,2 mg/kg PCDRUG,M,2.0,36,2016-03-07,547.0
PC201708,PC201708-2007,2,2 mg/kg PCDRUG,M,2.0,43,2016-03-14,465.0
PC201708,PC201708-2007,2,2 mg/kg PCDRUG,M,2.0,50,2016-03-21,451.0
PC201708,PC201708-2007,2,2 mg/kg PCDRUG,M,2.0,57,2016-03-28,535.0
PC201708,PC201708-2007,2,2 mg/kg PCDRUG,M,2.0,64,2016-04-04,518.0
PC201708,PC201708-2007,2,2 mg/kg PCDRUG,M,2.0,71,2016-04-11,521.0
PC201708,PC201708-2007,2,2 mg/kg PCDRUG,M,2.0,78,2016-04-18,472.0
PC201708,PC201708-2007,2,2 mg/kg PCDRUG,M,2.0,85,2016-04-25,544.0
PC201708,PC201708-2007,2,2 mg/kg PCDRUG,M,2.0,92,2016-05-02,534.0
PC201708,PC201708-2008,2,2 mg/kg PCDRUG,M,2.0,1,2016-02-01,334.0
PC201708,PC201708-2008,2,2 mg/kg PCDRUG,M,2.0,8,2016-02-08,392.0
PC201708,PC201708-2008,2,2 mg/kg PCDRUG,M,2.0,15,2016-02-15,414.0
PC201708,PC201708-2008,2,2 mg/kg PCDRUG,M,2.0,22,2016-02-22,472.0
PC201708,PC201708-2008,2,2 mg/kg PCDRUG,M,2.0,29,2016-02-29,440.0
PC201708,PC201708-2008,2,2 mg/kg PCDRUG,M,2.0,36,2016-03-07,486.0
PC201708,PC201708-2008,2,2 mg/kg PCDRUG,M,2.0,43,2016-03-14,520.0
PC201708,PC201708-2008,2,2 mg/kg PCDRUG,M,2.0,50,2016-03-21,474.0
PC201708,PC201708-2008,2,2 mg/kg PCDRUG,M,2.0,57,2016-03-28,522.0
PC201708,PC201708-2008,2,2 mg/kg PCDRUG,M,2.0,64,2016-04-04,489.0
PC201708,PC201708-2008,2,2 mg/kg PCDRUG,M,2.0,71,2016-04-11,526.0
PC201708,PC201708-2008,2,2 mg/kg PCDRUG,M,2.0,78,2016-04-18,475.0
PC201708,PC201708-2008,2,2 mg/kg PCDRUG,M,2.0,85,2016-04-25,484.0
PC201708,PC201708-2008,2,2 mg/kg PCDRUG,M,2.0,92,2016-05-02,566.0
PC201708,PC201708-2009,2,2 mg/kg PCDRUG,M,2.0,1,2016-02-01,330.0
PC201708,PC201708-2009,2,2 mg/kg PCDRUG,M,2.0,8,2016-02-08,364.0
PC201708,PC201708-2009,2,2 mg/kg PCDRUG,M,2.0,15,2016-02-15,395.0
PC201708,PC201708-2009,2,2 mg/kg PCDRUG,M,2.0,22,2016-02-22,440.0
PC201708,PC201708-2009,2,2 mg/kg PCDRUG,M,2.0,29,2016-02-29,500.0
PC201708,PC201708-2009,2,2 mg/kg PCDRUG,M,2.0,36,2016-03-07,491.0
PC201708,PC201708-2009,2,2 mg/kg PCDRUG,M,2.0,43,2016-03-14,485.0
PC201708,PC201708-2009,2,2 mg/kg PCDRUG,M,2.0,50,2016-03-21,536.0
PC201708,PC201708-2009,2,2 mg/kg PCDRUG,M,2.0,57,2016-03-28,528.0
PC201708,PC201708-2009,2,2 mg/kg PCDRUG,M,2.0,64,2016-04-04,506.0
PC201708,PC201708-2009,2,2 mg/kg PCDRUG,M,2.0,71,2016-04-11,543.0
PC201708,PC201708-2009,2,2 mg/kg PCDRUG,M,2.0,78,2016-04-18,558.0
PC201708,PC201708-2009,2,2 mg/kg PCDRUG,M,2.0,85,2016-04-25,486.0
PC201708,PC201708-2009,2,2 mg/kg PCDRUG,M,2.0,92,2016-05-02,522.0
PC201708,PC201708-2010,2,2 mg/kg PCDRUG,M,2.0,1,2016-02-01,332.0
PC201708,PC201708-2010,2,2 mg/kg PCDRUG,M,2.0,8,2016-02-08,347.0
PC201708,PC201708-2010,2,2 mg/kg PCDRUG,M,2.0,15,2016-02-15,397.0
PC201708,PC201708-2010,2,2 mg/kg PCDRUG,M,2.0,22,2016-02-22,461.0
PC201708,PC201708-2010,2,2 mg/kg PCDRUG,M,2.0,29,2016-02-29,491.0
PC201708,PC201708-2010,2,2 mg/kg PCDRUG,M,2.0,36,2016-03-07,451.0
PC201708,PC201708-2010,2,2 mg/kg PCDRUG,M,2.0,43,2016-03-14,492.0
PC201708,PC201708-2010,2,2 mg/kg PCDRUG,M,2.0,50,2016-03-21,478.0
PC201708,PC201708-2010,2,2 mg/kg PCDRUG,M,2.0,57,2016-03-28,504.0
PC201708,PC201708-2010,2,2 mg/kg PCDRUG,M,2.0,64,2016-04-04,486.0
PC201708,PC201708-2010,2,2 mg/kg PCDRUG,M,2.0,71,2016-04-11,532.0
PC201708,PC201708-2010,2,2 mg/kg PCDRUG,M,2.0,78,2016-04-18,550.0
PC201708,PC201708-2010,2,2 mg/kg PCDRUG,M,2.0,85,2016-04-25,562.0
PC201708,PC201708-2010,2,2 mg/kg PCDRUG,M,2.0,92,2016-05-02,537.0
PC201708,PC201708-2011,2,2 mg/kg PCDRUG,M,2.0,1,2016-02-01,349.0
PC201708,PC201708-2011,2,2 mg/kg PCDRUG,M,2.0,8,2016-02-08,387.0
PC201708,PC201708-2011,2,2 mg/kg PCDRUG,M,2.0,15,2016-02-15,417.0
PC201708,PC201708-2011,2,2 mg/kg PCDRUG,M,2.0,22,2016-02-22,421.0
PC201708,PC201708-2011,2,2 mg/kg PCDRUG,M,2.0,29,2016-02-29,485.0
PC201708,PC201708-2011,2,2 mg/kg PCDRUG,M,2.0,36,2016-03-07,504.0
PC201708,PC201708-2011,2,2 mg/kg PCDRUG,M,2.0,43,2016-03-14,501.0
PC201708,PC201708-2011,2,2 mg/kg PCDRUG,M,2.0,50,2016-03-21,511.0
PC201708,PC201708-2011,2,2 mg/kg PCDRUG,M,2.0,57,2016-03-28,541.0
PC201708,PC201708-2011,2,2 mg/kg PCDRUG,M,2.0,64,2016-04-04,463.0
PC201708,PC201708-2011,2,2 mg/kg PCDRUG,M,2.0,71,2016-04-11,477.0
PC201708,PC201708-2011,2,2 mg/kg PCDRUG,M,2.0,78,2016-04-18,526.0
PC201708,PC201708-2011,2,2 mg/kg PCDRUG,M,2.0,85,2016-04-25,484.0
PC201708,PC201708-2011,2,2 mg/kg PCDRUG,M,2.0,92,2016-05-02,506.0
PC201708,PC201708-2011,2,2 mg/kg PCDRUG,M,2.0,99,2016-05-09,500.0
PC201708,PC201708-2011,2,2 mg/kg PCDRUG,M,2.0,106,2016-05-16,551.0
PC201708,PC201708-2012,2,2 mg/kg PCDRUG,M,2.0,1,2016-02-01,330.0
PC201708,PC201708-2012,2,2 mg/kg PCDRUG,M,2.0,8,2016-02-08,345.0
PC201708,PC201708-2012,2,2 mg/kg PCDRUG,M,2.0,15,2016-02-15,410.0
PC201708,PC201708-2012,2,2 mg/kg PCDRUG,M,2.0,22,2016-02-22,429.0
PC201708,PC201708-2012,2,2 mg/kg PCDRUG,M,2.0,29,2016-02-29,468.0
PC201708,PC201708-2012,2,2 mg/kg PCDRUG,M,2.0,36,2016-03-07,541.0
PC201708,PC201708-2012,2,2 mg/kg PCDRUG,M,2.0,43,2016-03-14,526.0
PC201708,PC201708-2012,2,2 mg/kg PCDRUG,M,2.0,50,2016-03-21,492.0
PC201708,PC201708-2012,2,2 mg/kg PCDRUG,M,2.0,57,2016-03-28,485.0
PC201708,PC201708-2012,2,2 mg/kg PCDRUG,M,2.0,64,2016-04-04,476.0
PC201708,PC201708-2012,2,2 mg/kg PCDRUG,M,2.0,71,2016-04-11,498.0
PC201708,PC201708-2012,2,2 mg/kg PCDRUG,M,2.0,78,2016-04-18,560.0
PC201708,PC201708-2012,2,2 mg/kg PCDRUG,M,2.0,85,2016-04-25,501.0
PC201708,PC201708-2012,2,2 mg/kg PCDRUG,M,2.0,92,2016-05-02,480.0
PC201708,PC201708-2012,2,2 mg/kg PCDRUG,M,2.0,99,2016-05-09,478.0
PC201708,PC201708-2012,2,2 mg/kg PCDRUG,M,2.0,106,2016-05-16,564.0
PC201708,PC201708-2013,2,2 mg/kg PCDRUG,M,2.0,1,2016-02-01,332.0
PC201708,PC201708-2013,2,2 mg/kg PCDRUG,M,2.0,8,2016-02-08,381.0
PC201708,PC201708-2013,2,2 mg/kg PCDRUG,M,2.0,15,2016-02-15,418.0
PC201708,PC201708-2013,2,2 mg/kg PCDRUG,M,2.0,22,2016-02-22,428.0
PC201708,PC201708-2013,2,2 mg/kg PCDRUG,M,2.0,29,2016-02-29,441.0
PC201708,PC201708-2013,2,2 mg/kg PCDRUG,M,2.0,36,2016-03-07,437.0
PC201708,PC201708-2013,2,2 mg/kg PCDRUG,M,2.0,43,2016-03-14,436.0
PC201708,PC201708-2013,2,2 mg/kg PCDRUG,M,2.0,50,2016-03-21,509.0
PC201708,PC201708-2013,2,2 mg/kg PCDRUG,M,2.0,57,2016-03-28,549.0
PC201708,PC201708-2013,2,2 mg/kg PCDRUG,M,2.0,64,2016-04-04,490.0
PC201708,PC201708-2013,2,2 mg/kg PCDRUG,M,2.0,71,2016-04-11,544.0
PC201708,PC201708-2013,2,2 mg/kg PCDRUG,M,2.0,78,2016-04-18,537.0
PC201708,PC201708-2013,2,2 mg/kg PCDRUG,M,2.0,85,2016-04-25,477.0
PC201708,PC201708-2013,2,2 mg/kg PCDRUG,M,2.0,92,2016-05-02,470.0
PC201708,PC201708-2013,2,2 mg/kg PCDRUG,M,2.0,99,2016-05-09,509.0
PC201708,PC201708-2013,2,2 mg/kg PCDRUG,M,2.0,106,2016-05-16,513.0
PC201708,PC201708-2014,2,2 mg/kg PCDRUG,M,2.0,1,2016-02-01,334.0
PC201708,PC201708-2014,2,2 mg/kg PCDRUG,M,2.0,8,2016-02-08,369.0
PC201708,PC201708-2014,2,2 mg/kg PCDRUG,M,2.0,15,2016-02-15,408.0
PC201708,PC201708-2014,2,2 mg/kg PCDRUG,M,2.0,22,2016-02-22,448.0
PC201708,PC201708-2014,2,2 mg/kg PCDRUG,M,2.0,29,2016-02-29,505.0
PC201708,PC201708-2014,2,2 mg/kg PCDRUG,M,2.0,36,2016-03-07,525.0
PC201708,PC201708-2014,2,2 mg/kg PCDRUG,M,2.0,43,2016-03-14,480.0
PC201708,PC201708-2014,2,2 mg/kg PCDRUG,M,2.0,50,2016-03-21,486.0
PC201708,PC201708-2014,2,2 mg/kg PCDRUG,M,2.0,57,2016-03-28,495.0
PC201708,PC201708-2014,2,2 mg/kg PCDRUG,M,2.0,64,2016-04-04,505.0
PC201708,PC201708-2014,2,2 mg/kg PCDRUG,M,2.0,71,2016-04-11,515.0
PC201708,PC201708-2014,2,2 mg/kg PCDRUG,M,2.0,78,2016-04-18,544.0
PC201708,PC201708-2014,2,2 mg/kg PCDRUG,M,2.0,85,2016-04-25,524.0
PC201708,PC201708-2014,2,2 mg/kg PCDRUG,M,2.0,92,2016-05-02,563.0
PC201708,PC201708-2014,2,2 mg/kg PCDRUG,M,2.0,99,2016-05-09,531.0
PC201708,PC201708-2014,2,2 mg/kg PCDRUG,M,2.0,106,2016-05-16,561.0
PC201708,PC201708-2015,2,2 mg/kg PCDRUG,M,2.0,1,2016-02-01,322.0
PC201708,PC201708-2015,2,2 mg/kg PCDRUG,M,2.0,8,2016-02-08,361.0
PC201708,PC201708-2015,2,2 mg/kg PCDRUG,M,2.0,15,2016-02-15,430.0
PC201708,PC201708-2015,2,2 mg/kg PCDRUG,M,2.0,22,2016-02-22,470.0
PC201708,PC201708-2015,2,2 mg/kg PCDRUG,M,2.0,29,2016-02-29,505.0
PC201708,PC201708-2015,2,2 mg/kg PCDRUG,M,2.0,36,2016-03-07,435.0
PC201708,PC201708-2015,2,2 mg/kg PCDRUG,M,2.0,43,2016-03-14,502.0
PC201708,PC201708-2015,2,2 mg/kg PCDRUG,M,2.0,50,2016-03-21,436.0
PC201708,PC201708-2015,2,2 mg/kg PCDRUG,M,2.0,57,2016-03-28,546.0
PC201708,PC201708-2015,2,2 mg/kg PCDRUG,M,2.0,64,2016-04-04,511.0
PC201708,PC201708-2015,2,2 mg/kg PCDRUG,M,2.0,71,2016-04-11,544.0
PC201708,PC201708-2015,2,2 mg/kg PCDRUG,M,2.0,78,2016-04-18,531.0
PC201708,PC201708-2015,2,2 mg/kg PCDRUG,M,2.0,85,2016-04-25,478.0
PC201708,PC201708-2015,2,2 mg/kg PCDRUG,M,2.0,92,2016-05-02,522.0
PC201708,PC201708-2015,2,2 mg/kg PCDRUG,M,2.0,99,2016-05-09,481.0
PC201708,PC201708-2015,2,2 mg/kg PCDRUG,M,2.0,106,2016-05-16,534.0
PC201708,PC201708-2101,2,2 mg/kg PCDRUG,F,2.0,1,2016-02-01,228.0
PC201708,PC201708-2101,2,2 mg/kg PCDRUG,F,2.0,8,2016-02-08,287.0
PC201708,PC201708-2101,2,2 mg/kg PCDRUG,F,2.0,15,2016-02-15,280.0
PC201708,PC201708-2101,2,2 mg/kg PCDRUG,F,2.0,22,2016-02-22,283.0
PC201708,PC201708-2101,2,2 mg/kg PCDRUG,F,2.0,29,2016-02-29,312.0
PC201708,PC201708-2101,2,2 mg/kg PCDRUG,F,2.0,36,2016-03-07,330.0
PC201708,PC201708-2101,2,2 mg/kg PCDRUG,F,2.0,43,2016-03-14,355.0
PC201708,PC201708-2101,2,2 mg/kg PCDRUG,F,2.0,50,2016-03-21,361.0
PC201708,PC201708-2101,2,2 mg/kg PCDRUG,F,2.0,57,2016-03-28,321.0
PC201708,PC201708-2101,2,2 mg/kg PCDRUG,F,2.0,64,2016-04-04,353.0
PC201708,PC201708-2101,2,2 mg/kg PCDRUG,F,2.0,71,2016-04-11,380.0
PC201708,PC201708-2101,2,2 mg/kg PCDRUG,F,2.0,78,2016-04-18,344.0
PC201708,PC201708-2101,2,2 mg/kg PCDRUG,F,2.0,85,2016-04-25,305.0
PC201708,PC201708-2101,2,2 mg/kg PCDRUG,F,2.0,92,2016-05-02,388.0
PC201708,PC201708-2102,2,2 mg/kg PCDRUG,F,2.0,1,2016-02-01,236.0
PC201708,PC201708-2102,2,2 mg/kg PCDRUG,F,2.0,8,2016-02-08,273.0
PC201708,PC201708-2102,2,2 mg/kg PCDRUG,F,2.0,15,2016-02-15,284.0
PC201708,PC201708-2102,2,2 mg/kg PCDRUG,F,2.0,22,2016-02-22,331.0
PC201708,PC201708-2102,2,2 mg/kg PCDRUG,F,2.0,29,2016-02-29,280.0
PC201708,PC201708-2102,2,2 mg/kg PCDRUG,F,2.0,36,2016-03-07,293.0
PC201708,PC201708-2102,2,2 mg/kg PCDRUG,F,2.0,43,2016-03-14,291.0
PC201708,PC201708-2102,2,2 mg/kg PCDRUG,F,2.0,50,2016-03-21,364.0
PC201708,PC201708-2102,2,2 mg/kg PCDRUG,F,2.0,57,2016-03-28,368.0
PC201708,PC201708-2102,2,2 mg/kg PCDRUG,F,2.0,64,2016-04-04,363.0
PC201708,PC201708-2102,2,2 mg/kg PCDRUG,F,2.0,71,2016-04-11,345.0
PC201708,PC201708-2102,2,2 mg/kg PCDRUG,F,2.0,78,2016-04-18,339.0
PC201708,PC201708-2102,2,2 mg/kg PCDRUG,F,2.0,85,2016-04-25,406.0
PC201708,PC201708-2102,2,2 mg/kg PCDRUG,F,2.0,92,2016-05-02,322.0
PC201708,PC201708-2103,2,2 mg/kg PCDRUG,F,2.0,1,2016-02-01,249.0
PC201708,PC201708-2103,2,2 mg/kg PCDRUG,F,2.0,8,2016-02-08,273.0
PC201708,PC201708-2103,2,2 mg/kg PCDRUG,F,2.0,15,2016-02-15,278.0
PC201708,PC201708-2103,2,2 mg/kg PCDRUG,F,2.0,22,2016-02-22,299.0
PC201708,PC201708-2103,2,2 mg/kg PCDRUG,F,2.0,29,2016-02-29,315.0
PC201708,PC201708-2103,2,2 mg/kg PCDRUG,F,2.0,36,2016-03-07,287.0
PC201708,PC201708-2103,2,2 mg/kg PCDRUG,F,2.0,43,2016-03-14,290.0
PC201708,PC201708-2103,2,2 mg/kg PCDRUG,F,2.0,50,2016-03-21,307.0
PC201708,PC201708-2103,2,2 mg/kg PCDRUG,F,2.0,57,2016-03-28,312.0
PC201708,PC201708-2103,2,2 mg/kg PCDRUG,F,2.0,64,2016-04-04,304.0
PC201708,PC201708-2103,2,2 mg/kg PCDRUG,F,2.0,71,2016-04-11,339.0
PC201708,PC201708-2103,2,2 mg/kg PCDRUG,F,2.0,78,2016-04-18,354.0
PC201708,PC201708-2103,2,2 mg/kg PCDRUG,F,2.0,85,2016-04-25,406.0
PC201708,PC201708-2103,2,2 mg/kg PCDRUG,F,2.0,92,2016-05-02,413.0
PC201708,PC201708-2104,2,2 mg/kg PCDRUG,F,2.0,1,2016-02-01,255.0
PC201708,PC201708-2104,2,2 mg/kg PCDRUG,F,2.0,8,2016-02-08,285.0
PC201708,PC201708-2104,2,2 mg/kg PCDRUG,F,2.0,15,2016-02-15,277.0
PC201708,PC201708-2104,2,2 mg/kg PCDRUG,F,2.0,22,2016-02-22,312.0
PC201708,PC201708-2104,2,2 mg/kg PCDRUG,F,2.0,29,2016-02-29,332.0
PC201708,PC201708-2104,2,2 mg/kg PCDRUG,F,2.0,36,2016-03-07,286.0
PC201708,PC201708-2104,2,2 mg/kg PCDRUG,F,2.0,43,2016-03-14,356.0
PC201708,PC201708-2104,2,2 mg/kg PCDRUG,F,2.0,50,2016-03-21,323.0
PC201708,PC201708-2104,2,2 mg/kg PCDRUG,F,2.0,57,2016-03-28,329.0
PC201708,PC201708-2104,2,2 mg/kg PCDRUG,F,2.0,64,2016-04-04,354.0
PC201708,PC201708-2104,2,2 mg/kg PCDRUG,F,2.0,71,2016-04-11,313.0
PC201708,PC201708-2104,2,2 mg/kg PCDRUG,F,2.0,78,2016-04-18,400.0
PC201708,PC201708-2104,2,2 mg/kg PCDRUG,F,2.0,85,2016-04-25,311.0
PC201708,PC201708-2104,2,2 mg/kg PCDRUG,F,2.0,92,2016-05-02,313.0
PC201708,PC201708-2105,2,2 mg/kg PCDRUG,F,2.0,1,2016-02-01,255.0
PC201708,PC201708-2105,2,2 mg/kg PCDRUG,F,2.0,8,2016-02-08,256.0
PC201708,PC201708-2105,2,2 mg/kg PCDRUG,F,2.0,15,2016-02-15,288.0
PC201708,PC201708-2105,2,2 mg/kg PCDRUG,F,2.0,22,2016-02-22,292.0
PC201708,PC201708-2105,2,2 mg/kg PCDRUG,F,2.0,29,2016-02-29,330.0
PC201708,PC201708-2105,2,2 mg/kg PCDRUG,F,2.0,36,2016-03-07,306.0
PC201708,PC201708-2105,2,2 mg/kg PCDRUG,F,2.0,43,2016-03-14,305.0
PC201708,PC201708-2105,2,2 mg/kg PCDRUG,F,2.0,50,2016-03-21,283.0
PC201708,PC201708-2105,2,2 mg/kg PCDRUG,F,2.0,57,2016-03-28,368.0
PC201708,PC201708-2105,2,2 mg/kg PCDRUG,F,2.0,64,2016-04-04,347.0
PC201708,PC201708-2105,2,2 mg/kg PCDRUG,F,2.0,71,2016-04-11,299.0
PC201708,PC201708-2105,2,2 mg/kg PCDRUG,F,2.0,78,2016-04-18,298.0
PC201708,PC201708-2105,2,2 mg/kg PCDRUG,F,2.0,85,2016-04-25,376.0
PC201708,PC201708-2105,2,2 mg/kg PCDRUG,F,2.0,92,2016-05-02,372.0
PC201708,PC201708-2106,2,2 mg/kg PCDRUG,F,2.0,1,2016-02-01,239.0
PC201708,PC201708-2106,2,2 mg/kg PCDRUG,F,2.0,8,2016-02-08,275.0
PC201708,PC201708-2106,2,2 mg/kg PCDRUG,F,2.0,15,2016-02-15,295.0
PC201708,PC201708-2106,2,2 mg/kg PCDRUG,F,2.0,22,2016-02-22,308.0
PC201708,PC201708-2106,2,2 mg/kg PCDRUG,F,2.0,29,2016-02-29,320.0
PC201708,PC201708-2106,2,2 mg/kg PCDRUG,F,2.0,36,2016-03-07,332.0
PC201708,PC201708-2106,2,2 mg/kg PCDRUG,F,2.0,43,2016-03-14,288.0
PC201708,PC201708-2106,2,2 mg/kg PCDRUG,F,2.0,50,2016-03-21,344.0
PC201708,PC201708-2106,2,2 mg/kg PCDRUG,F,2.0,57,2016-03-28,376.0
PC201708,PC201708-2106,2,2 mg/kg PCDRUG,F,2.0,64,2016-04-04,374.0
PC201708,PC201708-2106,2,2 mg/kg PCDRUG,F,2.0,71,2016-04-11,393.0
PC201708,PC201708-2106,2,2 mg/kg PCDRUG,F,2.0,78,2016-04-18,336.0
PC201708,PC201708-2106,2,2 mg/kg PCDRUG,F,2.0,85,2016-04-25,367.0
PC201708,PC201708-2106,2,2 mg/kg PCDRUG,F,2.0,92,2016-05-02,348.0
PC201708,PC201708-2107,2,2 mg/kg PCDRUG,F,2.0,1,2016-02-01,245.0
PC201708,PC201708-2107,2,2 mg/kg PCDRUG,F,2.0,8,2016-02-08,268.0
PC201708,PC201708-2107,2,2 mg/kg PCDRUG,F,2.0,15,2016-02-15,285.0
PC201708,PC201708-2107,2,2 mg/kg PCDRUG,F,2.0,22,2016-02-22,272.0
PC201708,PC201708-2107,2,2 mg/kg PCDRUG,F,2.0,29,2016-02-29,321.0
PC201708,PC201708-2107,2,2 mg/kg PCDRUG,F,2.0,36,2016-03-07,352.0
PC201708,PC201708-2107,2,2 mg/kg PCDRUG,F,2.0,43,2016-03-14,291.0
PC201708,PC201708-2107,2,2 mg/kg PCDRUG,F,2.0,50,2016-03-21,325.0
PC201708,PC201708-2107,2,2 mg/kg PCDRUG,F,2.0,57,2016-03-28,290.0
PC201708,PC201708-2107,2,2 mg/kg PCDRUG,F,2.0,64,2016-04-04,356.0
PC201708,PC201708-2107,2,2 mg/kg PCDRUG,F,2.0,71,2016-04-11,342.0
PC201708,PC201708-2107,2,2 mg/kg PCDRUG,F,2.0,78,2016-04-18,360.0
PC201708,PC201708-2107,2,2 mg/kg PCDRUG,F,2.0,85,2016-04-25,388.0
PC201708,PC201708-2107,2,2 mg/kg PCDRUG,F,2.0,92,2016-05-02,331.0
PC201708,PC201708-2108,2,2 mg/kg PCDRUG,F,2.0,1,2016-02-01,236.0
PC201708,PC201708-2108,2,2 mg/kg PCDRUG,F,2.0,8,2016-02-08,301.0
PC201708,PC201708-2108,2,2 mg/kg PCDRUG,F,2.0,15,2016-02-15,285.0
PC201708,PC201708-2108,2,2 mg/kg PCDRUG,F,2.0,22,2016-02-22,290.0
PC201708,PC201708-2108,2,2 mg/kg PCDRUG,F,2.0,29,2016-02-29,284.0
PC201708,PC201708-2108,2,2 mg/kg PCDRUG,F,2.0,36,2016-03-07,342.0
PC201708,PC201708-2108,2,2 mg/kg PCDRUG,F,2.0,43,2016-03-14,273.0
PC201708,PC201708-2108,2,2 mg/kg PCDRUG,F,2.0,50,2016-03-21,302.0
PC201708,PC201708-2108,2,2 mg/kg PCDRUG,F,2.0,57,2016-03-28,316.0
PC201708,PC201708-2108,2,2 mg/kg PCDRUG,F,2.0,64,2016-04-04,390.0
PC201708,PC201708-2108,2,2 mg/kg PCDRUG,F,2.0,71,2016-04-11,316.0
PC201708,PC201708-2108,2,2 mg/kg PCDRUG,F,2.0,78,2016-04-18,389.0
PC201708,PC201708-2108,2,2 mg/kg PCDRUG,F,2.0,85,2016-04-25,337.0
PC201708,PC201708-2108,2,2 mg/kg PCDRUG,F,2.0,92,2016-05-02,410.0
PC201708,PC201708-2109,2,2 mg/kg PCDRUG,F,2.0,1,2016-02-01,253.0
PC201708,PC201708-2109,2,2 mg/kg PCDRUG,F,2.0,8,2016-02-08,264.0
PC201708,PC201708-2109,2,2 mg/kg PCDRUG,F,2.0,15,2016-02-15,270.0
PC201708,PC201708-2109,2,2 mg/kg PCDRUG,F,2.0,22,2016-02-22,328.0
PC201708,PC201708-2109,2,2 mg/kg PCDRUG,F,2.0,29,2016-02-29,323.0
PC201708,PC201708-2109,2,2 mg/kg PCDRUG,F,2.0,36,2016-03-07,310.0
PC201708,PC201708-2109,2,2 mg/kg PCDRUG,F,2.0,43,2016-03-14,336.0
PC201708,PC201708-2109,2,2 mg/kg PCDRUG,F,2.0,50,2016-03-21,327.0
PC201708,PC201708-2109,2,2 mg/kg PCDRUG,F,2.0,57,2016-03-28,298.0
PC201708,PC201708-2109,2,2 mg/kg PCDRUG,F,2.0,64,2016-04-04,304.0
PC201708,PC201708-2109,2,2 mg/kg PCDRUG,F,2.0,71,2016-04-11,302.0
PC201708,PC201708-2109,2,2 mg/kg PCDRUG,F,2.0,78,2016-04-18,342.0
PC201708,PC201708-2109,2,2 mg/kg PCDRUG,F,2.0,85,2016-04-25,349.0
PC201708,PC201708-2109,2,2 mg/kg PCDRUG,F,2.0,92,2016-05-02,396.0
PC201708,PC201708-2110,2,2 mg/kg PCDRUG,F,2.0,1,2016-02-01,252.0
PC201708,PC201708-2110,2,2 mg/kg PCDRUG,F,2.0,8,2016-02-08,252.0
PC201708,PC201708-2110,2,2 mg/kg PCDRUG,F,2.0,15,2016-02-15,263.0
PC201708,PC201708-2110,2,2 mg/kg PCDRUG,F,2.0,22,2016-02-22,314.0
PC201708,PC201708-2110,2,2 mg/kg PCDRUG,F,2.0,29,2016-02-29,280.0
PC201708,PC201708-2110,2,2 mg/kg PCDRUG,F,2.0,36,2016-03-07,334.0
PC201708,PC201708-2110,2,2 mg/kg PCDRUG,F,2.0,43,2016-03-14,300.0
PC201708,PC201708-2110,2,2 mg/kg PCDRUG,F,2.0,50,2016-03-21,347.0
PC201708,PC201708-2110,2,2 mg/kg PCDRUG,F,2.0,57,2016-03-28,293.0
PC201708,PC201708-2110,2,2 mg/kg PCDRUG,F,2.0,64,2016-04-04,386.0
PC201708,PC201708-2110,2,2 mg/kg PCDRUG,F,2.0,71,2016-04-11,374.0
PC201708,PC201708-2110,2,2 mg/kg PCDRUG,F,2.0,78,2016-04-18,374.0
PC201708,PC201708-2110,2,2 mg/kg PCDRUG,F,2.0,85,2016-04-25,354.0
PC201708,PC201708-2110,2,2 mg/kg PCDRUG,F,2.0,92,2016-05-02,359.0
PC201708,PC201708-2111,2,2 mg/kg PCDRUG,F,2.0,1,2016-02-01,250.0
PC201708,PC201708-2111,2,2 mg/kg PCDRUG,F,2.0,8,2016-02-08,291.0
PC201708,PC201708-2111,2,2 mg/kg PCDRUG,F,2.0,15,2016-02-15,321.0
PC201708,PC201708-2111,2,2 mg/kg PCDRUG,F,2.0,22,2016-02-22,264.0
PC201708,PC201708-2111,2,2 mg/kg PCDRUG,F,2.0,29,2016-02-29,332.0
PC201708,PC201708-2111,2,2 mg/kg PCDRUG,F,2.0,36,2016-03-07,317.0
PC201708,PC201708-2111,2,2 mg/kg PCDRUG,F,2.0,43,2016-03-14,302.0
PC201708,PC201708-2111,2,2 mg/kg PCDRUG,F,2.0,50,2016-03-21,326.0
PC201708,PC201708-2111,2,2 mg/kg PCDRUG,F,2.0,57,2016-03-28,328.0
PC201708,PC201708-2111,2,2 mg/kg PCDRUG,F,2.0,64,2016-04-04,358.0
PC201708,PC201708-2111,2,2 mg/kg PCDRUG,F,2.0,71,2016-04-11,307.0
PC201708,PC201708-2111,2,2 mg/kg PCDRUG,F,2.0,78,2016-04-18,333.0
PC201708,PC201708-2111,2,2 mg/kg PCDRUG,F,2.0,85,2016-04-25,382.0
PC201708,PC201708-2111,2,2 mg/kg PCDRUG,F,2.0,92,2016-05-02,416.0
PC201708,PC201708-2111,2,2 mg/kg PCDRUG,F,2.0,99,2016-05-09,343.0
PC201708,PC201708-2111,2,2 mg/kg PCDRUG,F,2.0,106,2016-05-16,426.0
PC201708,PC201708-2112,2,2 mg/kg PCDRUG,F,2.0,1,2016-02-01,241.0
PC201708,PC201708-2112,2,2 mg/kg PCDRUG,F,2.0,8,2016-02-08,281.0
PC201708,PC201708-2112,2,2 mg/kg PCDRUG,F,2.0,15,2016-02-15,272.0
PC201708,PC201708-2112,2,2 mg/kg PCDRUG,F,2.0,22,2016-02-22,280.0
PC201708,PC201708-2112,2,2 mg/kg PCDRUG,F,2.0,29,2016-02-29,282.0
PC201708,PC201708-2112,2,2 mg/kg PCDRUG,F,2.0,36,2016-03-07,311.0
PC201708,PC201708-2112,2,2 mg/kg PCDRUG,F,2.0,43,2016-03-14,330.0
PC201708,PC201708-2112,2,2 mg/kg PCDRUG,F,2.0,50,2016-03-21,321.0
PC201708,PC201708-2112,2,2 mg/kg PCDRUG,F,2.0,57,2016-03-28,324.0
PC201708,PC201708-2112,2,2 mg/kg PCDRUG,F,2.0,64,2016-04-04,299.0
PC201708,PC201708-2112,2,2 mg/kg PCDRUG,F,2.0,71,2016-04-11,373.0
PC201708,PC201708-2112,2,2 mg/kg PCDRUG,F,2.0,78,2016-04-18,297.0
PC201708,PC201708-2112,2,2 mg/kg PCDRUG,F,2.0,85,2016-04-25,317.0
PC201708,PC201708-2112,2,2 mg/kg PCDRUG,F,2.0,92,2016-05-02,330.0
PC201708,PC201708-2112,2,2 mg/kg PCDRUG,F,2.0,99,2016-05-09,332.0
PC201708,PC201708-2112,2,2 mg/kg PCDRUG,F,2.0,106,2016-05-16,332.0
PC201708,PC201708-2113,2,2 mg/kg PCDRUG,F,2.0,1,2016-02-01,252.0
PC201708,PC201708-2113,2,2 mg/kg PCDRUG,F,2.0,8,2016-02-08,294.0
PC201708,PC201708-2113,2,2 mg/kg PCDRUG,F,2.0,15,2016-02-15,320.0
PC201708,PC201708-2113,2,2 mg/kg PCDRUG,F,2.0,22,2016-02-22,322.0
PC201708,PC201708-2113,2,2 mg/kg PCDRUG,F,2.0,29,2016-02-29,297.0
PC201708,PC201708-2113,2,2 mg/kg PCDRUG,F,2.0,36,2016-03-07,310.0
PC201708,PC201708-2113,2,2 mg/kg PCDRUG,F,2.0,43,2016-03-14,302.0
PC201708,PC201708-2113,2,2 mg/kg PCDRUG,F,2.0,50,2016-03-21,325.0
PC201708,PC201708-2113,2,2 mg/kg PCDRUG,F,2.0,57,2016-03-28,327.0
PC201708,PC201708-2113,2,2 mg/kg PCDRUG,F,2.0,64,2016-04-04,363.0
PC201708,PC201708-2113,2,2 mg/kg PCDRUG,F,2.0,71,2016-04-11,342.0
PC201708,PC201708-2113,2,2 mg/kg PCDRUG,F,2.0,78,2016-04-18,390.0
PC201708,PC201708-2113,2,2 mg/kg PCDRUG,F,2.0,85,2016-04-25,346.0
PC201708,PC201708-2113,2,2 mg/kg PCDRUG,F,2.0,92,2016-05-02,391.0
PC201708,PC201708-2113,2,2 mg/kg PCDRUG,F,2.0,99,2016-05-09,383.0
PC201708,PC201708-2113,2,2 mg/kg PCDRUG,F,2.0,106,2016-05-16,373.0
PC201708,PC201708-2114,2,2 mg/kg PCDRUG,F,2.0,1,2016-02-01,248.0
PC201708,PC201708-2114,2,2 mg/kg PCDRUG,F,2.0,8,2016-02-08,294.0
PC201708,PC201708-2114,2,2 mg/kg PCDRUG,F,2.0,15,2016-02-15,279.0
PC201708,PC201708-2114,2,2 mg/kg PCDRUG,F,2.0,22,2016-02-22,330.0
PC201708,PC201708-2114,2,2 mg/kg PCDRUG,F,2.0,29,2016-02-29,332.0
PC201708,PC201708-2114,2,2 mg/kg PCDRUG,F,2.0,36,2016-03-07,332.0
PC201708,PC201708-2114,2,2 mg/kg PCDRUG,F,2.0,43,2016-03-14,320.0
PC201708,PC201708-2114,2,2 mg/kg PCDRUG,F,2.0,50,2016-03-21,351.0
PC201708,PC201708-2114,2,2 mg/kg PCDRUG,F,2.0,57,2016-03-28,320.0
PC201708,PC201708-2114,2,2 mg/kg PCDRUG,F,2.0,64,2016-04-04,373.0
PC201708,PC201708-2114,2,2 mg/kg PCDRUG,F,2.0,71,2016-04-11,337.0
PC201708,PC201708-2114,2,2 mg/kg PCDRUG,F,2.0,78,2016-04-18,372.0
PC201708,PC201708-2114,2,2 mg/kg PCDRUG,F,2.0,85,2016-04-25,328.0
PC201708,PC201708-2114,2,2 mg/kg PCDRUG,F,2.0,92,2016-05-02,371.0
PC201708,PC201708-2114,2,2 mg/kg PCDRUG,F,2.0,99,2016-05-09,333.0
PC201708,PC201708-2114,2,2 mg/kg PCDRUG,F,2.0,106,2016-05-16,330.0
PC201708,PC201708-2115,2,2 mg/kg PCDRUG,F,2.0,1,2016-02-01,238.0
PC201708,PC201708-2115,2,2 mg/kg PCDRUG,F,2.0,8,2016-02-08,268.0
PC201708,PC201708-2115,2,2 mg/kg PCDRUG,F,2.0,15,2016-02-15,311.0
PC201708,PC201708-2115,2,2 mg/kg PCDRUG,F,2.0,22,2016-02-22,297.0
PC201708,PC201708-2115,2,2 mg/kg PCDRUG,F,2.0,29,2016-02-29,281.0
PC201708,PC201708-2115,2,2 mg/kg PCDRUG,F,2.0,36,2016-03-07,354.0
PC201708,PC201708-2115,2,2 mg/kg PCDRUG,F,2.0,43,2016-03-14,324.0
PC201708,PC201708-2115,2,2 mg/kg PCDRUG,F,2.0,50,2016-03-21,285.0
PC201708,PC201708-2115,2,2 mg/kg PCDRUG,F,2.0,57,2016-03-28,292.0
PC201708,PC201708-2115,2,2 mg/kg PCDRUG,F,2.0,64,2016-04-04,303.0
PC201708,PC201708-2115,2,2 mg/kg PCDRUG,F,2.0,71,2016-04-11,300.0
PC201708,PC201708-2115,2,2 mg/kg PCDRUG,F,2.0,78,2016-04-18,349.0
PC201708,PC201708-2115,2,2 mg/kg PCDRUG,F,2.0,85,2016-04-25,317.0
PC201708,PC201708-2115,2,2 mg/kg PCDRUG,F,2.0,92,2016-05-02,393.0
PC201708,PC201708-2115,2,2 mg/kg PCDRUG,F,2.0,99,2016-05-09,423.0
PC201708,PC201708-2115,2,2 mg/kg PCDRUG,F,2.0,106,2016-05-16,413.0
PC201708,PC201708-3001,3,20 mg/kg PCDRUG,M,20.0,1,2016-02-01,317.0
PC201708,PC201708-3001,3,20 mg/kg PCDRUG,M,20.0,8,2016-02-08,362.0
PC201708,PC201708-3001,3,20 mg/kg PCDRUG,M,20.0,15,2016-02-15,406.0
PC201708,PC201708-3001,3,20 mg/kg PCDRUG,M,20.0,22,2016-02-22,416.0
PC201708,PC201708-3001,3,20 mg/kg PCDRUG,M,20.0,29,2016-02-29,430.0
PC201708,PC201708-3001,3,20 mg/kg PCDRUG,M,20.0,36,2016-03-07,535.0
PC201708,PC201708-3001,3,20 mg/kg PCDRUG,M,20.0,43,2016-03-14,525.0
PC201708,PC201708-3001,3,20 mg/kg PCDRUG,M,20.0,50,2016-03-21,527.0
PC201708,PC201708-3001,3,20 mg/kg PCDRUG,M,20.0,57,2016-03-28,446.0
PC201708,PC201708-3001,3,20 mg/kg PCDRUG,M,20.0,64,2016-04-04,507.0
PC201708,PC201708-3001,3,20 mg/kg PCDRUG,M,20.0,71,2016-04-11,515.0
PC201708,PC201708-3001,3,20 mg/kg PCDRUG,M,20.0,78,2016-04-18,541.0
PC201708,PC201708-3001,3,20 mg/kg PCDRUG,M,20.0,85,2016-04-25,462.0
PC201708,PC201708-3001,3,20 mg/kg PCDRUG,M,20.0,92,2016-05-02,492.0
PC201708,PC201708-3002,3,20 mg/kg PCDRUG,M,20.0,1,2016-02-01,322.0
PC201708,PC201708-3002,3,20 mg/kg PCDRUG,M,20.0,8,2016-02-08,369.0
PC201708,PC201708-3002,3,20 mg/kg PCDRUG,M,20.0,15,2016-02-15,403.0
PC201708,PC201708-3002,3,20 mg/kg PCDRUG,M,20.0,22,2016-02-22,406.0
PC201708,PC201708-3002,3,20 mg/kg PCDRUG,M,20.0,29,2016-02-29,478.0
PC201708,PC201708-3002,3,20 mg/kg PCDRUG,M,20.0,36,2016-03-07,451.0
PC201708,PC201708-3002,3,20 mg/kg PCDRUG,M,20.0,43,2016-03-14,455.0
PC201708,PC201708-3002,3,20 mg/kg PCDRUG,M,20.0,50,2016-03-21,523.0
PC201708,PC201708-3002,3,20 mg/kg PCDRUG,M,20.0,57,2016-03-28,518.0
PC201708,PC201708-3002,3,20 mg/kg PCDRUG,M,20.0,64,2016-04-04,486.0
PC201708,PC201708-3002,3,20 mg/kg PCDRUG,M,20.0,71,2016-04-11,511.0
PC201708,PC201708-3002,3,20 mg/kg PCDRUG,M,20.0,78,2016-04-18,550.0
PC201708,PC201708-3002,3,20 mg/kg PCDRUG,M,20.0,85,2016-04-25,525.0
PC201708,PC201708-3002,3,20 mg/kg PCDRUG,M,20.0,92,2016-05-02,464.0
PC201708,PC201708-3003,3,20 mg/kg PCDRUG,M,20.0,1,2016-02-01,338.0
PC201708,PC201708-3003,3,20 mg/kg PCDRUG,M,20.0,8,2016-02-08,359.0
PC201708,PC201708-3003,3,20 mg/kg PCDRUG,M,20.0,15,2016-02-15,385.0
PC201708,PC201708-3003,3,20 mg/kg PCDRUG,M,20.0,22,2016-02-22,435.0
PC201708,PC201708-3003,3,20 mg/kg PCDRUG,M,20.0,29,2016-02-29,478.0
PC201708,PC201708-3003,3,20 mg/kg PCDRUG,M,20.0,36,2016-03-07,463.0
PC201708,PC201708-3003,3,20 mg/kg PCDRUG,M,20.0,43,2016-03-14,451.0
PC201708,PC201708-3003,3,20 mg/kg PCDRUG,M,20.0,50,2016-03-21,442.0
PC201708,PC201708-3003,3,20 mg/kg PCDRUG,M,20.0,57,2016-03-28,466.0
PC201708,PC201708-3003,3,20 mg/kg PCDRUG,M,20.0,64,2016-04-04,450.0
PC201708,PC201708-3003,3,20 mg/kg PCDRUG,M,20.0,71,2016-04-11,473.0
PC201708,PC201708-3003,3,20 mg/kg PCDRUG,M,20.0,78,2016-04-18,501.0
PC201708,PC201708-3003,3,20 mg/kg PCDRUG,M,20.0,85,2016-04-25,551.0
PC201708,PC201708-3003,3,20 mg/kg PCDRUG,M,20.0,92,2016-05-02,470.0
PC201708,PC201708-3004,3,20 mg/kg PCDRUG,M,20.0,1,2016-02-01,315.0
PC201708,PC201708-3004,3,20 mg/kg PCDRUG,M,20.0,8,2016-02-08,362.0
PC201708,PC201708-3004,3,20 mg/kg PCDRUG,M,20.0,15,2016-02-15,380.0
PC201708,PC201708-3004,3,20 mg/kg PCDRUG,M,20.0,22,2016-02-22,431.0
PC201708,PC201708-3004,3,20 mg/kg PCDRUG,M,20.0,29,2016-02-29,469.0
PC201708,PC201708-3004,3,20 mg/kg PCDRUG,M,20.0,36,2016-03-07,484.0
PC201708,PC201708-3004,3,20 mg/kg PCDRUG,M,20.0,43,2016-03-14,526.0
PC201708,PC201708-3004,3,20 mg/kg PCDRUG,M,20.0,50,2016-03-21,446.0
PC201708,PC201708-3004,3,20 mg/kg PCDRUG,M,20.0,57,2016-03-28,527.0
PC201708,PC201708-3004,3,20 mg/kg PCDRUG,M,20.0,64,2016-04-04,488.0
PC201708,PC201708-3004,3,20 mg/kg PCDRUG,M,20.0,71,2016-04-11,492.0
PC201708,PC201708-3004,3,20 mg/kg PCDRUG,M,20.0,78,2016-04-18,474.0
PC201708,PC201708-3004,3,20 mg/kg PCDRUG,M,20.0,85,2016-04-25,526.0
PC201708,PC201708-3004,3,20 mg/kg PCDRUG,M,20.0,92,2016-05-02,563.0
PC201708,PC201708-3005,3,20 mg/kg PCDRUG,M,20.0,1,2016-02-01,336.0
PC201708,PC201708-3005,3,20 mg/kg PCDRUG,M,20.0,8,2016-02-08,349.0
PC201708,PC201708-3005,3,20 mg/kg PCDRUG,M,20.0,15,2016-02-15,386.0
PC201708,PC201708-3005,3,20 mg/kg PCDRUG,M,20.0,22,2016-02-22,441.0
PC201708,PC201708-3005,3,20 mg/kg PCDRUG,M,20.0,29,2016-02-29,464.0
PC201708,PC201708-3005,3,20 mg/kg PCDRUG,M,20.0,36,2016-03-07,457.0
PC201708,PC201708-3005,3,20 mg/kg PCDRUG,M,20.0,43,2016-03-14,432.0
PC201708,PC201708-3005,3,20 mg/kg PCDRUG,M,20.0,50,2016-03-21,494.0
PC201708,PC201708-3005,3,20 mg/kg PCDRUG,M,20.0,57,2016-03-28,471.0
PC201708,PC201708-3005,3,20 mg/kg PCDRUG,M,20.0,64,2016-04-04,454.0
PC201708,PC201708-3005,3,20 mg/kg PCDRUG,M,20.0,71,2016-04-11,518.0
PC201708,PC201708-3005,3,20 mg/kg PCDRUG,M,20.0,78,2016-04-18,501.0
PC201708,PC201708-3005,3,20 mg/kg PCDRUG,M,20.0,85,2016-04-25,476.0
PC201708,PC201708-3005,3,20 mg/kg PCDRUG,M,20.0,92,2016-05-02,508.0
PC201708,PC201708-3006,3,20 mg/kg PCDRUG,M,20.0,1,2016-02-01,337.0
PC201708,PC201708-3006,3,20 mg/kg PCDRUG,M,20.0,8,2016-02-08,387.0
PC201708,PC201708-3006,3,20 mg/kg PCDRUG,M,20.0,15,2016-02-15,418.0
PC201708,PC201708-3006,3,20 mg/kg PCDRUG,M,20.0,22,2016-02-22,443.0
PC201708,PC201708-3006,3,20 mg/kg PCDRUG,M,20.0,29,2016-02-29,493.0
PC201708,PC201708-3006,3,20 mg/kg PCDRUG,M,20.0,36,2016-03-07,501.0
PC201708,PC201708-3006,3,20 mg/kg PCDRUG,M,20.0,43,2016-03-14,528.0
PC201708,PC201708-3006,3,20 mg/kg PCDRUG,M,20.0,50,2016-03-21,438.0
PC201708,PC201708-3006,3,20 mg/kg PCDRUG,M,20.0,57,2016-03-28,470.0
PC201708,PC201708-3006,3,20 mg/kg PCDRUG,M,20.0,64,2016-04-04,496.0
PC201708,PC201708-3006,3,20 mg/kg PCDRUG,M,20.0,71,2016-04-11,456.0
PC201708,PC201708-3006,3,20 mg/kg PCDRUG,M,20.0,78,2016-04-18,464.0
PC201708,PC201708-3006,3,20 mg/kg PCDRUG,M,20.0,85,2016-04-25,486.0
PC201708,PC201708-3006,3,20 mg/kg PCDRUG,M,20.0,92,2016-05-02,506.0
PC201708,PC201708-3007,3,20 mg/kg PCDRUG,M,20.0,1,2016-02-01,341.0
PC201708,PC201708-3007,3,20 mg/kg PCDRUG,M,20.0,8,2016-02-08,349.0
PC201708,PC201708-3007,3,20 mg/kg PCDRUG,M,20.0,15,2016-02-15,420.0
PC201708,PC201708-3007,3,20 mg/kg PCDRUG,M,20.0,22,2016-02-22,420.0
PC201708,PC201708-3007,3,20 mg/kg PCDRUG,M,20.0,29,2016-02-29,474.0
PC201708,PC201708-3007,3,20 mg/kg PCDRUG,M,20.0,36,2016-03-07,468.0
PC201708,PC201708-3007,3,20 mg/kg PCDRUG,M,20.0,43,2016-03-14,541.0
PC201708,PC201708-3007,3,20 mg/kg PCDRUG,M,20.0,50,2016-03-21,507.0
PC201708,PC201708-3007,3,20 mg/kg PCDRUG,M,20.0,57,2016-03-28,515.0
PC201708,PC201708-3007,3,20 mg/kg PCDRUG,M,20.0,64,2016-04-04,532.0
PC201708,PC201708-3007,3,20 mg/kg PCDRUG,M,20.0,71,2016-04-11,531.0
PC201708,PC201708-3007,3,20 mg/kg PCDRUG,M,20.0,78,2016-04-18,507.0
PC201708,PC201708-3007,3,20 mg/kg PCDRUG,M,20.0,85,2016-04-25,500.0
PC201708,PC201708-3007,3,20 mg/kg PCDRUG,M,20.0,92,2016-05-02,503.0
PC201708,PC201708-3008,3,20 mg/kg PCDRUG,M,20.0,1,2016-02-01,342.0
PC201708,PC201708-3008,3,20 mg/kg PCDRUG,M,20.0,8,2016-02-08,374.0
PC201708,PC201708-3008,3,20 mg/kg PCDRUG,M,20.0,15,2016-02-15,381.0
PC201708,PC201708-3008,3,20 mg/kg PCDRUG,M,20.0,22,2016-02-22,427.0
PC201708,PC201708-3008,3,20 mg/kg PCDRUG,M,20.0,29,2016-02-29,435.0
PC201708,PC201708-3008,3,20 mg/kg PCDRUG,M,20.0,36,2016-03-07,462.0
PC201708,PC201708-3008,3,20 mg/kg PCDRUG,M,20.0,43,2016-03-14,433.0
PC201708,PC201708-3008,3,20 mg/kg PCDRUG,M,20.0,50,2016-03-21,526.0
PC201708,PC201708-3008,3,20 mg/kg PCDRUG,M,20.0,57,2016-03-28,489.0
PC201708,PC201708-3008,3,20 mg/kg PCDRUG,M,20.0,64,2016-04-04,468.0
PC201708,PC201708-3008,3,20 mg/kg PCDRUG,M,20.0,71,2016-04-11,456.0
PC201708,PC201708-3008,3,20 mg/kg PCDRUG,M,20.0,78,2016-04-18,546.0
PC201708,PC201708-3008,3,20 mg/kg PCDRUG,M,20.0,85,2016-04-25,506.0
PC201708,PC201708-3008,3,20 mg/kg PCDRUG,M,20.0,92,2016-05-02,537.0
PC201708,PC201708-3009,3,20 mg/kg PCDRUG,M,20.0,1,2016-02-01,336.0
PC201708,PC201708-3009,3,20 mg/kg PCDRUG,M,20.0,8,2016-02-08,343.0
PC201708,PC201708-3009,3,20 mg/kg PCDRUG,M,20.0,15,2016-02-15,402.0
PC201708,PC201708-3009,3,20 mg/kg PCDRUG,M,20.0,22,2016-02-22,427.0
PC201708,PC201708-3009,3,20 mg/kg PCDRUG,M,20.0,29,2016-02-29,446.0
PC201708,PC201708-3009,3,20 mg/kg PCDRUG,M,20.0,36,2016-03-07,490.0
PC201708,PC201708-3009,3,20 mg/kg PCDRUG,M,20.0,43,2016-03-14,504.0
PC201708,PC201708-3009,3,20 mg/kg PCDRUG,M,20.0,50,2016-03-21,499.0
PC201708,PC201708-3009,3,20 mg/kg PCDRUG,M,20.0,57,2016-03-28,513.0
PC201708,PC201708-3009,3,20 mg/kg PCDRUG,M,20.0,64,2016-04-04,453.0
PC201708,PC201708-3009,3,20 mg/kg PCDRUG,M,20.0,71,2016-04-11,479.0
PC201708,PC201708-3009,3,20 mg/kg PCDRUG,M,20.0,78,2016-04-18,524.0
PC201708,PC201708-3009,3,20 mg/kg PCDRUG,M,20.0,85,2016-04-25,503.0
PC201708,PC201708-3009,3,20 mg/kg PCDRUG,M,20.0,92,2016-05-02,504.0
PC201708,PC201708-3010,3,20 mg/kg PCDRUG,M,20.0,1,2016-02-01,332.0
PC201708,PC201708-3010,3,20 mg/kg PCDRUG,M,20.0,8,2016-02-08,362.0
PC201708,PC201708-3010,3,20 mg/kg PCDRUG,M,20.0,15,2016-02-15,417.0
PC201708,PC201708-3010,3,20 mg/kg PCDRUG,M,20.0,22,2016-02-22,448.0
PC201708,PC201708-3010,3,20 mg/kg PCDRUG,M,20.0,29,2016-02-29,464.0
PC201708,PC201708-3010,3,20 mg/kg PCDRUG,M,20.0,36,2016-03-07,466.0
PC201708,PC201708-3010,3,20 mg/kg PCDRUG,M,20.0,43,2016-03-14,435.0
PC201708,PC201708-3010,3,20 mg/kg PCDRUG,M,20.0,50,2016-03-21,523.0
PC201708,PC201708-3010,3,20 mg/kg PCDRUG,M,20.0,57,2016-03-28,504.0
PC201708,PC201708-3010,3,20 mg/kg PCDRUG,M,20.0,64,2016-04-04,541.0
PC201708,PC201708-3010,3,20 mg/kg PCDRUG,M,20.0,71,2016-04-11,491.0
PC201708,PC201708-3010,3,20 mg/kg PCDRUG,M,20.0,78,2016-04-18,489.0
PC201708,PC201708-3010,3,20 mg/kg PCDRUG,M,20.0,85,2016-04-25,513.0
PC201708,PC201708-3010,3,20 mg/kg PCDRUG,M,20.0,92,2016-05-02,510.0
PC201708,PC201708-3011,3,20 mg/kg PCDRUG,M,20.0,1,2016-02-01,319.0
PC201708,PC201708-3011,3,20 mg/kg PCDRUG,M,20.0,8,2016-02-08,385.0
PC201708,PC201708-3011,3,20 mg/kg PCDRUG,M,20.0,15,2016-02-15,411.0
PC201708,PC201708-3011,3,20 mg/kg PCDRUG,M,20.0,22,2016-02-22,431.0
PC201708,PC201708-3011,3,20 mg/kg PCDRUG,M,20.0,29,2016-02-29,452.0
PC201708,PC201708-3011,3,20 mg/kg PCDRUG,M,20.0,36,2016-03-07,428.0
PC201708,PC201708-3011,3,20 mg/kg PCDRUG,M,20.0,43,2016-03-14,516.0
PC201708,PC201708-3011,3,20 mg/kg PCDRUG,M,20.0,50,2016-03-21,528.0
PC201708,PC201708-3011,3,20 mg/kg PCDRUG,M,20.0,57,2016-03-28,522.0
PC201708,PC201708-3011,3,20 mg/kg PCDRUG,M,20.0,64,2016-04-04,528.0
PC201708,PC201708-3011,3,20 mg/kg PCDRUG,M,20.0,71,2016-04-11,458.0
PC201708,PC201708-3011,3,20 mg/kg PCDRUG,M,20.0,78,2016-04-18,533.0
PC201708,PC201708-3011,3,20 mg/kg PCDRUG,M,20.0,85,2016-04-25,480.0
PC201708,PC201708-3011,3,20 mg/kg PCDRUG,M,20.0,92,2016-05-02,480.0
PC201708,PC201708-3011,3,20 mg/kg PCDRUG,M,20.0,99,2016-05-09,533.0
PC201708,PC201708-3011,3,20 mg/kg PCDRUG,M,20.0,106,2016-05-16,478.0
PC201708,PC201708-3012,3,20 mg/kg PCDRUG,M,20.0,1,2016-02-01,345.0
PC201708,PC201708-3012,3,20 mg/kg PCDRUG,M,20.0,8,2016-02-08,371.0
PC201708,PC201708-3012,3,20 mg/kg PCDRUG,M,20.0,15,2016-02-15,383.0
PC201708,PC201708-3012,3,20 mg/kg PCDRUG,M,20.0,22,2016-02-22,447.0
PC201708,PC201708-3012,3,20 mg/kg PCDRUG,M,20.0,29,2016-02-29,498.0
PC201708,PC201708-3012,3,20 mg/kg PCDRUG,M,20.0,36,2016-03-07,441.0
PC201708,PC201708-3012,3,20 mg/kg PCDRUG,M,20.0,43,2016-03-14,435.0
PC201708,PC201708-3012,3,20 mg/kg PCDRUG,M,20.0,50,2016-03-21,500.0
PC201708,PC201708-3012,3,20 mg/kg PCDRUG,M,20.0,57,2016-03-28,539.0
PC201708,PC201708-3012,3,20 mg/kg PCDRUG,M,20.0,64,2016-04-04,532.0
PC201708,PC201708-3012,3,20 mg/kg PCDRUG,M,20.0,71,2016-04-11,491.0
PC201708,PC201708-3012,3,20 mg/kg PCDRUG,M,20.0,78,2016-04-18,510.0
PC201708,PC201708-3012,3,20 mg/kg PCDRUG,M,20.0,85,2016-04-25,490.0
PC201708,PC201708-3012,3,20 mg/kg PCDRUG,M,20.0,92,2016-05-02,503.0
PC201708,PC201708-3012,3,20 mg/kg PCDRUG,M,20.0,99,2016-05-09,547.0
PC201708,PC201708-3012,3,20 mg/kg PCDRUG,M,20.0,106,2016-05-16,552.0
PC201708,PC201708-3013,3,20 mg/kg PCDRUG,M,20.0,1,2016-02-01,341.0
PC201708,PC201708-3013,3,20 mg/kg PCDRUG,M,20.0,8,2016-02-08,364.0
PC201708,PC201708-3013,3,20 mg/kg PCDRUG,M,20.0,15,2016-02-15,403.0
PC201708,PC201708-3013,3,20 mg/kg PCDRUG,M,20.0,22,2016-02-22,422.0
PC201708,PC201708-3013,3,20 mg/kg PCDRUG,M,20.0,29,2016-02-29,441.0
PC201708,PC201708-3013,3,20 mg/kg PCDRUG,M,20.0,36,2016-03-07,442.0
PC201708,PC201708-3013,3,20 mg/kg PCDRUG,M,20.0,43,2016-03-14,434.0
PC201708,PC201708-3013,3,20 mg/kg PCDRUG,M,20.0,50,2016-03-21,511.0
PC201708,PC201708-3013,3,20 mg/kg PCDRUG,M,20.0,57,2016-03-28,527.0
PC201708,PC201708-3013,3,20 mg/kg PCDRUG,M,20.0,64,2016-04-04,466.0
PC201708,PC201708-3013,3,20 mg/kg PCDRUG,M,20.0,71,2016-04-11,459.0
PC201708,PC201708-3013,3,20 mg/kg PCDRUG,M,20.0,78,2016-04-18,484.0
PC201708,PC201708-3013,3,20 mg/kg PCDRUG,M,20.0,85,2016-04-25,498.0
PC201708,PC201708-3013,3,20 mg/kg PCDRUG,M,20.0,92,2016-05-02,563.0
PC201708,PC201708-3013,3,20 mg/kg PCDRUG,M,20.0,99,2016-05-09,539.0
PC201708,PC201708-3013,3,20 mg/kg PCDRUG,M,20.0,106,2016-05-16,529.0
PC201708,PC201708-3014,3,20 mg/kg PCDRUG,M,20.0,1,2016-02-01,335.0
PC201708,PC201708-3014,3,20 mg/kg PCDRUG,M,20.0,8,2016-02-08,375.0
PC201708,PC201708-3014,3,20 mg/kg PCDRUG,M,20.0,15,2016-02-15,396.0
PC201708,PC201708-3014,3,20 mg/kg PCDRUG,M,20.0,22,2016-02-22,426.0
PC201708,PC201708-3014,3,20 mg/kg PCDRUG,M,20.0,29,2016-02-29,438.0
PC201708,PC201708-3014,3,20 mg/kg PCDRUG,M,20.0,36,2016-03-07,510.0
PC201708,PC201708-3014,3,20 mg/kg PCDRUG,M,20.0,43,2016-03-14,516.0
PC201708,PC201708-3014,3,20 mg/kg PCDRUG,M,20.0,50,2016-03-21,517.0
PC201708,PC201708-3014,3,20 mg/kg PCDRUG,M,20.0,57,2016-03-28,544.0
PC201708,PC201708-3014,3,20 mg/kg PCDRUG,M,20.0,64,2016-04-04,493.0
PC201708,PC201708-3014,3,20 mg/kg PCDRUG,M,20.0,71,2016-04-11,482.0
PC201708,PC201708-3014,3,20 mg/kg PCDRUG,M,20.0,78,2016-04-18,549.0
PC201708,PC201708-3014,3,20 mg/kg PCDRUG,M,20.0,85,2016-04-25,485.0
PC201708,PC201708-3014,3,20 mg/kg PCDRUG,M,20.0,92,2016-05-02,514.0
PC201708,PC201708-3014,3,20 mg/kg PCDRUG,M,20.0,99,2016-05-09,482.0
PC201708,PC201708-3014,3,20 mg/kg PCDRUG,M,20.0,106,2016-05-16,564.0
PC201708,PC201708-3015,3,20 mg/kg PCDRUG,M,20.0,1,2016-02-01,345.0
PC201708,PC201708-3015,3,20 mg/kg PCDRUG,M,20.0,8,2016-02-08,376.0
PC201708,PC201708-3015,3,20 mg/kg PCDRUG,M,20.0,15,2016-02-15,392.0
PC201708,PC201708-3015,3,20 mg/kg PCDRUG,M,20.0,22,2016-02-22,431.0
PC201708,PC201708-3015,3,20 mg/kg PCDRUG,M,20.0,29,2016-02-29,460.0
PC201708,PC201708-3015,3,20 mg/kg PCDRUG,M,20.0,36,2016-03-07,456.0
PC201708,PC201708-3015,3,20 mg/kg PCDRUG,M,20.0,43,2016-03-14,441.0
PC201708,PC201708-3015,3,20 mg/kg PCDRUG,M,20.0,50,2016-03-21,492.0
PC201708,PC201708-3015,3,20 mg/kg PCDRUG,M,20.0,57,2016-03-28,456.0
PC201708,PC201708-3015,3,20 mg/kg PCDRUG,M,20.0,64,2016-04-04,545.0
PC201708,PC201708-3015,3,20 mg/kg PCDRUG,M,20.0,71,2016-04-11,545.0
PC201708,PC201708-3015,3,20 mg/kg PCDRUG,M,20.0,78,2016-04-18,484.0
PC201708,PC201708-3015,3,20 mg/kg PCDRUG,M,20.0,85,2016-04-25,459.0
PC201708,PC201708-3015,3,20 mg/kg PCDRUG,M,20.0,92,2016-05-02,476.0
PC201708,PC201708-3015,3,20 mg/kg PCDRUG,M,20.0,99,2016-05-09,486.0
PC201708,PC201708-3015,3,20 mg/kg PCDRUG,M,20.0,106,2016-05-16,514.0
PC201708,PC201708-3101,3,20 mg/kg PCDRUG,F,20.0,1,2016-02-01,247.0
PC201708,PC201708-3101,3,20 mg/kg PCDRUG,F,20.0,8,2016-02-08,270.0
PC201708,PC201708-3101,3,20 mg/kg PCDRUG,F,20.0,15,2016-02-15,303.0
PC201708,PC201708-3101,3,20 mg/kg PCDRUG,F,20.0,22,2016-02-22,293.0
PC201708,PC201708-3101,3,20 mg/kg PCDRUG,F,20.0,29,2016-02-29,334.0
PC201708,PC201708-3101,3,20 mg/kg PCDRUG,F,20.0,36,2016-03-07,351.0
PC201708,PC201708-3101,3,20 mg/kg PCDRUG,F,20.0,43,2016-03-14,308.0
PC201708,PC201708-3101,3,20 mg/kg PCDRUG,F,20.0,50,2016-03-21,369.0
PC201708,PC201708-3101,3,20 mg/kg PCDRUG,F,20.0,57,2016-03-28,310.0
PC201708,PC201708-3101,3,20 mg/kg PCDRUG,F,20.0,64,2016-04-04,369.0
PC201708,PC201708-3101,3,20 mg/kg PCDRUG,F,20.0,71,2016-04-11,337.0
PC201708,PC201708-3101,3,20 mg/kg PCDRUG,F,20.0,78,2016-04-18,299.0
PC201708,PC201708-3101,3,20 mg/kg PCDRUG,F,20.0,85,2016-04-25,397.0
PC201708,PC201708-3101,3,20 mg/kg PCDRUG,F,20.0,92,2016-05-02,363.0
PC201708,PC201708-3102,3,20 mg/kg PCDRUG,F,20.0,1,2016-02-01,237.0
PC201708,PC201708-3102,3,20 mg/kg PCDRUG,F,20.0,8,2016-02-08,272.0
PC201708,PC201708-3102,3,20 mg/kg PCDRUG,F,20.0,15,2016-02-15,272.0
PC201708,PC201708-3102,3,20 mg/kg PCDRUG,F,20.0,22,2016-02-22,303.0
PC201708,PC201708-3102,3,20 mg/kg PCDRUG,F,20.0,29,2016-02-29,294.0
PC201708,PC201708-3102,3,20 mg/kg PCDRUG,F,20.0,36,2016-03-07,316.0
PC201708,PC201708-3102,3,20 mg/kg PCDRUG,F,20.0,43,2016-03-14,300.0
PC201708,PC201708-3102,3,20 mg/kg PCDRUG,F,20.0,50,2016-03-21,328.0
PC201708,PC201708-3102,3,20 mg/kg PCDRUG,F,20.0,57,2016-03-28,369.0
PC201708,PC201708-3102,3,20 mg/kg PCDRUG,F,20.0,64,2016-04-04,383.0
PC201708,PC201708-3102,3,20 mg/kg PCDRUG,F,20.0,71,2016-04-11,381.0
PC201708,PC201708-3102,3,20 mg/kg PCDRUG,F,20.0,78,2016-04-18,390.0
PC201708,PC201708-3102,3,20 mg/kg PCDRUG,F,20.0,85,2016-04-25,373.0
PC201708,PC201708-3102,3,20 mg/kg PCDRUG,F,20.0,92,2016-05-02,352.0
PC201708,PC201708-3103,3,20 mg/kg PCDRUG,F,20.0,1,2016-02-01,257.0
PC201708,PC201708-3103,3,20 mg/kg PCDRUG,F,20.0,8,2016-02-08,283.0
PC201708,PC201708-3103,3,20 mg/kg PCDRUG,F,20.0,15,2016-02-15,277.0
PC201708,PC201708-3103,3,20 mg/kg PCDRUG,F,20.0,22,2016-02-22,273.0
PC201708,PC201708-3103,3,20 mg/kg PCDRUG,F,20.0,29,2016-02-29,273.0
PC201708,PC201708-3103,3,20 mg/kg PCDRUG,F,20.0,36,2016-03-07,330.0
PC201708,PC201708-3103,3,20 mg/kg PCDRUG,F,20.0,43,2016-03-14,279.0
PC201708,PC201708-3103,3,20 mg/kg PCDRUG,F,20.0,50,2016-03-21,334.0
PC201708,PC201708-3103,3,20 mg/kg PCDRUG,F,20.0,57,2016-03-28,335.0
PC201708,PC201708-3103,3,20 mg/kg PCDRUG,F,20.0,64,2016-04-04,389.0
PC201708,PC201708-3103,3,20 mg/kg PCDRUG,F,20.0,71,2016-04-11,339.0
PC201708,PC201708-3103,3,20 mg/kg PCDRUG,F,20.0,78,2016-04-18,389.0
PC201708,PC201708-3103,3,20 mg/kg PCDRUG,F,20.0,85,2016-04-25,401.0
PC201708,PC201708-3103,3,20 mg/kg PCDRUG,F,20.0,92,2016-05-02,417.0
PC201708,PC201708-3104,3,20 mg/kg PCDRUG,F,20.0,1,2016-02-01,264.0
PC201708,PC201708-3104,3,20 mg/kg PCDRUG,F,20.0,8,2016-02-08,255.0
PC201708,PC201708-3104,3,20 mg/kg PCDRUG,F,20.0,15,2016-02-15,274.0
PC201708,PC201708-3104,3,20 mg/kg PCDRUG,F,20.0,22,2016-02-22,334.0
PC201708,PC201708-3104,3,20 mg/kg PCDRUG,F,20.0,29,2016-02-29,337.0
PC201708,PC201708-3104,3,20 mg/kg PCDRUG,F,20.0,36,2016-03-07,354.0
PC201708,PC201708-3104,3,20 mg/kg PCDRUG,F,20.0,43,2016-03-14,286.0
PC201708,PC201708-3104,3,20 mg/kg PCDRUG,F,20.0,50,2016-03-21,305.0
PC201708,PC201708-3104,3,20 mg/kg PCDRUG,F,20.0,57,2016-03-28,329.0
PC201708,PC201708-3104,3,20 mg/kg PCDRUG,F,20.0,64,2016-04-04,299.0
PC201708,PC201708-3104,3,20 mg/kg PCDRUG,F,20.0,71,2016-04-11,392.0
PC201708,PC201708-3104,3,20 mg/kg PCDRUG,F,20.0,78,2016-04-18,386.0
PC201708,PC201708-3104,3,20 mg/kg PCDRUG,F,20.0,85,2016-04-25,376.0
PC201708,PC201708-3104,3,20 mg/kg PCDRUG,F,20.0,92,2016-05-02,346.0
PC201708,PC201708-3105,3,20 mg/kg PCDRUG,F,20.0,1,2016-02-01,236.0
PC201708,PC201708-3105,3,20 mg/kg PCDRUG,F,20.0,8,2016-02-08,267.0
PC201708,PC201708-3105,3,20 mg/kg PCDRUG,F,20.0,15,2016-02-15,272.0
PC201708,PC201708-3105,3,20 mg/kg PCDRUG,F,20.0,22,2016-02-22,260.0
PC201708,PC201708-3105,3,20 mg/kg PCDRUG,F,20.0,29,2016-02-29,293.0
PC201708,PC201708-3105,3,20 mg/kg PCDRUG,F,20.0,36,2016-03-07,312.0
PC201708,PC201708-3105,3,20 mg/kg PCDRUG,F,20.0,43,2016-03-14,331.0
PC201708,PC201708-3105,3,20 mg/kg PCDRUG,F,20.0,50,2016-03-21,377.0
PC201708,PC201708-3105,3,20 mg/kg PCDRUG,F,20.0,57,2016-03-28,323.0
PC201708,PC201708-3105,3,20 mg/kg PCDRUG,F,20.0,64,2016-04-04,349.0
PC201708,PC201708-3105,3,20 mg/kg PCDRUG,F,20.0,71,2016-04-11,337.0
PC201708,PC201708-3105,3,20 mg/kg PCDRUG,F,20.0,78,2016-04-18,377.0
PC201708,PC201708-3105,3,20 mg/kg PCDRUG,F,20.0,85,2016-04-25,405.0
PC201708,PC201708-3105,3,20 mg/kg PCDRUG,F,20.0,92,2016-05-02,318.0
PC201708,PC201708-3106,3,20 mg/kg PCDRUG,F,20.0,1,2016-02-01,231.0
PC201708,PC201708-3106,3,20 mg/kg PCDRUG,F,20.0,8,2016-02-08,289.0
PC201708,PC201708-3106,3,20 mg/kg PCDRUG,F,20.0,15,2016-02-15,265.0
PC201708,PC201708-3106,3,20 mg/kg PCDRUG,F,20.0,22,2016-02-22,276.0
PC201708,PC201708-3106,3,20 mg/kg PCDRUG,F,20.0,29,2016-02-29,307.0
PC201708,PC201708-3106,3,20 mg/kg PCDRUG,F,20.0,36,2016-03-07,322.0
PC201708,PC201708-3106,3,20 mg/kg PCDRUG,F,20.0,43,2016-03-14,282.0
PC201708,PC201708-3106,3,20 mg/kg PCDRUG,F,20.0,50,2016-03-21,312.0
PC201708,PC201708-3106,3,20 mg/kg PCDRUG,F,20.0,57,2016-03-28,375.0
PC201708,PC201708-3106,3,20 mg/kg PCDRUG,F,20.0,64,2016-04-04,302.0
PC201708,PC201708-3106,3,20 mg/kg PCDRUG,F,20.0,71,2016-04-11,339.0
PC201708,PC201708-3106,3,20 mg/kg PCDRUG,F,20.0,78,2016-04-18,310.0
PC201708,PC201708-3106,3,20 mg/kg PCDRUG,F,20.0,85,2016-04-25,297.0
PC201708,PC201708-3106,3,20 mg/kg PCDRUG,F,20.0,92,2016-05-02,324.0
PC201708,PC201708-3107,3,20 mg/kg PCDRUG,F,20.0,1,2016-02-01,259.0
PC201708,PC201708-3107,3,20 mg/kg PCDRUG,F,20.0,8,2016-02-08,254.0
PC201708,PC201708-3107,3,20 mg/kg PCDRUG,F,20.0,15,2016-02-15,293.0
PC201708,PC201708-3107,3,20 mg/kg PCDRUG,F,20.0,22,2016-02-22,300.0
PC201708,PC201708-3107,3,20 mg/kg PCDRUG,F,20.0,29,2016-02-29,276.0
PC201708,PC201708-3107,3,20 mg/kg PCDRUG,F,20.0,36,2016-03-07,271.0
PC201708,PC201708-3107,3,20 mg/kg PCDRUG,F,20.0,43,2016-03-14,326.0
PC201708,PC201708-3107,3,20 mg/kg PCDRUG,F,20.0,50,2016-03-21,373.0
PC201708,PC201708-3107,3,20 mg/kg PCDRUG,F,20.0,57,2016-03-28,379.0
PC201708,PC201708-3107,3,20 mg/kg PCDRUG,F,20.0,64,2016-04-04,291.0
PC201708,PC201708-3107,3,20 mg/kg PCDRUG,F,20.0,71,2016-04-11,327.0
PC201708,PC201708-3107,3,20 mg/kg PCDRUG,F,20.0,78,2016-04-18,394.0
PC201708,PC201708-3107,3,20 mg/kg PCDRUG,F,20.0,85,2016-04-25,325.0
PC201708,PC201708-3107,3,20 mg/kg PCDRUG,F,20.0,92,2016-05-02,315.0
PC201708,PC201708-3108,3,20 mg/kg PCDRUG,F,20.0,1,2016-02-01,253.0
PC201708,PC201708-3108,3,20 mg/kg PCDRUG,F,20.0,8,2016-02-08,282.0
PC201708,PC201708-3108,3,20 mg/kg PCDRUG,F,20.0,15,2016-02-15,269.0
PC201708,PC201708-3108,3,20 mg/kg PCDRUG,F,20.0,22,2016-02-22,334.0
PC201708,PC201708-3108,3,20 mg/kg PCDRUG,F,20.0,29,2016-02-29,338.0
PC201708,PC201708-3108,3,20 mg/kg PCDRUG,F,20.0,36,2016-03-07,342.0
PC201708,PC201708-3108,3,20 mg/kg PCDRUG,F,20.0,43,2016-03-14,355.0
PC201708,PC201708-3108,3,20 mg/kg PCDRUG,F,20.0,50,2016-03-21,375.0
PC201708,PC201708-3108,3,20 mg/kg PCDRUG,F,20.0,57,2016-03-28,309.0
PC201708,PC201708-3108,3,20 mg/kg PCDRUG,F,20.0,64,2016-04-04,323.0
PC201708,PC201708-3108,3,20 mg/kg PCDRUG,F,20.0,71,2016-04-11,324.0
PC201708,PC201708-3108,3,20 mg/kg PCDRUG,F,20.0,78,2016-04-18,352.0
PC201708,PC201708-3108,3,20 mg/kg PCDRUG,F,20.0,85,2016-04-25,361.0
PC201708,PC201708-3108,3,20 mg/kg PCDRUG,F,20.0,92,2016-05-02,345.0
PC201708,PC201708-3109,3,20 mg/kg PCDRUG,F,20.0,1,2016-02-01,231.0
PC201708,PC201708-3109,3,20 mg/kg PCDRUG,F,20.0,8,2016-02-08,285.0
PC201708,PC201708-3109,3,20 mg/kg PCDRUG,F,20.0,15,2016-02-15,293.0
PC201708,PC201708-3109,3,20 mg/kg PCDRUG,F,20.0,22,2016-02-22,305.0
PC201708,PC201708-3109,3,20 mg/kg PCDRUG,F,20.0,29,2016-02-29,311.0
PC201708,PC201708-3109,3,20 mg/kg PCDRUG,F,20.0,36,2016-03-07,317.0
PC201708,PC201708-3109,3,20 mg/kg PCDRUG,F,20.0,43,2016-03-14,313.0
PC201708,PC201708-3109,3,20 mg/kg PCDRUG,F,20.0,50,2016-03-21,279.0
PC201708,PC201708-3109,3,20 mg/kg PCDRUG,F,20.0,57,2016-03-28,288.0
PC201708,PC201708-3109,3,20 mg/kg PCDRUG,F,20.0,64,2016-04-04,306.0
PC201708,PC201708-3109,3,20 mg/kg PCDRUG,F,20.0,71,2016-04-11,374.0
PC201708,PC201708-3109,3,20 mg/kg PCDRUG,F,20.0,78,2016-04-18,397.0
PC201708,PC201708-3109,3,20 mg/kg PCDRUG,F,20.0,85,2016-04-25,363.0
PC201708,PC201708-3109,3,20 mg/kg PCDRUG,F,20.0,92,2016-05-02,419.0
PC201708,PC201708-3110,3,20 mg/kg PCDRUG,F,20.0,1,2016-02-01,237.0
PC201708,PC201708-3110,3,20 mg/kg PCDRUG,F,20.0,8,2016-02-08,269.0
PC201708,PC201708-3110,3,20 mg/kg PCDRUG,F,20.0,15,2016-02-15,307.0
PC201708,PC201708-3110,3,20 mg/kg PCDRUG,F,20.0,22,2016-02-22,333.0
PC201708,PC201708-3110,3,20 mg/kg PCDRUG,F,20.0,29,2016-02-29,307.0
PC201708,PC201708-3110,3,20 mg/kg PCDRUG,F,20.0,36,2016-03-07,274.0
PC201708,PC201708-3110,3,20 mg/kg PCDRUG,F,20.0,43,2016-03-14,292.0
PC201708,PC201708-3110,3,20 mg/kg PCDRUG,F,20.0,50,2016-03-21,304.0
PC201708,PC201708-3110,3,20 mg/kg PCDRUG,F,20.0,57,2016-03-28,327.0
PC201708,PC201708-3110,3,20 mg/kg PCDRUG,F,20.0,64,2016-04-04,381.0
PC201708,PC201708-3110,3,20 mg/kg PCDRUG,F,20.0,71,2016-04-11,292.0
PC201708,PC201708-3110,3,20 mg/kg PCDRUG,F,20.0,78,2016-04-18,348.0
PC201708,PC201708-3110,3,20 mg/kg PCDRUG,F,20.0,85,2016-04-25,314.0
PC201708,PC201708-3110,3,20 mg/kg PCDRUG,F,20.0,92,2016-05-02,420.0
PC201708,PC201708-3111,3,20 mg/kg PCDRUG,F,20.0,1,2016-02-01,259.0
PC201708,PC201708-3111,3,20 mg/kg PCDRUG,F,20.0,8,2016-02-08,271.0
PC201708,PC201708-3111,3,20 mg/kg PCDRUG,F,20.0,15,2016-02-15,279.0
PC201708,PC201708-3111,3,20 mg/kg PCDRUG,F,20.0,22,2016-02-22,262.0
PC201708,PC201708-3111,3,20 mg/kg PCDRUG,F,20.0,29,2016-02-29,313.0
PC201708,PC201708-3111,3,20 mg/kg PCDRUG,F,20.0,36,2016-03-07,260.0
PC201708,PC201708-3111,3,20 mg/kg PCDRUG,F,20.0,43,2016-03-14,314.0
PC201708,PC201708-3111,3,20 mg/kg PCDRUG,F,20.0,50,2016-03-21,270.0
PC201708,PC201708-3111,3,20 mg/kg PCDRUG,F,20.0,57,2016-03-28,324.0
PC201708,PC201708-3111,3,20 mg/kg PCDRUG,F,20.0,64,2016-04-04,360.0
PC201708,PC201708-3111,3,20 mg/kg PCDRUG,F,20.0,71,2016-04-11,328.0
PC201708,PC201708-3111,3,20 mg/kg PCDRUG,F,20.0,78,2016-04-18,298.0
PC201708,PC201708-3111,3,20 mg/kg PCDRUG,F,20.0,85,2016-04-25,399.0
PC201708,PC201708-3111,3,20 mg/kg PCDRUG,F,20.0,92,2016-05-02,324.0
PC201708,PC201708-3111,3,20 mg/kg PCDRUG,F,20.0,99,2016-05-09,418.0
PC201708,PC201708-3111,3,20 mg/kg PCDRUG,F,20.0,106,2016-05-16,422.0
PC201708,PC201708-3112,3,20 mg/kg PCDRUG,F,20.0,1,2016-02-01,231.0
PC201708,PC201708-3112,3,20 mg/kg PCDRUG,F,20.0,8,2016-02-08,257.0
PC201708,PC201708-3112,3,20 mg/kg PCDRUG,F,20.0,15,2016-02-15,270.0
PC201708,PC201708-3112,3,20 mg/kg PCDRUG,F,20.0,22,2016-02-22,275.0
PC201708,PC201708-3112,3,20 mg/kg PCDRUG,F,20.0,29,2016-02-29,280.0
PC201708,PC201708-3112,3,20 mg/kg PCDRUG,F,20.0,36,2016-03-07,292.0
PC201708,PC201708-3112,3,20 mg/kg PCDRUG,F,20.0,43,2016-03-14,328.0
PC201708,PC201708-3112,3,20 mg/kg PCDRUG,F,20.0,50,2016-03-21,340.0
PC201708,PC201708-3112,3,20 mg/kg PCDRUG,F,20.0,57,2016-03-28,370.0
PC201708,PC201708-3112,3,20 mg/kg PCDRUG,F,20.0,64,2016-04-04,316.0
PC201708,PC201708-3112,3,20 mg/kg PCDRUG,F,20.0,71,2016-04-11,295.0
PC201708,PC201708-3112,3,20 mg/kg PCDRUG,F,20.0,78,2016-04-18,391.0
PC201708,PC201708-3112,3,20 mg/kg PCDRUG,F,20.0,85,2016-04-25,309.0
PC201708,PC201708-3112,3,20 mg/kg PCDRUG,F,20.0,92,2016-05-02,344.0
PC201708,PC201708-3112,3,20 mg/kg PCDRUG,F,20.0,99,2016-05-09,417.0
PC201708,PC201708-3112,3,20 mg/kg PCDRUG,F,20.0,106,2016-05-16,399.0
PC201708,PC201708-3113,3,20 mg/kg PCDRUG,F,20.0,1,2016-02-01,258.0
PC201708,PC201708-3113,3,20 mg/kg PCDRUG,F,20.0,8,2016-02-08,260.0
PC201708,PC201708-3113,3,20 mg/kg PCDRUG,F,20.0,15,2016-02-15,295.0
PC201708,PC201708-3113,3,20 mg/kg PCDRUG,F,20.0,22,2016-02-22,281.0
PC201708,PC201708-3113,3,20 mg/kg PCDRUG,F,20.0,29,2016-02-29,284.0
PC201708,PC201708-3113,3,20 mg/kg PCDRUG,F,20.0,36,2016-03-07,341.0
PC201708,PC201708-3113,3,20 mg/kg PCDRUG,F,20.0,43,2016-03-14,356.0
PC201708,PC201708-3113,3,20 mg/kg PCDRUG,F,20.0,50,2016-03-21,354.0
PC201708,PC201708-3113,3,20 mg/kg PCDRUG,F,20.0,57,2016-03-28,385.0
PC201708,PC201708-3113,3,20 mg/kg PCDRUG,F,20.0,64,2016-04-04,300.0
PC201708,PC201708-3113,3,20 mg/kg PCDRUG,F,20.0,71,2016-04-11,293.0
PC201708,PC201708-3113,3,20 mg/kg PCDRUG,F,20.0,78,2016-04-18,337.0
PC201708,PC201708-3113,3,20 mg/kg PCDRUG,F,20.0,85,2016-04-25,364.0
PC201708,PC201708-3113,3,20 mg/kg PCDRUG,F,20.0,92,2016-05-02,407.0
PC201708,PC201708-3113,3,20 mg/kg PCDRUG,F,20.0,99,2016-05-09,393.0
PC201708,PC201708-3113,3,20 mg/kg PCDRUG,F,20.0,106,2016-05-16,427.0
PC201708,PC201708-3114,3,20 mg/kg PCDRUG,F,20.0,1,2016-02-01,229.0
PC201708,PC201708-3114,3,20 mg/kg PCDRUG,F,20.0,8,2016-02-08,272.0
PC201708,PC201708-3114,3,20 mg/kg PCDRUG,F,20.0,15,2016-02-15,262.0
PC201708,PC201708-3114,3,20 mg/kg PCDRUG,F,20.0,22,2016-02-22,277.0
PC201708,PC201708-3114,3,20 mg/kg PCDRUG,F,20.0,29,2016-02-29,299.0
PC201708,PC201708-3114,3,20 mg/kg PCDRUG,F,20.0,36,2016-03-07,353.0
PC201708,PC201708-3114,3,20 mg/kg PCDRUG,F,20.0,43,2016-03-14,282.0
PC201708,PC201708-3114,3,20 mg/kg PCDRUG,F,20.0,50,2016-03-21,333.0
PC201708,PC201708-3114,3,20 mg/kg PCDRUG,F,20.0,57,2016-03-28,279.0
PC201708,PC201708-3114,3,20 mg/kg PCDRUG,F,20.0,64,2016-04-04,310.0
PC201708,PC201708-3114,3,20 mg/kg PCDRUG,F,20.0,71,2016-04-11,299.0
PC201708,PC201708-3114,3,20 mg/kg PCDRUG,F,20.0,78,2016-04-18,399.0
PC201708,PC201708-3114,3,20 mg/kg PCDRUG,F,20.0,85,2016-04-25,327.0
PC201708,PC201708-3114,3,20 mg/kg PCDRUG,F,20.0,92,2016-05-02,389.0
PC201708,PC201708-3114,3,20 mg/kg PCDRUG,F,20.0,99,2016-05-09,342.0
PC201708,PC201708-3114,3,20 mg/kg PCDRUG,F,20.0,106,2016-05-16,371.0
PC201708,PC201708-3115,3,20 mg/kg PCDRUG,F,20.0,1,2016-02-01,246.0
PC201708,PC201708-3115,3,20 mg/kg PCDRUG,F,20.0,8,2016-02-08,284.0
PC201708,PC201708-3115,3,20 mg/kg PCDRUG,F,20.0,15,2016-02-15,306.0
PC201708,PC201708-3115,3,20 mg/kg PCDRUG,F,20.0,22,2016-02-22,304.0
PC201708,PC201708-3115,3,20 mg/kg PCDRUG,F,20.0,29,2016-02-29,328.0
PC201708,PC201708-3115,3,20 mg/kg PCDRUG,F,20.0,36,2016-03-07,320.0
PC201708,PC201708-3115,3,20 mg/kg PCDRUG,F,20.0,43,2016-03-14,366.0
PC201708,PC201708-3115,3,20 mg/kg PCDRUG,F,20.0,50,2016-03-21,292.0
PC201708,PC201708-3115,3,20 mg/kg PCDRUG,F,20.0,57,2016-03-28,297.0
PC201708,PC201708-3115,3,20 mg/kg PCDRUG,F,20.0,64,2016-04-04,372.0
PC201708,PC201708-3115,3,20 mg/kg PCDRUG,F,20.0,71,2016-04-11,319.0
PC201708,PC201708-3115,3,20 mg/kg PCDRUG,F,20.0,78,2016-04-18,387.0
PC201708,PC201708-3115,3,20 mg/kg PCDRUG,F,20.0,85,2016-04-25,317.0
PC201708,PC201708-3115,3,20 mg/kg PCDRUG,F,20.0,92,2016-05-02,388.0
PC201708,PC201708-3115,3,20 mg/kg PCDRUG,F,20.0,99,2016-05-09,365.0
PC201708,PC201708-3115,3,20 mg/kg PCDRUG,F,20.0,106,2016-05-16,380.0
PC201708,PC201708-4001,4,200 mg/kg PCDRUG,M,200.0,1,2016-02-01,323.0
PC201708,PC201708-4001,4,200 mg/kg PCDRUG,M,200.0,8,2016-02-08,315.0
PC201708,PC201708-4001,4,200 mg/kg PCDRUG,M,200.0,15,2016-02-15,319.0
PC201708,PC201708-4001,4,200 mg/kg PCDRUG,M,200.0,22,2016-02-22,345.0
PC201708,PC201708-4001,4,200 mg/kg PCDRUG,M,200.0,29,2016-02-29,379.0
PC201708,PC201708-4001,4,200 mg/kg PCDRUG,M,200.0,36,2016-03-07,421.0
PC201708,PC201708-4001,4,200 mg/kg PCDRUG,M,200.0,43,2016-03-14,429.0
PC201708,PC201708-4001,4,200 mg/kg PCDRUG,M,200.0,50,2016-03-21,435.0
PC201708,PC201708-4001,4,200 mg/kg PCDRUG,M,200.0,57,2016-03-28,417.0
PC201708,PC201708-4001,4,200 mg/kg PCDRUG,M,200.0,64,2016-04-04,434.0
PC201708,PC201708-4001,4,200 mg/kg PCDRUG,M,200.0,71,2016-04-11,458.0
PC201708,PC201708-4001,4,200 mg/kg PCDRUG,M,200.0,78,2016-04-18,454.0
PC201708,PC201708-4001,4,200 mg/kg PCDRUG,M,200.0,85,2016-04-25,444.0
PC201708,PC201708-4001,4,200 mg/kg PCDRUG,M,200.0,92,2016-05-02,443.0
PC201708,PC201708-4002,4,200 mg/kg PCDRUG,M,200.0,1,2016-02-01,337.0
PC201708,PC201708-4002,4,200 mg/kg PCDRUG,M,200.0,8,2016-02-08,332.0
PC201708,PC201708-4002,4,200 mg/kg PCDRUG,M,200.0,15,2016-02-15,336.0
PC201708,PC201708-4002,4,200 mg/kg PCDRUG,M,200.0,22,2016-02-22,342.0
PC201708,PC201708-4002,4,200 mg/kg PCDRUG,M,200.0,29,2016-02-29,416.0
PC201708,PC201708-4002,4,200 mg/kg PCDRUG,M,200.0,36,2016-03-07,387.0
PC201708,PC201708-4002,4,200 mg/kg PCDRUG,M,200.0,43,2016-03-14,385.0
PC201708,PC201708-4002,4,200 mg/kg PCDRUG,M,200.0,50,2016-03-21,435.0
PC201708,PC201708-4002,4,200 mg/kg PCDRUG,M,200.0,57,2016-03-28,405.0
PC201708,PC201708-4002,4,200 mg/kg PCDRUG,M,200.0,64,2016-04-04,426.0
PC201708,PC201708-4002,4,200 mg/kg PCDRUG,M,200.0,71,2016-04-11,475.0
PC201708,PC201708-4002,4,200 mg/kg PCDRUG,M,200.0,78,2016-04-18,414.0
PC201708,PC201708-4002,4,200 mg/kg PCDRUG,M,200.0,85,2016-04-25,442.0
PC201708,PC201708-4002,4,200 mg/kg PCDRUG,M,200.0,92,2016-05-02,415.0
PC201708,PC201708-4003,4,200 mg/kg PCDRUG,M,200.0,,,398.0
PC201708,PC201708-4003,4,200 mg/kg PCDRUG,M,200.0,1,2016-02-01,319.0
PC201708,PC201708-4003,4,200 mg/kg PCDRUG,M,200.0,8,2016-02-08,314.0
PC201708,PC201708-4003,4,200 mg/kg PCDRUG,M,200.0,15,2016-02-15,327.0
PC201708,PC201708-4003,4,200 mg/kg PCDRUG,M,200.0,22,2016-02-22,381.0
PC201708,PC201708-4003,4,200 mg/kg PCDRUG,M,200.0,29,2016-02-29,407.0
PC201708,PC201708-4003,4,200 mg/kg PCDRUG,M,200.0,36,2016-03-07,438.0
PC201708,PC201708-4003,4,200 mg/kg PCDRUG,M,200.0,43,2016-03-14,414.0
PC201708,PC201708-4003,4,200 mg/kg PCDRUG,M,200.0,50,2016-03-21,432.0
PC201708,PC201708-4003,4,200 mg/kg PCDRUG,M,200.0,57,2016-03-28,373.0
PC201708,PC201708-4003,4,200 mg/kg PCDRUG,M,200.0,64,2016-04-04,411.0
PC201708,PC201708-4003,4,200 mg/kg PCDRUG,M,200.0,71,2016-04-11,497.0
PC201708,PC201708-4003,4,200 mg/kg PCDRUG,M,200.0,78,2016-04-18,446.0
PC201708,PC201708-4003,4,200 mg/kg PCDRUG,M,200.0,85,2016-04-25,412.0
PC201708,PC201708-4004,4,200 mg/kg PCDRUG,M,200.0,1,2016-02-01,318.0
PC201708,PC201708-4004,4,200 mg/kg PCDRUG,M,200.0,8,2016-02-08,335.0
PC201708,PC201708-4004,4,200 mg/kg PCDRUG,M,200.0,15,2016-02-15,319.0
PC201708,PC201708-4004,4,200 mg/kg PCDRUG,M,200.0,22,2016-02-22,343.0
PC201708,PC201708-4004,4,200 mg/kg PCDRUG,M,200.0,29,2016-02-29,361.0
PC201708,PC201708-4004,4,200 mg/kg PCDRUG,M,200.0,36,2016-03-07,397.0
PC201708,PC201708-4004,4,200 mg/kg PCDRUG,M,200.0,43,2016-03-14,426.0
PC201708,PC201708-4004,4,200 mg/kg PCDRUG,M,200.0,50,2016-03-21,427.0
PC201708,PC201708-4004,4,200 mg/kg PCDRUG,M,200.0,57,2016-03-28,382.0
PC201708,PC201708-4004,4,200 mg/kg PCDRUG,M,200.0,64,2016-04-04,446.0
PC201708,PC201708-4004,4,200 mg/kg PCDRUG,M,200.0,71,2016-04-11,504.0
PC201708,PC201708-4004,4,200 mg/kg PCDRUG,M,200.0,78,2016-04-18,458.0
PC201708,PC201708-4004,4,200 mg/kg PCDRUG,M,200.0,85,2016-04-25,426.0
PC201708,PC201708-4004,4,200 mg/kg PCDRUG,M,200.0,92,2016-05-02,396.0
PC201708,PC201708-4005,4,200 mg/kg PCDRUG,M,200.0,1,2016-02-01,335.0
PC201708,PC201708-4005,4,200 mg/kg PCDRUG,M,200.0,8,2016-02-08,319.0
PC201708,PC201708-4005,4,200 mg/kg PCDRUG,M,200.0,15,2016-02-15,316.0
PC201708,PC201708-4005,4,200 mg/kg PCDRUG,M,200.0,22,2016-02-22,360.0
PC201708,PC201708-4005,4,200 mg/kg PCDRUG,M,200.0,29,2016-02-29,363.0
PC201708,PC201708-4005,4,200 mg/kg PCDRUG,M,200.0,36,2016-03-07,378.0
PC201708,PC201708-4005,4,200 mg/kg PCDRUG,M,200.0,43,2016-03-14,378.0
PC201708,PC201708-4005,4,200 mg/kg PCDRUG,M,200.0,50,2016-03-21,398.0
PC201708,PC201708-4005,4,200 mg/kg PCDRUG,M,200.0,57,2016-03-28,422.0
PC201708,PC201708-4005,4,200 mg/kg PCDRUG,M,200.0,64,2016-04-04,448.0
PC201708,PC201708-4005,4,200 mg/kg PCDRUG,M,200.0,71,2016-04-11,465.0
PC201708,PC201708-4005,4,200 mg/kg PCDRUG,M,200.0,78,2016-04-18,417.0
PC201708,PC201708-4005,4,200 mg/kg PCDRUG,M,200.0,85,2016-04-25,395.0
PC201708,PC201708-4005,4,200 mg/kg PCDRUG,M,200.0,92,2016-05-02,428.0
PC201708,PC201708-4006,4,200 mg/kg PCDRUG,M,200.0,1,2016-02-01,318.0
PC201708,PC201708-4006,4,200 mg/kg PCDRUG,M,200.0,8,2016-02-08,311.0
PC201708,PC201708-4006,4,200 mg/kg PCDRUG,M,200.0,15,2016-02-15,330.0
PC201708,PC201708-4006,4,200 mg/kg PCDRUG,M,200.0,22,2016-02-22,370.0
PC201708,PC201708-4006,4,200 mg/kg PCDRUG,M,200.0,29,2016-02-29,414.0
PC201708,PC201708-4006,4,200 mg/kg PCDRUG,M,200.0,36,2016-03-07,386.0
PC201708,PC201708-4006,4,200 mg/kg PCDRUG,M,200.0,43,2016-03-14,409.0
PC201708,PC201708-4006,4,200 mg/kg PCDRUG,M,200.0,50,2016-03-21,421.0
PC201708,PC201708-4006,4,200 mg/kg PCDRUG,M,200.0,57,2016-03-28,410.0
PC201708,PC201708-4006,4,200 mg/kg PCDRUG,M,200.0,64,2016-04-04,441.0
PC201708,PC201708-4006,4,200 mg/kg PCDRUG,M,200.0,71,2016-04-11,461.0
PC201708,PC201708-4006,4,200 mg/kg PCDRUG,M,200.0,78,2016-04-18,400.0
PC201708,PC201708-4006,4,200 mg/kg PCDRUG,M,200.0,85,2016-04-25,410.0
PC201708,PC201708-4006,4,200 mg/kg PCDRUG,M,200.0,92,2016-05-02,420.0
PC201708,PC201708-4007,4,200 mg/kg PCDRUG,M,200.0,1,2016-02-01,337.0
PC201708,PC201708-4007,4,200 mg/kg PCDRUG,M,200.0,8,2016-02-08,314.0
PC201708,PC201708-4007,4,200 mg/kg PCDRUG,M,200.0,15,2016-02-15,324.0
PC201708,PC201708-4007,4,200 mg/kg PCDRUG,M,200.0,22,2016-02-22,355.0
PC201708,PC201708-4007,4,200 mg/kg PCDRUG,M,200.0,29,2016-02-29,398.0
PC201708,PC201708-4007,4,200 mg/kg PCDRUG,M,200.0,36,2016-03-07,404.0
PC201708,PC201708-4007,4,200 mg/kg PCDRUG,M,200.0,43,2016-03-14,446.0
PC201708,PC201708-4007,4,200 mg/kg PCDRUG,M,200.0,50,2016-03-21,442.0
PC201708,PC201708-4007,4,200 mg/kg PCDRUG,M,200.0,57,2016-03-28,395.0
PC201708,PC201708-4007,4,200 mg/kg PCDRUG,M,200.0,64,2016-04-04,436.0
PC201708,PC201708-4007,4,200 mg/kg PCDRUG,M,200.0,71,2016-04-11,451.0
PC201708,PC201708-4007,4,200 mg/kg PCDRUG,M,200.0,78,2016-04-18,414.0
PC201708,PC201708-4007,4,200 mg/kg PCDRUG,M,200.0,85,2016-04-25,422.0
PC201708,PC201708-4007,4,200 mg/kg PCDRUG,M,200.0,92,2016-05-02,394.0
PC201708,PC201708-4008,4,200 mg/kg PCDRUG,M,200.0,1,2016-02-01,349.0
PC201708,PC201708-4008,4,200 mg/kg PCDRUG,M,200.0,8,2016-02-08,315.0
PC201708,PC201708-4008,4,200 mg/kg PCDRUG,M,200.0,15,2016-02-15,316.0
PC201708,PC201708-4008,4,200 mg/kg PCDRUG,M,200.0,22,2016-02-22,354.0
PC201708,PC201708-4008,4,200 mg/kg PCDRUG,M,200.0,29,2016-02-29,366.0
PC201708,PC201708-4008,4,200 mg/kg PCDRUG,M,200.0,36,2016-03-07,394.0
PC201708,PC201708-4008,4,200 mg/kg PCDRUG,M,200.0,43,2016-03-14,382.0
PC201708,PC201708-4008,4,200 mg/kg PCDRUG,M,200.0,50,2016-03-21,375.0
PC201708,PC201708-4008,4,200 mg/kg PCDRUG,M,200.0,57,2016-03-28,416.0
PC201708,PC201708-4008,4,200 mg/kg PCDRUG,M,200.0,64,2016-04-04,395.0
PC201708,PC201708-4008,4,200 mg/kg PCDRUG,M,200.0,71,2016-04-11,489.0
PC201708,PC201708-4008,4,200 mg/kg PCDRUG,M,200.0,78,2016-04-18,434.0
PC201708,PC201708-4008,4,200 mg/kg PCDRUG,M,200.0,85,2016-04-25,431.0
PC201708,PC201708-4008,4,200 mg/kg PCDRUG,M,200.0,92,2016-05-02,461.0
PC201708,PC201708-4009,4,200 mg/kg PCDRUG,M,200.0,1,2016-02-01,349.0
PC201708,PC201708-4009,4,200 mg/kg PCDRUG,M,200.0,8,2016-02-08,331.0
PC201708,PC201708-4009,4,200 mg/kg PCDRUG,M,200.0,15,2016-02-15,333.0
PC201708,PC201708-4009,4,200 mg/kg PCDRUG,M,200.0,22,2016-02-22,347.0
PC201708,PC201708-4009,4,200 mg/kg PCDRUG,M,200.0,29,2016-02-29,402.0
PC201708,PC201708-4009,4,200 mg/kg PCDRUG,M,200.0,36,2016-03-07,387.0
PC201708,PC201708-4009,4,200 mg/kg PCDRUG,M,200.0,43,2016-03-14,370.0
PC201708,PC201708-4009,4,200 mg/kg PCDRUG,M,200.0,50,2016-03-21,426.0
PC201708,PC201708-4009,4,200 mg/kg PCDRUG,M,200.0,57,2016-03-28,450.0
PC201708,PC201708-4009,4,200 mg/kg PCDRUG,M,200.0,64,2016-04-04,398.0
PC201708,PC201708-4009,4,200 mg/kg PCDRUG,M,200.0,71,2016-04-11,509.0
PC201708,PC201708-4009,4,200 mg/kg PCDRUG,M,200.0,78,2016-04-18,432.0
PC201708,PC201708-4009,4,200 mg/kg PCDRUG,M,200.0,85,2016-04-25,405.0
PC201708,PC201708-4009,4,200 mg/kg PCDRUG,M,200.0,92,2016-05-02,430.0
PC201708,PC201708-4010,4,200 mg/kg PCDRUG,M,200.0,1,2016-02-01,345.0
PC201708,PC201708-4010,4,200 mg/kg PCDRUG,M,200.0,8,2016-02-08,319.0
PC201708,PC201708-4010,4,200 mg/kg PCDRUG,M,200.0,15,2016-02-15,322.0
PC201708,PC201708-4010,4,200 mg/kg PCDRUG,M,200.0,22,2016-02-22,381.0
PC201708,PC201708-4010,4,200 mg/kg PCDRUG,M,200.0,29,2016-02-29,390.0
PC201708,PC201708-4010,4,200 mg/kg PCDRUG,M,200.0,36,2016-03-07,363.0
PC201708,PC201708-4010,4,200 mg/kg PCDRUG,M,200.0,43,2016-03-14,357.0
PC201708,PC201708-4010,4,200 mg/kg PCDRUG,M,200.0,50,2016-03-21,442.0
PC201708,PC201708-4010,4,200 mg/kg PCDRUG,M,200.0,57,2016-03-28,420.0
PC201708,PC201708-4010,4,200 mg/kg PCDRUG,M,200.0,64,2016-04-04,423.0
PC201708,PC201708-4010,4,200 mg/kg PCDRUG,M,200.0,71,2016-04-11,454.0
PC201708,PC201708-4010,4,200 mg/kg PCDRUG,M,200.0,78,2016-04-18,418.0
PC201708,PC201708-4010,4,200 mg/kg PCDRUG,M,200.0,85,2016-04-25,445.0
PC201708,PC201708-4010,4,200 mg/kg PCDRUG,M,200.0,92,2016-05-02,398.0
PC201708,PC201708-4011,4,200 mg/kg PCDRUG,M,200.0,1,2016-02-01,345.0
PC201708,PC201708-4011,4,200 mg/kg PCDRUG,M,200.0,8,2016-02-08,328.0
PC201708,PC201708-4011,4,200 mg/kg PCDRUG,M,200.0,15,2016-02-15,320.0
PC201708,PC201708-4011,4,200 mg/kg PCDRUG,M,200.0,22,2016-02-22,343.0
PC201708,PC201708-4011,4,200 mg/kg PCDRUG,M,200.0,29,2016-02-29,372.0
PC201708,PC201708-4011,4,200 mg/kg PCDRUG,M,200.0,36,2016-03-07,395.0
PC201708,PC201708-4011,4,200 mg/kg PCDRUG,M,200.0,43,2016-03-14,410.0
PC201708,PC201708-4011,4,200 mg/kg PCDRUG,M,200.0,50,2016-03-21,395.0
PC201708,PC201708-4011,4,200 mg/kg PCDRUG,M,200.0,57,2016-03-28,423.0
PC201708,PC201708-4011,4,200 mg/kg PCDRUG,M,200.0,64,2016-04-04,410.0
PC201708,PC201708-4011,4,200 mg/kg PCDRUG,M,200.0,71,2016-04-11,466.0
PC201708,PC201708-4011,4,200 mg/kg PCDRUG,M,200.0,78,2016-04-18,435.0
PC201708,PC201708-4011,4,200 mg/kg PCDRUG,M,200.0,85,2016-04-25,435.0
PC201708,PC201708-4011,4,200 mg/kg PCDRUG,M,200.0,92,2016-05-02,402.0
PC201708,PC201708-4011,4,200 mg/kg PCDRUG,M,200.0,99,2016-05-09,412.0
PC201708,PC201708-4011,4,200 mg/kg PCDRUG,M,200.0,106,2016-05-16,447.0
PC201708,PC201708-4012,4,200 mg/kg PCDRUG,M,200.0,1,2016-02-01,315.0
PC201708,PC201708-4012,4,200 mg/kg PCDRUG,M,200.0,8,2016-02-08,307.0
PC201708,PC201708-4012,4,200 mg/kg PCDRUG,M,200.0,15,2016-02-15,322.0
PC201708,PC201708-4012,4,200 mg/kg PCDRUG,M,200.0,22,2016-02-22,337.0
PC201708,PC201708-4012,4,200 mg/kg PCDRUG,M,200.0,29,2016-02-29,369.0
PC201708,PC201708-4012,4,200 mg/kg PCDRUG,M,200.0,36,2016-03-07,414.0
PC201708,PC201708-4012,4,200 mg/kg PCDRUG,M,200.0,43,2016-03-14,422.0
PC201708,PC201708-4012,4,200 mg/kg PCDRUG,M,200.0,50,2016-03-21,401.0
PC201708,PC201708-4012,4,200 mg/kg PCDRUG,M,200.0,57,2016-03-28,440.0
PC201708,PC201708-4012,4,200 mg/kg PCDRUG,M,200.0,64,2016-04-04,398.0
PC201708,PC201708-4012,4,200 mg/kg PCDRUG,M,200.0,71,2016-04-11,491.0
PC201708,PC201708-4012,4,200 mg/kg PCDRUG,M,200.0,78,2016-04-18,396.0
PC201708,PC201708-4012,4,200 mg/kg PCDRUG,M,200.0,85,2016-04-25,448.0
PC201708,PC201708-4012,4,200 mg/kg PCDRUG,M,200.0,92,2016-05-02,436.0
PC201708,PC201708-4012,4,200 mg/kg PCDRUG,M,200.0,99,2016-05-09,444.0
PC201708,PC201708-4012,4,200 mg/kg PCDRUG,M,200.0,106,2016-05-16,451.0
PC201708,PC201708-4013,4,200 mg/kg PCDRUG,M,200.0,1,2016-02-01,338.0
PC201708,PC201708-4013,4,200 mg/kg PCDRUG,M,200.0,8,2016-02-08,319.0
PC201708,PC201708-4013,4,200 mg/kg PCDRUG,M,200.0,15,2016-02-15,327.0
PC201708,PC201708-4013,4,200 mg/kg PCDRUG,M,200.0,22,2016-02-22,358.0
PC201708,PC201708-4013,4,200 mg/kg PCDRUG,M,200.0,29,2016-02-29,390.0
PC201708,PC201708-4013,4,200 mg/kg PCDRUG,M,200.0,36,2016-03-07,374.0
PC201708,PC201708-4013,4,200 mg/kg PCDRUG,M,200.0,43,2016-03-14,374.0
PC201708,PC201708-4013,4,200 mg/kg PCDRUG,M,200.0,50,2016-03-21,430.0
PC201708,PC201708-4013,4,200 mg/kg PCDRUG,M,200.0,57,2016-03-28,410.0
PC201708,PC201708-4013,4,200 mg/kg PCDRUG,M,200.0,64,2016-04-04,426.0
PC201708,PC201708-4013,4,200 mg/kg PCDRUG,M,200.0,71,2016-04-11,447.0
PC201708,PC201708-4013,4,200 mg/kg PCDRUG,M,200.0,78,2016-04-18,391.0
PC201708,PC201708-4013,4,200 mg/kg PCDRUG,M,200.0,85,2016-04-25,399.0
PC201708,PC201708-4013,4,200 mg/kg PCDRUG,M,200.0,92,2016-05-02,402.0
PC201708,PC201708-4013,4,200 mg/kg PCDRUG,M,200.0,99,2016-05-09,429.0
PC201708,PC201708-4013,4,200 mg/kg PCDRUG,M,200.0,106,2016-05-16,467.0
PC201708,PC201708-4014,4,200 mg/kg PCDRUG,M,200.0,1,2016-02-01,347.0
PC201708,PC201708-4014,4,200 mg/kg PCDRUG,M,200.0,8,2016-02-08,319.0
PC201708,PC201708-4014,4,200 mg/kg PCDRUG,M,200.0,15,2016-02-15,324.0
PC201708,PC201708-4014,4,200 mg/kg PCDRUG,M,200.0,22,2016-02-22,378.0
PC201708,PC201708-4014,4,200 mg/kg PCDRUG,M,200.0,29,2016-02-29,374.0
PC201708,PC201708-4014,4,200 mg/kg PCDRUG,M,200.0,36,2016-03-07,407.0
PC201708,PC201708-4014,4,200 mg/kg PCDRUG,M,200.0,43,2016-03-14,361.0
PC201708,PC201708-4014,4,200 mg/kg PCDRUG,M,200.0,50,2016-03-21,441.0
PC201708,PC201708-4014,4,200 mg/kg PCDRUG,M,200.0,57,2016-03-28,432.0
PC201708,PC201708-4014,4,200 mg/kg PCDRUG,M,200.0,64,2016-04-04,426.0
PC201708,PC201708-4014,4,200 mg/kg PCDRUG,M,200.0,71,2016-04-11,458.0
PC201708,PC201708-4014,4,200 mg/kg PCDRUG,M,200.0,78,2016-04-18,406.0
PC201708,PC201708-4014,4,200 mg/kg PCDRUG,M,200.0,85,2016-04-25,455.0
PC201708,PC201708-4014,4,200 mg/kg PCDRUG,M,200.0,92,2016-05-02,392.0
PC201708,PC201708-4014,4,200 mg/kg PCDRUG,M,200.0,99,2016-05-09,462.0
PC201708,PC201708-4014,4,200 mg/kg PCDRUG,M,200.0,106,2016-05-16,443.0
PC201708,PC201708-4015,4,200 mg/kg PCDRUG,M,200.0,1,2016-02-01,345.0
PC201708,PC201708-4015,4,200 mg/kg PCDRUG,M,200.0,8,2016-02-08,309.0
PC201708,PC201708-4015,4,200 mg/kg PCDRUG,M,200.0,15,2016-02-15,326.0
PC201708,PC201708-4015,4,200 mg/kg PCDRUG,M,200.0,22,2016-02-22,354.0
PC201708,PC201708-4015,4,200 mg/kg PCDRUG,M,200.0,29,2016-02-29,414.0
PC201708,PC201708-4015,4,200 mg/kg PCDRUG,M,200.0,36,2016-03-07,402.0
PC201708,PC201708-4015,4,200 mg/kg PCDRUG,M,200.0,43,2016-03-14,441.0
PC201708,PC201708-4015,4,200 mg/kg PCDRUG,M,200.0,50,2016-03-21,421.0
PC201708,PC201708-4015,4,200 mg/kg PCDRUG,M,200.0,57,2016-03-28,407.0
PC201708,PC201708-4015,4,200 mg/kg PCDRUG,M,200.0,64,2016-04-04,422.0
PC201708,PC201708-4015,4,200 mg/kg PCDRUG,M,200.0,71,2016-04-11,506.0
PC201708,PC201708-4015,4,200 mg/kg PCDRUG,M,200.0,78,2016-04-18,436.0
PC201708,PC201708-4015,4,200 mg/kg PCDRUG,M,200.0,85,2016-04-25,432.0
PC201708,PC201708-4015,4,200 mg/kg PCDRUG,M,200.0,92,2016-05-02,397.0
PC201708,PC201708-4015,4,200 mg/kg PCDRUG,M,200.0,99,2016-05-09,446.0
PC201708,PC201708-4015,4,200 mg/kg PCDRUG,M,200.0,106,2016-05-16,481.0
PC201708,PC201708-4101,4,200 mg/kg PCDRUG,F,200.0,1,2016-02-01,234.0
PC201708,PC201708-4101,4,200 mg/kg PCDRUG,F,200.0,8,2016-02-08,246.0
PC201708,PC201708-4101,4,200 mg/kg PCDRUG,F,200.0,15,2016-02-15,240.0
PC201708,PC201708-4101,4,200 mg/kg PCDRUG,F,200.0,22,2016-02-22,237.0
PC201708,PC201708-4101,4,200 mg/kg PCDRUG,F,200.0,29,2016-02-29,232.0
PC201708,PC201708-4101,4,200 mg/kg PCDRUG,F,200.0,36,2016-03-07,221.0
PC201708,PC201708-4101,4,200 mg/kg PCDRUG,F,200.0,43,2016-03-14,258.0
PC201708,PC201708-4101,4,200 mg/kg PCDRUG,F,200.0,50,2016-03-21,246.0
PC201708,PC201708-4101,4,200 mg/kg PCDRUG,F,200.0,57,2016-03-28,248.0
PC201708,PC201708-4101,4,200 mg/kg PCDRUG,F,200.0,64,2016-04-04,306.0
PC201708,PC201708-4101,4,200 mg/kg PCDRUG,F,200.0,71,2016-04-11,238.0
PC201708,PC201708-4101,4,200 mg/kg PCDRUG,F,200.0,78,2016-04-18,278.0
PC201708,PC201708-4101,4,200 mg/kg PCDRUG,F,200.0,85,2016-04-25,301.0
PC201708,PC201708-4101,4,200 mg/kg PCDRUG,F,200.0,92,2016-05-02,277.0
PC201708,PC201708-4102,4,200 mg/kg PCDRUG,F,200.0,1,2016-02-01,245.0
PC201708,PC201708-4102,4,200 mg/kg PCDRUG,F,200.0,8,2016-02-08,231.0
PC201708,PC201708-4102,4,200 mg/kg PCDRUG,F,200.0,15,2016-02-15,243.0
PC201708,PC201708-4102,4,200 mg/kg PCDRUG,F,200.0,22,2016-02-22,261.0
PC201708,PC201708-4102,4,200 mg/kg PCDRUG,F,200.0,29,2016-02-29,262.0
PC201708,PC201708-4102,4,200 mg/kg PCDRUG,F,200.0,36,2016-03-07,248.0
PC201708,PC201708-4102,4,200 mg/kg PCDRUG,F,200.0,43,2016-03-14,230.0
PC201708,PC201708-4102,4,200 mg/kg PCDRUG,F,200.0,50,2016-03-21,296.0
PC201708,PC201708-4102,4,200 mg/kg PCDRUG,F,200.0,57,2016-03-28,265.0
PC201708,PC201708-4102,4,200 mg/kg PCDRUG,F,200.0,64,2016-04-04,250.0
PC201708,PC201708-4102,4,200 mg/kg PCDRUG,F,200.0,71,2016-04-11,283.0
PC201708,PC201708-4102,4,200 mg/kg PCDRUG,F,200.0,78,2016-04-18,270.0
PC201708,PC201708-4102,4,200 mg/kg PCDRUG,F,200.0,85,2016-04-25,296.0
PC201708,PC201708-4102,4,200 mg/kg PCDRUG,F,200.0,92,2016-05-02,318.0
PC201708,PC201708-4103,4,200 mg/kg PCDRUG,F,200.0,1,2016-02-01,252.0
PC201708,PC201708-4103,4,200 mg/kg PCDRUG,F,200.0,8,2016-02-08,246.0
PC201708,PC201708-4103,4,200 mg/kg PCDRUG,F,200.0,15,2016-02-15,236.0
PC201708,PC201708-4103,4,200 mg/kg PCDRUG,F,200.0,22,2016-02-22,242.0
PC201708,PC201708-4103,4,200 mg/kg PCDRUG,F,200.0,29,2016-02-29,214.0
PC201708,PC201708-4103,4,200 mg/kg PCDRUG,F,200.0,36,2016-03-07,209.0
PC201708,PC201708-4103,4,200 mg/kg PCDRUG,F,200.0,43,2016-03-14,279.0
PC201708,PC201708-4103,4,200 mg/kg PCDRUG,F,200.0,50,2016-03-21,224.0
PC201708,PC201708-4103,4,200 mg/kg PCDRUG,F,200.0,57,2016-03-28,304.0
PC201708,PC201708-4103,4,200 mg/kg PCDRUG,F,200.0,64,2016-04-04,278.0
PC201708,PC201708-4103,4,200 mg/kg PCDRUG,F,200.0,71,2016-04-11,311.0
PC201708,PC201708-4103,4,200 mg/kg PCDRUG,F,200.0,78,2016-04-18,310.0
PC201708,PC201708-4103,4,200 mg/kg PCDRUG,F,200.0,85,2016-04-25,244.0
PC201708,PC201708-4103,4,200 mg/kg PCDRUG,F,200.0,92,2016-05-02,295.0
PC201708,PC201708-4104,4,200 mg/kg PCDRUG,F,200.0,1,2016-02-01,253.0
PC201708,PC201708-4104,4,200 mg/kg PCDRUG,F,200.0,8,2016-02-08,241.0
PC201708,PC201708-4104,4,200 mg/kg PCDRUG,F,200.0,15,2016-02-15,224.0
PC201708,PC201708-4104,4,200 mg/kg PCDRUG,F,200.0,22,2016-02-22,262.0
PC201708,PC201708-4104,4,200 mg/kg PCDRUG,F,200.0,29,2016-02-29,235.0
PC201708,PC201708-4104,4,200 mg/kg PCDRUG,F,200.0,36,2016-03-07,241.0
PC201708,PC201708-4104,4,200 mg/kg PCDRUG,F,200.0,43,2016-03-14,292.0
PC201708,PC201708-4104,4,200 mg/kg PCDRUG,F,200.0,50,2016-03-21,250.0
PC201708,PC201708-4104,4,200 mg/kg PCDRUG,F,200.0,57,2016-03-28,236.0
PC201708,PC201708-4104,4,200 mg/kg PCDRUG,F,200.0,64,2016-04-04,236.0
PC201708,PC201708-4104,4,200 mg/kg PCDRUG,F,200.0,71,2016-04-11,299.0
PC201708,PC201708-4104,4,200 mg/kg PCDRUG,F,200.0,78,2016-04-18,299.0
PC201708,PC201708-4104,4,200 mg/kg PCDRUG,F,200.0,85,2016-04-25,320.0
PC201708,PC201708-4104,4,200 mg/kg PCDRUG,F,200.0,92,2016-05-02,272.0
PC201708,PC201708-4105,4,200 mg/kg PCDRUG,F,200.0,1,2016-02-01,251.0
PC201708,PC201708-4105,4,200 mg/kg PCDRUG,F,200.0,8,2016-02-08,248.0
PC201708,PC201708-4105,4,200 mg/kg PCDRUG,F,200.0,15,2016-02-15,229.0
PC201708,PC201708-4105,4,200 mg/kg PCDRUG,F,200.0,22,2016-02-22,208.0
PC201708,PC201708-4105,4,200 mg/kg PCDRUG,F,200.0,29,2016-02-29,268.0
PC201708,PC201708-4105,4,200 mg/kg PCDRUG,F,200.0,36,2016-03-07,264.0
PC201708,PC201708-4105,4,200 mg/kg PCDRUG,F,200.0,43,2016-03-14,232.0
PC201708,PC201708-4105,4,200 mg/kg PCDRUG,F,200.0,50,2016-03-21,223.0
PC201708,PC201708-4105,4,200 mg/kg PCDRUG,F,200.0,57,2016-03-28,244.0
PC201708,PC201708-4105,4,200 mg/kg PCDRUG,F,200.0,64,2016-04-04,298.0
PC201708,PC201708-4105,4,200 mg/kg PCDRUG,F,200.0,71,2016-04-11,282.0
PC201708,PC201708-4105,4,200 mg/kg PCDRUG,F,200.0,78,2016-04-18,274.0
PC201708,PC201708-4105,4,200 mg/kg PCDRUG,F,200.0,85,2016-04-25,250.0
PC201708,PC201708-4105,4,200 mg/kg PCDRUG,F,200.0,92,2016-05-02,301.0
PC201708,PC201708-4106,4,200 mg/kg PCDRUG,F,200.0,1,2016-02-01,230.0
PC201708,PC201708-4106,4,200 mg/kg PCDRUG,F,200.0,8,2016-02-08,250.0
PC201708,PC201708-4106,4,200 mg/kg PCDRUG,F,200.0,15,2016-02-15,257.0
PC201708,PC201708-4106,4,200 mg/kg PCDRUG,F,200.0,22,2016-02-22,229.0
PC201708,PC201708-4106,4,200 mg/kg PCDRUG,F,200.0,29,2016-02-29,246.0
PC201708,PC201708-4106,4,200 mg/kg PCDRUG,F,200.0,36,2016-03-07,212.0
PC201708,PC201708-4106,4,200 mg/kg PCDRUG,F,200.0,43,2016-03-14,274.0
PC201708,PC201708-4106,4,200 mg/kg PCDRUG,F,200.0,50,2016-03-21,274.0
PC201708,PC201708-4106,4,200 mg/kg PCDRUG,F,200.0,57,2016-03-28,256.0
PC201708,PC201708-4106,4,200 mg/kg PCDRUG,F,200.0,64,2016-04-04,274.0
PC201708,PC201708-4106,4,200 mg/kg PCDRUG,F,200.0,71,2016-04-11,302.0
PC201708,PC201708-4106,4,200 mg/kg PCDRUG,F,200.0,78,2016-04-18,307.0
PC201708,PC201708-4106,4,200 mg/kg PCDRUG,F,200.0,85,2016-04-25,320.0
PC201708,PC201708-4106,4,200 mg/kg PCDRUG,F,200.0,92,2016-05-02,302.0
PC201708,PC201708-4107,4,200 mg/kg PCDRUG,F,200.0,1,2016-02-01,233.0
PC201708,PC201708-4107,4,200 mg/kg PCDRUG,F,200.0,8,2016-02-08,245.0
PC201708,PC201708-4107,4,200 mg/kg PCDRUG,F,200.0,15,2016-02-15,236.0
PC201708,PC201708-4107,4,200 mg/kg PCDRUG,F,200.0,22,2016-02-22,222.0
PC201708,PC201708-4107,4,200 mg/kg PCDRUG,F,200.0,29,2016-02-29,244.0
PC201708,PC201708-4107,4,200 mg/kg PCDRUG,F,200.0,36,2016-03-07,235.0
PC201708,PC201708-4107,4,200 mg/kg PCDRUG,F,200.0,43,2016-03-14,273.0
PC201708,PC201708-4107,4,200 mg/kg PCDRUG,F,200.0,50,2016-03-21,238.0
PC201708,PC201708-4107,4,200 mg/kg PCDRUG,F,200.0,57,2016-03-28,237.0
PC201708,PC201708-4107,4,200 mg/kg PCDRUG,F,200.0,64,2016-04-04,264.0
PC201708,PC201708-4107,4,200 mg/kg PCDRUG,F,200.0,71,2016-04-11,291.0
PC201708,PC201708-4107,4,200 mg/kg PCDRUG,F,200.0,78,2016-04-18,315.0
PC201708,PC201708-4107,4,200 mg/kg PCDRUG,F,200.0,85,2016-04-25,293.0
PC201708,PC201708-4107,4,200 mg/kg PCDRUG,F,200.0,92,2016-05-02,310.0
PC201708,PC201708-4108,4,200 mg/kg PCDRUG,F,200.0,1,2016-02-01,234.0
PC201708,PC201708-4108,4,200 mg/kg PCDRUG,F,200.0,8,2016-02-08,250.0
PC201708,PC201708-4108,4,200 mg/kg PCDRUG,F,200.0,15,2016-02-15,227.0
PC201708,PC201708-4108,4,200 mg/kg PCDRUG,F,200.0,22,2016-02-22,245.0
PC201708,PC201708-4108,4,200 mg/kg PCDRUG,F,200.0,29,2016-02-29,231.0
PC201708,PC201708-4108,4,200 mg/kg PCDRUG,F,200.0,36,2016-03-07,278.0
PC201708,PC201708-4108,4,200 mg/kg PCDRUG,F,200.0,43,2016-03-14,271.0
PC201708,PC201708-4108,4,200 mg/kg PCDRUG,F,200.0,50,2016-03-21,274.0
PC201708,PC201708-4108,4,200 mg/kg PCDRUG,F,200.0,57,2016-03-28,255.0
PC201708,PC201708-4108,4,200 mg/kg PCDRUG,F,200.0,64,2016-04-04,232.0
PC201708,PC201708-4108,4,200 mg/kg PCDRUG,F,200.0,71,2016-04-11,238.0
PC201708,PC201708-4108,4,200 mg/kg PCDRUG,F,200.0,78,2016-04-18,247.0
PC201708,PC201708-4108,4,200 mg/kg PCDRUG,F,200.0,85,2016-04-25,285.0
PC201708,PC201708-4108,4,200 mg/kg PCDRUG,F,200.0,92,2016-05-02,298.0
PC201708,PC201708-4109,4,200 mg/kg PCDRUG,F,200.0,1,2016-02-01,234.0
PC201708,PC201708-4109,4,200 mg/kg PCDRUG,F,200.0,8,2016-02-08,259.0
PC201708,PC201708-4109,4,200 mg/kg PCDRUG,F,200.0,15,2016-02-15,238.0
PC201708,PC201708-4109,4,200 mg/kg PCDRUG,F,200.0,22,2016-02-22,262.0
PC201708,PC201708-4109,4,200 mg/kg PCDRUG,F,200.0,29,2016-02-29,249.0
PC201708,PC201708-4109,4,200 mg/kg PCDRUG,F,200.0,36,2016-03-07,257.0
PC201708,PC201708-4109,4,200 mg/kg PCDRUG,F,200.0,43,2016-03-14,281.0
PC201708,PC201708-4109,4,200 mg/kg PCDRUG,F,200.0,50,2016-03-21,226.0
PC201708,PC201708-4109,4,200 mg/kg PCDRUG,F,200.0,57,2016-03-28,290.0
PC201708,PC201708-4109,4,200 mg/kg PCDRUG,F,200.0,64,2016-04-04,250.0
PC201708,PC201708-4109,4,200 mg/kg PCDRUG,F,200.0,71,2016-04-11,308.0
PC201708,PC201708-4109,4,200 mg/kg PCDRUG,F,200.0,78,2016-04-18,285.0
PC201708,PC201708-4109,4,200 mg/kg PCDRUG,F,200.0,85,2016-04-25,305.0
PC201708,PC201708-4109,4,200 mg/kg PCDRUG,F,200.0,92,2016-05-02,272.0
PC201708,PC201708-4110,4,200 mg/kg PCDRUG,F,200.0,1,2016-02-01,235.0
PC201708,PC201708-4110,4,200 mg/kg PCDRUG,F,200.0,8,2016-02-08,247.0
PC201708,PC201708-4110,4,200 mg/kg PCDRUG,F,200.0,15,2016-02-15,235.0
PC201708,PC201708-4110,4,200 mg/kg PCDRUG,F,200.0,22,2016-02-22,228.0
PC201708,PC201708-4110,4,200 mg/kg PCDRUG,F,200.0,29,2016-02-29,261.0
PC201708,PC201708-4110,4,200 mg/kg PCDRUG,F,200.0,36,2016-03-07,206.0
PC201708,PC201708-4110,4,200 mg/kg PCDRUG,F,200.0,43,2016-03-14,240.0
PC201708,PC201708-4110,4,200 mg/kg PCDRUG,F,200.0,50,2016-03-21,289.0
PC201708,PC201708-4110,4,200 mg/kg PCDRUG,F,200.0,57,2016-03-28,225.0
PC201708,PC201708-4110,4,200 mg/kg PCDRUG,F,200.0,64,2016-04-04,297.0
PC201708,PC201708-4110,4,200 mg/kg PCDRUG,F,200.0,71,2016-04-11,270.0
PC201708,PC201708-4110,4,200 mg/kg PCDRUG,F,200.0,78,2016-04-18,301.0
PC201708,PC201708-4110,4,200 mg/kg PCDRUG,F,200.0,85,2016-04-25,256.0
PC201708,PC201708-4110,4,200 mg/kg PCDRUG,F,200.0,92,2016-05-02,270.0
PC201708,PC201708-4111,4,200 mg/kg PCDRUG,F,200.0,1,2016-02-01,239.0
PC201708,PC201708-4111,4,200 mg/kg PCDRUG,F,200.0,8,2016-02-08,243.0
PC201708,PC201708-4111,4,200 mg/kg PCDRUG,F,200.0,15,2016-02-15,228.0
PC201708,PC201708-4111,4,200 mg/kg PCDRUG,F,200.0,22,2016-02-22,212.0
PC201708,PC201708-4111,4,200 mg/kg PCDRUG,F,200.0,29,2016-02-29,247.2
PC201708,PC201708-4111,4,200 mg/kg PCDRUG,F,200.0,36,2016-03-07,263.2
PC201708,PC201708-4111,4,200 mg/kg PCDRUG,F,200.0,43,2016-03-14,217.6
PC201708,PC201708-4111,4,200 mg/kg PCDRUG,F,200.0,50,2016-03-21,229.6
PC201708,PC201708-4111,4,200 mg/kg PCDRUG,F,200.0,57,2016-03-28,277.6
PC201708,PC201708-4111,4,200 mg/kg PCDRUG,F,200.0,64,2016-04-04,232.8
PC201708,PC201708-4111,4,200 mg/kg PCDRUG,F,200.0,71,2016-04-11,240.0
PC201708,PC201708-4111,4,200 mg/kg PCDRUG,F,200.0,78,2016-04-18,239.2
PC201708,PC201708-4111,4,200 mg/kg PCDRUG,F,200.0,85,2016-04-25,248.8
PC201708,PC201708-4111,4,200 mg/kg PCDRUG,F,200.0,92,2016-05-02,265.0
PC201708,PC201708-4111,4,200 mg/kg PCDRUG,F,200.0,99,2016-05-09,345.0
PC201708,PC201708-4111,4,200 mg/kg PCDRUG,F,200.0,106,2016-05-16,293.0
PC201708,PC201708-4112,4,200 mg/kg PCDRUG,F,200.0,1,2016-02-01,254.0
PC201708,PC201708-4112,4,200 mg/kg PCDRUG,F,200.0,8,2016-02-08,222.0
PC201708,PC201708-4112,4,200 mg/kg PCDRUG,F,200.0,15,2016-02-15,259.0
PC201708,PC201708-4112,4,200 mg/kg PCDRUG,F,200.0,22,2016-02-22,218.4
PC201708,PC201708-4112,4,200 mg/kg PCDRUG,F,200.0,29,2016-02-29,252.0
PC201708,PC201708-4112,4,200 mg/kg PCDRUG,F,200.0,36,2016-03-07,282.4
PC201708,PC201708-4112,4,200 mg/kg PCDRUG,F,200.0,43,2016-03-14,219.2
PC201708,PC201708-4112,4,200 mg/kg PCDRUG,F,200.0,50,2016-03-21,267.2
PC201708,PC201708-4112,4,200 mg/kg PCDRUG,F,200.0,57,2016-03-28,277.6
PC201708,PC201708-4112,4,200 mg/kg PCDRUG,F,200.0,64,2016-04-04,298.4
PC201708,PC201708-4112,4,200 mg/kg PCDRUG,F,200.0,71,2016-04-11,257.6
PC201708,PC201708-4112,4,200 mg/kg PCDRUG,F,200.0,78,2016-04-18,302.4
PC201708,PC201708-4112,4,200 mg/kg PCDRUG,F,200.0,85,2016-04-25,282.4
PC201708,PC201708-4112,4,200 mg/kg PCDRUG,F,200.0,92,2016-05-02,267.0
PC201708,PC201708-4112,4,200 mg/kg PCDRUG,F,200.0,99,2016-05-09,312.0
PC201708,PC201708-4112,4,200 mg/kg PCDRUG,F,200.0,106,2016-05-16,330.0
PC201708,PC201708-4113,4,200 mg/kg PCDRUG,F,200.0,,,335.0
PC201708,PC201708-4113,4,200 mg/kg PCDRUG,F,200.0,1,2016-02-01,235.0
PC201708,PC201708-4113,4,200 mg/kg PCDRUG,F,200.0,8,2016-02-08,229.0
PC201708,PC201708-4113,4,200 mg/kg PCDRUG,F,200.0,15,2016-02-15,246.0
PC201708,PC201708-4113,4,200 mg/kg PCDRUG,F,200.0,22,2016-02-22,255.2
PC201708,PC201708-4113,4,200 mg/kg PCDRUG,F,200.0,29,2016-02-29,242.4
PC201708,PC201708-4113,4,200 mg/kg PCDRUG,F,200.0,36,2016-03-07,280.8
PC201708,PC201708-4113,4,200 mg/kg PCDRUG,F,200.0,43,2016-03-14,222.4
PC201708,PC201708-4113,4,200 mg/kg PCDRUG,F,200.0,50,2016-03-21,281.6
PC201708,PC201708-4113,4,200 mg/kg PCDRUG,F,200.0,57,2016-03-28,222.4
PC201708,PC201708-4113,4,200 mg/kg PCDRUG,F,200.0,64,2016-04-04,266.4
PC201708,PC201708-4113,4,200 mg/kg PCDRUG,F,200.0,71,2016-04-11,248.0
PC201708,PC201708-4113,4,200 mg/kg PCDRUG,F,200.0,78,2016-04-18,277.6
PC201708,PC201708-4113,4,200 mg/kg PCDRUG,F,200.0,85,2016-04-25,251.2
PC201708,PC201708-4113,4,200 mg/kg PCDRUG,F,200.0,92,2016-05-02,279.0
PC201708,PC201708-4113,4,200 mg/kg PCDRUG,F,200.0,99,2016-05-09,295.0
PC201708,PC201708-4114,4,200 mg/kg PCDRUG,F,200.0,1,2016-02-01,257.0
PC201708,PC201708-4114,4,200 mg/kg PCDRUG,F,200.0,8,2016-02-08,224.0
PC201708,PC201708-4114,4,200 mg/kg PCDRUG,F,200.0,15,2016-02-15,254.0
PC201708,PC201708-4114,4,200 mg/kg PCDRUG,F,200.0,22,2016-02-22,210.4
PC201708,PC201708-4114,4,200 mg/kg PCDRUG,F,200.0,29,2016-02-29,240.0
PC201708,PC201708-4114,4,200 mg/kg PCDRUG,F,200.0,36,2016-03-07,269.6
PC201708,PC201708-4114,4,200 mg/kg PCDRUG,F,200.0,43,2016-03-14,286.4
PC201708,PC201708-4114,4,200 mg/kg PCDRUG,F,200.0,50,2016-03-21,263.2
PC201708,PC201708-4114,4,200 mg/kg PCDRUG,F,200.0,57,2016-03-28,224.8
PC201708,PC201708-4114,4,200 mg/kg PCDRUG,F,200.0,64,2016-04-04,255.2
PC201708,PC201708-4114,4,200 mg/kg PCDRUG,F,200.0,71,2016-04-11,297.6
PC201708,PC201708-4114,4,200 mg/kg PCDRUG,F,200.0,78,2016-04-18,278.4
PC201708,PC201708-4114,4,200 mg/kg PCDRUG,F,200.0,85,2016-04-25,272.8
PC201708,PC201708-4114,4,200 mg/kg PCDRUG,F,200.0,92,2016-05-02,281.0
PC201708,PC201708-4114,4,200 mg/kg PCDRUG,F,200.0,99,2016-05-09,279.0
PC201708,PC201708-4114,4,200 mg/kg PCDRUG,F,200.0,106,2016-05-16,332.0
PC201708,PC201708-4115,4,200 mg/kg PCDRUG,F,200.0,1,2016-02-01,230.0
PC201708,PC201708-4115,4,200 mg/kg PCDRUG,F,200.0,8,2016-02-08,252.0
PC201708,PC201708-4115,4,200 mg/kg PCDRUG,F,200.0,15,2016-02-15,248.0
PC201708,PC201708-4115,4,200 mg/kg PCDRUG,F,200.0,22,2016-02-22,241.6
PC201708,PC201708-4115,4,200 mg/kg PCDRUG,F,200.0,29,2016-02-29,253.6
PC201708,PC201708-4115,4,200 mg/kg PCDRUG,F,200.0,36,2016-03-07,207.2
PC201708,PC201708-4115,4,200 mg/kg PCDRUG,F,200.0,43,2016-03-14,234.4
PC201708,PC201708-4115,4,200 mg/kg PCDRUG,F,200.0,50,2016-03-21,248.8
PC201708,PC201708-4115,4,200 mg/kg PCDRUG,F,200.0,57,2016-03-28,267.2
PC201708,PC201708-4115,4,200 mg/kg PCDRUG,F,200.0,64,2016-04-04,284.8
PC201708,PC201708-4115,4,200 mg/kg PCDRUG,F,200.0,71,2016-04-11,280.8
PC201708,PC201708-4115,4,200 mg/kg PCDRUG,F,200.0,78,2016-04-18,285.6
PC201708,PC201708-4115,4,200 mg/kg PCDRUG,F,200.0,85,2016-04-25,294.4
PC201708,PC201708-4115,4,200 mg/kg PCDRUG,F,200.0,92,2016-05-02,287.0
PC201708,PC201708-4115,4,200 mg/kg PCDRUG,F,200.0,99,2016-05-09,253.0
PC201708,PC201708-4115,4,200 mg/kg PCDRUG,F,200.0,106,2016-05-16,338.0
