study_id,animal_id,group_number,group_name,sex,dose_mgkg_day,study_day_start,study_day_end,period_label,observation_type,finding,comment
PC201708,PC201708-1001,1,Vehicle Control,M,0.0,-6,0,Days 1-7,Ophthalmology,No Remarkable Findings,
PC201708,PC201708-1001,1,Vehicle Control,M,0.0,1,7,Days 1-7,Clinical Signs,Mouribund,
PC201708,PC201708-1001,1,Vehicle Control,M,0.0,1,7,Days 1-7,Clinical Signs,No Remarkable Findings,
PC201708,PC201708-1001,1,Vehicle Control,M,0.0,8,14,Days 8-14,Clinical Signs,No Remarkable Findings,
PC201708,PC201708-1001,1,Vehicle Control,M,0.0,15,21,Days 15-21,Clinical Signs,No Remarkable Findings,
PC201708,PC201708-1001,1,Vehicle Control,M,0.0,22,28,Days 22-28,Clinical Signs,No Remarkable Findings,
PC201708,PC201708-1001,1,Vehicle Control,M,0.0,29,35,Days 29-35,Clinical Signs,No Remarkable Findings,
PC201708,PC201708-1002,1,Vehicle Control,M,0.0,-6,0,Days 1-7,Ophthalmology,No Remarkable Findings,
PC201708,PC201708-1002,1,Vehicle Control,M,0.0,1,7,Days 1-7,Clinical Signs,No Remarkable Findings,
PC201708,PC201708-1002,1,Vehicle Control,M,0.0,8,14,Days 8-14,Clinical Signs,No Remarkable Findings,
PC201708,PC201708-1002,1,Vehicle Control,M,0.0,15,21,Days 15-21,Clinical Signs,No Remarkable Findings,
PC201708,PC201708-1002,1,Vehicle Control,M,0.0,22,28,Days 22-28,Clinical Signs,No Remarkable Findings,
PC201708,PC201708-1002,1,Vehicle Control,M,0.0,29,35,Days 29-35,Clinical Signs,No Remarkable Findings,
PC201708,PC201708-1002,1,Vehicle Control,M,0.0,36,42,Days 36-42,Clinical Signs,No Remarkable Findings,
PC201708,PC201708-1002,1,Vehicle Control,M,0.0,43,49,Days 43-49,Clinical Signs,No Remarkable Findings,
PC201708,PC201708-1002,1,Vehicle Control,M,0.0,50,56,Days 50-56,Clinical Signs,No Remarkable Findings,
PC201708,PC201708-1002,1,Vehicle Control,M,0.0,57,63,Days 57-63,Clinical Signs,No Remarkable Findings,
PC201708,PC201708-1002,1,Vehicle Control,M,0.0,64,70,Days 64-70,Clinical Signs,No Remarkable Findings,
PC201708,PC201708-1002,1,Vehicle Control,M,0.0,71,77,Days 71-77,Clinical Signs,No Remarkable Findings,
PC201708,PC201708-1002,1,Vehicle Control,M,0.0,78,84,Days 78-84,Clinical Signs,No Remarkable Findings,
PC201708,PC201708-1002,1,Vehicle Control,M,0.0,85,91,Days 85-91,Clinical Signs,No Remarkable Findings,
PC201708,PC201708-1002,1,Vehicle Control,M,0.0,85,91,Days 85-91,Ophthalmology,No Remarkable Findings,
PC201708,PC201708-1002,1,Vehicle Control,M,0.0,92,98,Days 92-92,Clinical Signs,No Remarkable Findings,
PC201708,PC201708-1003,1,Vehicle Control,M,0.0,-6,0,Days 1-7,Ophthalmology,No Remarkable Findings,
PC201708,PC201708-1003,1,Vehicle Control,M,0.0,1,7,Days 1-7,Clinical Signs,No Remarkable Findings,
PC201708,PC201708-1003,1,Vehicle Control,M,0.0,8,14,Days 8-14,Clinical Signs,No Remarkable Findings,
PC201708,PC201708-1003,1,Vehicle Control,M,0.0,15,21,Days 15-21,Clinical Signs,No Remarkable Findings,
PC201708,PC201708-1003,1,Vehicle Control,M,0.0,22,28,Days 22-28,Clinical Signs,No Remarkable Findings,
PC201708,PC201708-1003,1,Vehicle Control,M,0.0,29,35,Days 29-35,Clinical Signs,No Remarkable Findings,
PC201708,PC201708-1003,1,Vehicle Control,M,0.0,36,42,Days 36-42,Clinical Signs,No Remarkable Findings,
PC201708,PC201708-1003,1,Vehicle Control,M,0.0,43,49,Days 43-49,Clinical Signs,No Remarkable Findings,
PC201708,PC201708-1003,1,Vehicle Control,M,0.0,50,56,Days 50-56,Clinical Signs,No Remarkable Findings,
PC201708,PC201708-1003,1,Vehicle Control,M,0.0,57,63,Days 57-63,Clinical Signs,No Remarkable Findings,
PC201708,PC201708-1003,1,Vehicle Control,M,0.0,64,70,Days 64-70,Clinical Signs,No Remarkable Findings,
PC201708,PC201708-1003,1,Vehicle Control,M,0.0,71,77,Days 71-77,Clinical Signs,No Remarkable Findings,
PC201708,PC201708-1003,1,Vehicle Control,M,0.0,78,84,Days 78-84,Clinical Signs,No Remarkable Findings,
PC201708,PC201708-1003,1,Vehicle Control,M,0.0,85,91,Days 85-91,Clinical Signs,No Remarkable Findings,
PC201708,PC201708-1003,1,Vehicle Control,M,0.0,85,91,Days 85-91,Ophthalmology,No Remarkable Findings,
PC201708,PC201708-1003,1,Vehicle Control,M,0.0,92,98,Days 92-92,Clinical Signs,No Remarkable Findings,
PC201708,PC201708-1004,1,Vehicle Control,M,0.0,-6,0,Days 1-7,Ophthalmology,No Remarkable Findings,
PC201708,PC201708-1004,1,Vehicle Control,M,0.0,1,7,Days 1-7,Clinical Signs,No Remarkable Findings,
PC201708,PC201708-1004,1,Vehicle Control,M,0.0,8,14,Days 8-14,Clinical Signs,No Remarkable Findings,
PC201708,PC201708-1004,1,Vehicle Control,M,0.0,15,21,Days 15-21,Clinical Signs,No Remarkable Findings,
PC201708,PC201708-1004,1,Vehicle Control,M,0.0,22,28,Days 22-28,Clinical Signs,No Remarkable Findings,
PC201708,PC201708-1004,1,Vehicle Control,M,0.0,29,35,Days 29-35,Clinical Signs,No Remarkable Findings,
PC201708,PC201708-1004,1,Vehicle Control,M,0.0,36,42,Days 36-42,Clinical Signs,No Remarkable Findings,
PC201708,PC201708-1004,1,Vehicle Control,M,0.0,43,49,Days 43-49,Clinical Signs,No Remarkable Findings,
PC201708,PC201708-1004,1,Vehicle Control,M,0.0,50,56,Days 50-56,Clinical Signs,No Remarkable Findings,
PC201708,PC201708-1004,1,Vehicle Control,M,0.0,57,63,Days 57-63,Clinical Signs,No Remarkable Findings,
PC201708,PC201708-1004,1,Vehicle Control,M,0.0,64,70,Days 64-70,Clinical Signs,No Remarkable Findings,
PC201708,PC201708-1004,1,Vehicle Control,M,0.0,71,77,Days 71-77,Clinical Signs,No Remarkable Findings,
PC201708,PC201708-1004,1,Vehicle Control,M,0.0,78,84,Days 78-84,Clinical Signs,No Remarkable Findings,
PC201708,PC201708-1004,1,Vehicle Control,M,0.0,85,91,Days 85-91,Clinical Signs,Bedding Wet,
PC201708,PC201708-1004,1,Vehicle Control,M,0.0,85,91,Days 85-91,Ophthalmology,No Remarkable Findings,
PC201708,PC201708-1004,1,Vehicle Control,M,0.0,92,98,Days 92-92,Clinical Signs,No Remarkable Findings,
PC201708,PC201708-1005,1,Vehicle Control,M,0.0,-6,0,Days 1-7,Ophthalmology,No Remarkable Findings,
PC201708,PC201708-1005,1,Vehicle Control,M,0.0,1,7,Days 1-7,Clinical Signs,No Remarkable Findings,
PC201708,PC201708-1005,1,Vehicle Control,M,0.0,8,14,Days 8-14,Clinical Signs,No Remarkable Findings,
PC201708,PC201708-1005,1,Vehicle Control,M,0.0,15,21,Days 15-21,Clinical Signs,No Remarkable Findings,
PC201708,PC201708-1005,1,Vehicle Control,M,0.0,22,28,Days 22-28,Clinical Signs,No Remarkable Findings,
PC201708,PC201708-1005,1,Vehicle Control,M,0.0,29,35,Days 29-35,Clinical Signs,No Remarkable Findings,
PC201708,PC201708-1005,1,Vehicle Control,M,0.0,36,42,Days 36-42,Clinical Signs,No Remarkable Findings,
PC201708,PC201708-1005,1,Vehicle Control,M,0.0,43,49,Days 43-49,Clinical Signs,No Remarkable Findings,
PC201708,PC201708-1005,1,Vehicle Control,M,0.0,50,56,Days 50-56,Clinical Signs,No Remarkable Findings,
PC201708,PC201708-1005,1,Vehicle Control,M,0.0,57,63,Days 57-63,Clinical Signs,No Remarkable Findings,
PC201708,PC201708-1005,1,Vehicle Control,M,0.0,64,70,Days 64-70,Clinical Signs,No Remarkable Findings,
PC201708,PC201708-1005,1,Vehicle Control,M,0.0,71,77,Days 71-77,Clinical Signs,No Remarkable Findings,
PC201708,PC201708-1005,1,Vehicle Control,M,0.0,78,84,Days 78-84,Clinical Signs,No Remarkable Findings,
PC201708,PC201708-1005,1,Vehicle Control,M,0.0,85,91,Days 85-91,Clinical Signs,Bedding Wet,
PC201708,PC201708-1005,1,Vehicle Control,M,0.0,85,91,Days 85-91,Ophthalmology,No Remarkable Findings,
PC201708,PC201708-1005,1,Vehicle Control,M,0.0,92,98,Days 92-92,Clinical Signs,No Remarkable Findings,
PC201708,PC201708-1006,1,Vehicle Control,M,0.0,-6,0,Days 1-7,Ophthalmology,No Remarkable Findings,
PC201708,PC201708-1006,1,Vehicle Control,M,0.0,1,7,Days 1-7,Clinical Signs,No Remarkable Findings,
PC201708,PC201708-1006,1,Vehicle Control,M,0.0,8,14,Days 8-14,Clinical Signs,No Remarkable Findings,
PC201708,PC201708-1006,1,Vehicle Control,M,0.0,15,21,Days 15-21,Clinical Signs,No Remarkable Findings,
PC201708,PC201708-1006,1,Vehicle Control,M,0.0,22,28,Days 22-28,Clinical Signs,No Remarkable Findings,
PC201708,PC201708-1006,1,Vehicle Control,M,0.0,29,35,Days 29-35,Clinical Signs,No Remarkable Findings,
PC201708,PC201708-1006,1,Vehicle Control,M,0.0,36,42,Days 36-42,Clinical Signs,No Remarkable Findings,
PC201708,PC201708-1006,1,Vehicle Control,M,0.0,43,49,Days 43-49,Clinical Signs,No Remarkable Findings,
PC201708,PC201708-1006,1,Vehicle Control,M,0.0,50,56,Days 50-56,Clinical Signs,No Remarkable Findings,
PC201708,PC201708-1006,1,Vehicle Control,M,0.0,57,63,Days 57-63,Clinical Signs,No Remarkable Findings,
PC201708,PC201708-1006,1,Vehicle Control,M,0.0,64,70,Days 64-70,Clinical Signs,No Remarkable Findings,
PC201708,PC201708-1006,1,Vehicle Control,M,0.0,71,77,Days 71-77,Clinical Signs,No Remarkable Findings,
PC201708,PC201708-1006,1,Vehicle Control,M,0.0,78,84,Days 78-84,Clinical Signs,No Remarkable Findings,
PC201708,PC201708-1006,1,Vehicle Control,M,0.0,85,91,Days 85-91,Clinical Signs,Bedding Wet,
PC201708,PC201708-1006,1,Vehicle Control,M,0.0,85,91,Days 85-91,Ophthalmology,No Remarkable Findings,
PC201708,PC201708-1006,1,Vehicle Control,M,0.0,92,98,Days 92-92,Clinical Signs,No Remarkable Findings,
PC201708,PC201708-1007,1,Vehicle Control,M,0.0,-6,0,Days 1-7,Ophthalmology,No Remarkable Findings,
PC201708,PC201708-1007,1,Vehicle Control,M,0.0,1,7,Days 1-7,Clinical Signs,No Remarkable Findings,
PC201708,PC201708-1007,1,Vehicle Control,M,0.0,8,14,Days 8-14,Clinical Signs,No Remarkable Findings,
PC201708,PC201708-1007,1,Vehicle Control,M,0.0,15,21,Days 15-21,Clinical Signs,No Remarkable Findings,
PC201708,PC201708-1007,1,Vehicle Control,M,0.0,22,28,Days 22-28,Clinical Signs,No Remarkable Findings,
PC201708,PC201708-1007,1,Vehicle Control,M,0.0,29,35,Days 29-35,Clinical Signs,No Remarkable Findings,
PC201708,PC201708-1007,1,Vehicle Control,M,0.0,36,42,Days 36-42,Clinical Signs,No Remarkable Findings,
PC201708,PC201708-1007,1,Vehicle Control,M,0.0,43,49,Days 43-49,Clinical Signs,No Remarkable Findings,
PC201708,PC201708-1007,1,Vehicle Control,M,0.0,50,56,Days 50-56,Clinical Signs,No Remarkable Findings,
PC201708,PC201708-1007,1,Vehicle Control,M,0.0,57,63,Days 57-63,Clinical Signs,No Remarkable Findings,
PC201708,PC201708-1007,1,Vehicle Control,M,0.0,64,70,Days 64-70,Clinical Signs,No Remarkable Findings,
PC201708,PC201708-1007,1,Vehicle Control,M,0.0,71,77,Days 71-77,Clinical Signs,No Remarkable Findings,
PC201708,PC201708-1007,1,Vehicle Control,M,0.0,78,84,Days 78-84,Clinical Signs,No Remarkable Findings,
PC201708,PC201708-1007,1,Vehicle Control,M,0.0,85,91,Days 85-91,Clinical Signs,Bedding Wet,
PC201708,PC201708-1007,1,Vehicle Control,M,0.0,85,91,Days 85-91,Ophthalmology,No Remarkable Findings,
PC201708,PC201708-1007,1,Vehicle Control,M,0.0,92,98,Days 92-92,Clinical Signs,No Remarkable Findings,
PC201708,PC201708-1008,1,Vehicle Control,M,0.0,-6,0,Days 1-7,Ophthalmology,No Remarkable Findings,
PC201708,PC201708-1008,1,Vehicle Control,M,0.0,1,7,Days 1-7,Clinical Signs,No Remarkable Findings,
PC201708,PC201708-1008,1,Vehicle Control,M,0.0,8,14,Days 8-14,Clinical Signs,No Remarkable Findings,
PC201708,PC201708-1008,1,Vehicle Control,M,0.0,15,21,Days 15-21,Clinical Signs,No Remarkable Findings,
PC201708,PC201708-1008,1,Vehicle Control,M,0.0,22,28,Days 22-28,Clinical Signs,No Remarkable Findings,
PC201708,PC201708-1008,1,Vehicle Control,M,0.0,29,35,Days 29-35,Clinical Signs,No Remarkable Findings,
PC201708,PC201708-1008,1,Vehicle Control,M,0.0,36,42,Days 36-42,Clinical Signs,No Remarkable Findings,
PC201708,PC201708-1008,1,Vehicle Control,M,0.0,43,49,Days 43-49,Clinical Signs,No Remarkable Findings,
PC201708,PC201708-1008,1,Vehicle Control,M,0.0,50,56,Days 50-56,Clinical Signs,No Remarkable Findings,
PC201708,PC201708-1008,1,Vehicle Control,M,0.0,57,63,Days 57-63,Clinical Signs,No Remarkable Findings,
PC201708,PC201708-1008,1,Vehicle Control,M,0.0,64,70,Days 64-70,Clinical Signs,No Remarkable Findings,
PC201708,PC201708-1008,1,Vehicle Control,M,0.0,71,77,Days 71-77,Clinical Signs,No Remarkable Findings,
PC201708,PC201708-1008,1,Vehicle Control,M,0.0,78,84,Days 78-84,Clinical Signs,No Remarkable Findings,
PC201708,PC201708-1008,1,Vehicle Control,M,0.0,85,91,Days 85-91,Clinical Signs,Bedding Wet,
PC201708,PC201708-1008,1,Vehicle Control,M,0.0,85,91,Days 85-91,Ophthalmology,No Remarkable Findings,
PC201708,PC201708-1008,1,Vehicle Control,M,0.0,92,98,Days 92-92,Clinical Signs,No Remarkable Findings,
PC201708,PC201708-1009,1,Vehicle Control,M,0.0,-6,0,Days 1-7,Ophthalmology,No Remarkable Findings,
PC201708,PC201708-1009,1,Vehicle Control,M,0.0,1,7,Days 1-7,Clinical Signs,No Remarkable Findings,
PC201708,PC201708-1009,1,Vehicle Control,M,0.0,8,14,Days 8-14,Clinical Signs,No Remarkable Findings,
PC201708,PC201708-1009,1,Vehicle Control,M,0.0,15,21,Days 15-21,Clinical Signs,No Remarkable Findings,
PC201708,PC201708-1009,1,Vehicle Control,M,0.0,22,28,Days 22-28,Clinical Signs,No Remarkable Findings,
PC201708,PC201708-1009,1,Vehicle Control,M,0.0,29,35,Days 29-35,Clinical Signs,No Remarkable Findings,
PC201708,PC201708-1009,1,Vehicle Control,M,0.0,36,42,Days 36-42,Clinical Signs,No Remarkable Findings,
PC201708,PC201708-1009,1,Vehicle Control,M,0.0,43,49,Days 43-49,Clinical Signs,No Remarkable Findings,
PC201708,PC201708-1009,1,Vehicle Control,M,0.0,50,56,Days 50-56,Clinical Signs,No Remarkable Findings,
PC201708,PC201708-1009,1,Vehicle Control,M,0.0,57,63,Days 57-63,Clinical Signs,No Remarkable Findings,
PC201708,PC201708-1009,1,Vehicle Control,M,0.0,64,70,Days 64-70,Clinical Signs,No Remarkable Findings,
PC201708,PC201708-1009,1,Vehicle Control,M,0.0,71,77,Days 71-77,Clinical Signs,No Remarkable Findings,
PC201708,PC201708-1009,1,Vehicle Control,M,0.0,78,84,Days 78-84,Clinical Signs,No Remarkable Findings,
PC201708,PC201708-1009,1,Vehicle Control,M,0.0,85,91,Days 85-91,Clinical Signs,Bedding Wet,
PC201708,PC201708-1009,1,Vehicle Control,M,0.0,85,91,Days 85-91,Ophthalmology,No Remarkable Findings,
PC201708,PC201708-1009,1,Vehicle Control,M,0.0,92,98,Days 92-92,Clinical Signs,No Remarkable Findings,
PC201708,PC201708-1010,1,Vehicle Control,M,0.0,-6,0,Days 1-7,Ophthalmology,No Remarkable Findings,
PC201708,PC201708-1010,1,Vehicle Control,M,0.0,1,7,Days 1-7,Clinical Signs,No Remarkable Findings,
PC201708,PC201708-1010,1,Vehicle Control,M,0.0,8,14,Days 8-14,Clinical Signs,No Remarkable Findings,
PC201708,PC201708-1010,1,Vehicle Control,M,0.0,15,21,Days 15-21,Clinical Signs,No Remarkable Findings,
PC201708,PC201708-1010,1,Vehicle Control,M,0.0,22,28,Days 22-28,Clinical Signs,No Remarkable Findings,
PC201708,PC201708-1010,1,Vehicle Control,M,0.0,29,35,Days 29-35,Clinical Signs,No Remarkable Findings,
PC201708,PC201708-1010,1,Vehicle Control,M,0.0,36,42,Days 36-42,Clinical Signs,No Remarkable Findings,
PC201708,PC201708-1010,1,Vehicle Control,M,0.0,43,49,Days 43-49,Clinical Signs,No Remarkable Findings,
PC201708,PC201708-1010,1,Vehicle Control,M,0.0,50,56,Days 50-56,Clinical Signs,No Remarkable Findings,
PC201708,PC201708-1010,1,Vehicle Control,M,0.0,57,63,Days 57-63,Clinical Signs,No Remarkable Findings,
PC201708,PC201708-1010,1,Vehicle Control,M,0.0,64,70,Days 64-70,Clinical Signs,No Remarkable Findings,
PC201708,PC201708-1010,1,Vehicle Control,M,0.0,71,77,Days 71-77,Clinical Signs,No Remarkable Findings,
PC201708,PC201708-1010,1,Vehicle Control,M,0.0,78,84,Days 78-84,Clinical Signs,No Remarkable Findings,
PC201708,PC201708-1010,1,Vehicle Control,M,0.0,85,91,Days 85-91,Clinical Signs,Bedding Wet,
PC201708,PC201708-1010,1,Vehicle Control,M,0.0,85,91,Days 85-91,Ophthalmology,No Remarkable Findings,
PC201708,PC201708-1010,1,Vehicle Control,M,0.0,92,98,Days 92-92,Clinical Signs,No Remarkable Findings,
PC201708,PC201708-1011,1,Vehicle Control,M,0.0,-6,0,Days 1-7,Ophthalmology,No Remarkable Findings,
PC201708,PC201708-1011,1,Vehicle Control,M,0.0,1,7,Days 1-7,Clinical Signs,No Remarkable Findings,
PC201708,PC201708-1011,1,Vehicle Control,M,0.0,8,14,Days 8-14,Clinical Signs,No Remarkable Findings,
PC201708,PC201708-1011,1,Vehicle Control,M,0.0,15,21,Days 15-21,Clinical Signs,No Remarkable Findings,
PC201708,PC201708-1011,1,Vehicle Control,M,0.0,22,28,Days 22-28,Clinical Signs,No Remarkable Findings,
PC201708,PC201708-1011,1,Vehicle Control,M,0.0,29,35,Days 29-35,Clinical Signs,No Remarkable Findings,
PC201708,PC201708-1011,1,Vehicle Control,M,0.0,36,42,Days 36-42,Clinical Signs,No Remarkable Findings,
PC201708,PC201708-1011,1,Vehicle Control,M,0.0,43,49,Days 43-49,Clinical Signs,No Remarkable Findings,
PC201708,PC201708-1011,1,Vehicle Control,M,0.0,50,56,Days 50-56,Clinical Signs,No Remarkable Findings,
PC201708,PC201708-1011,1,Vehicle Control,M,0.0,57,63,Days 57-63,Clinical Signs,No Remarkable Findings,
PC201708,PC201708-1011,1,Vehicle Control,M,0.0,64,70,Days 64-70,Clinical Signs,No Remarkable Findings,
PC201708,PC201708-1011,1,Vehicle Control,M,0.0,71,77,Days 71-77,Clinical Signs,No Remarkable Findings,
PC201708,PC201708-1011,1,Vehicle Control,M,0.0,78,84,Days 78-84,Clinical Signs,No Remarkable Findings,
PC201708,PC201708-1011,1,Vehicle Control,M,0.0,85,91,Days 85-91,Clinical Signs,Bedding Wet,
PC201708,PC201708-1011,1,Vehicle Control,M,0.0,85,91,Days 85-91,Ophthalmology,No Remarkable Findings,
PC201708,PC201708-1011,1,Vehicle Control,M,0.0,92,98,Days 92-92,Clinical Signs,No Remarkable Findings,
PC201708,PC201708-1011,1,Vehicle Control,M,0.0,99,105,Days 99-99,Clinical Signs,No Remarkable Findings,
PC201708,PC201708-1011,1,Vehicle Control,M,0.0,106,106,Days 106-106,Clinical Signs,No Remarkable Findings,
PC201708,PC201708-1012,1,Vehicle Control,M,0.0,-6,0,Days 1-7,Ophthalmology,No Remarkable Findings,
PC201708,PC201708-1012,1,Vehicle Control,M,0.0,1,7,Days 1-7,Clinical Signs,No Remarkable Findings,
PC201708,PC201708-1012,1,Vehicle Control,M,0.0,8,14,Days 8-14,Clinical Signs,No Remarkable Findings,
PC201708,PC201708-1012,1,Vehicle Control,M,0.0,15,21,Days 15-21,Clinical Signs,No Remarkable Findings,
PC201708,PC201708-1012,1,Vehicle Control,M,0.0,22,28,Days 22-28,Clinical Signs,No Remarkable Findings,
PC201708,PC201708-1012,1,Vehicle Control,M,0.0,29,35,Days 29-35,Clinical Signs,No Remarkable Findings,
PC201708,PC201708-1012,1,Vehicle Control,M,0.0,36,42,Days 36-42,Clinical Signs,No Remarkable Findings,
PC201708,PC201708-1012,1,Vehicle Control,M,0.0,43,49,Days 43-49,Clinical Signs,No Remarkable Findings,
PC201708,PC201708-1012,1,Vehicle Control,M,0.0,50,56,Days 50-56,Clinical Signs,No Remarkable Findings,
PC201708,PC201708-1012,1,Vehicle Control,M,0.0,57,63,Days 57-63,Clinical Signs,No Remarkable Findings,
PC201708,PC201708-1012,1,Vehicle Control,M,0.0,64,70,Days 64-70,Clinical Signs,No Remarkable Findings,
PC201708,PC201708-1012,1,Vehicle Control,M,0.0,71,77,Days 71-77,Clinical Signs,No Remarkable Findings,
PC201708,PC201708-1012,1,Vehicle Control,M,0.0,78,84,Days 78-84,Clinical Signs,No Remarkable Findings,
PC201708,PC201708-1012,1,Vehicle Control,M,0.0,85,91,Days 85-91,Clinical Signs,Bedding Wet,
PC201708,PC201708-1012,1,Vehicle Control,M,0.0,85,91,Days 85-91,Ophthalmology,No Remarkable Findings,
PC201708,PC201708-1012,1,Vehicle Control,M,0.0,92,98,Days 92-92,Clinical Signs,No Remarkable Findings,
PC201708,PC201708-1012,1,Vehicle Control,M,0.0,99,105,Days 99-99,Clinical Signs,No Remarkable Findings,
PC201708,PC201708-1012,1,Vehicle Control,M,0.0,106,106,Days 106-106,Clinical Signs,No Remarkable Findings,
PC201708,PC201708-1013,1,Vehicle Control,M,0.0,-6,0,Days 1-7,Ophthalmology,No Remarkable Findings,
PC201708,PC201708-1013,1,Vehicle Control,M,0.0,1,7,Days 1-7,Clinical Signs,No Remarkable Findings,
PC201708,PC201708-1013,1,Vehicle Control,M,0.0,8,14,Days 8-14,Clinical Signs,No Remarkable Findings,
PC201708,PC201708-1013,1,Vehicle Control,M,0.0,15,21,Days 15-21,Clinical Signs,No Remarkable Findings,
PC201708,PC201708-1013,1,Vehicle Control,M,0.0,22,28,Days 22-28,Clinical Signs,No Remarkable Findings,
PC201708,PC201708-1013,1,Vehicle Control,M,0.0,29,35,Days 29-35,Clinical Signs,No Remarkable Findings,
PC201708,PC201708-1013,1,Vehicle Control,M,0.0,36,42,Days 36-42,Clinical Signs,No Remarkable Findings,
PC201708,PC201708-1013,1,Vehicle Control,M,0.0,43,49,Days 43-49,Clinical Signs,No Remarkable Findings,
PC201708,PC201708-1013,1,Vehicle Control,M,0.0,50,56,Days 50-56,Clinical Signs,No Remarkable Findings,
PC201708,PC201708-1013,1,Vehicle Control,M,0.0,57,63,Days 57-63,Clinical Signs,No Remarkable Findings,
PC201708,PC201708-1013,1,Vehicle Control,M,0.0,64,70,Days 64-70,Clinical Signs,No Remarkable Findings,
PC201708,PC201708-1013,1,Vehicle Control,M,0.0,71,77,Days 71-77,Clinical Signs,No Remarkable Findings,
PC201708,PC201708-1013,1,Vehicle Control,M,0.0,78,84,Days 78-84,Clinical Signs,No Remarkable Findings,
PC201708,PC201708-1013,1,Vehicle Control,M,0.0,85,91,Days 85-91,Clinical Signs,Bedding Wet,
PC201708,PC201708-1013,1,Vehicle Control,M,0.0,85,91,Days 85-91,Ophthalmology,No Remarkable Findings,
PC201708,PC201708-1013,1,Vehicle Control,M,0.0,92,98,Days 92-92,Clinical Signs,No Remarkable Findings,
PC201708,PC201708-1013,1,Vehicle Control,M,0.0,99,105,Days 99-99,Clinical Signs,No Remarkable Findings,
PC201708,PC201708-1013,1,Vehicle Control,M,0.0,106,106,Days 106-106,Clinical Signs,No Remarkable Findings,
PC201708,PC201708-1014,1,Vehicle Control,M,0.0,-6,0,Days 1-7,Ophthalmology,No Remarkable Findings,
PC201708,PC201708-1014,1,Vehicle Control,M,0.0,1,7,Days 1-7,Clinical Signs,No Remarkable Findings,
PC201708,PC201708-1014,1,Vehicle Control,M,0.0,8,14,Days 8-14,Clinical Signs,No Remarkable Findings,
PC201708,PC201708-1014,1,Vehicle Control,M,0.0,15,21,Days 15-21,Clinical Signs,No Remarkable Findings,
PC201708,PC201708-1014,1,Vehicle Control,M,0.0,22,28,Days 22-28,Clinical Signs,No Remarkable Findings,
PC201708,PC201708-1014,1,Vehicle Control,M,0.0,29,35,Days 29-35,Clinical Signs,No Remarkable Findings,
PC201708,PC201708-1014,1,Vehicle Control,M,0.0,36,42,Days 36-42,Clinical Signs,No Remarkable Findings,
PC201708,PC201708-1014,1,Vehicle Control,M,0.0,43,49,Days 43-49,Clinical Signs,No Remarkable Findings,
PC201708,PC201708-1014,1,Vehicle Control,M,0.0,50,56,Days 50-56,Clinical Signs,No Remarkable Findings,
PC201708,PC201708-1014,1,Vehicle Control,M,0.0,57,63,Days 57-63,Clinical Signs,No Remarkable Findings,
PC201708,PC201708-1014,1,Vehicle Control,M,0.0,64,70,Days 64-70,Clinical Signs,No Remarkable Findings,
PC201708,PC201708-1014,1,Vehicle Control,M,0.0,71,77,Days 71-77,Clinical Signs,No Remarkable Findings,
PC201708,PC201708-1014,1,Vehicle Control,M,0.0,78,84,Days 78-84,Clinical Signs,No Remarkable Findings,
PC201708,PC201708-1014,1,Vehicle Control,M,0.0,85,91,Days 85-91,Clinical Signs,Bedding Wet,
PC201708,PC201708-1014,1,Vehicle Control,M,0.0,85,91,Days 85-91,Ophthalmology,No Remarkable Findings,
PC201708,PC201708-1014,1,Vehicle Control,M,0.0,92,98,Days 92-92,Clinical Signs,No Remarkable Findings,
PC201708,PC201708-1014,1,Vehicle Control,M,0.0,99,105,Days 99-99,Clinical Signs,No Remarkable Findings,
PC201708,PC201708-1014,1,Vehicle Control,M,0.0,106,106,Days 106-106,Clinical Signs,No Remarkable Findings,
PC201708,PC201708-1015,1,Vehicle Control,M,0.0,-6,0,Days 1-7,Ophthalmology,No Remarkable Findings,
PC201708,PC201708-1015,1,Vehicle Control,M,0.0,1,7,Days 1-7,Clinical Signs,No Remarkable Findings,
PC201708,PC201708-1015,1,Vehicle Control,M,0.0,8,14,Days 8-14,Clinical Signs,No Remarkable Findings,
PC201708,PC201708-1015,1,Vehicle Control,M,0.0,15,21,Days 15-21,Clinical Signs,No Remarkable Findings,
PC201708,PC201708-1015,1,Vehicle Control,M,0.0,22,28,Days 22-28,Clinical Signs,No Remarkable Findings,
PC201708,PC201708-1015,1,Vehicle Control,M,0.0,29,35,Days 29-35,Clinical Signs,No Remarkable Findings,
PC201708,PC201708-1015,1,Vehicle Control,M,0.0,36,42,Days 36-42,Clinical Signs,No Remarkable Findings,
PC201708,PC201708-1015,1,Vehicle Control,M,0.0,43,49,Days 43-49,Clinical Signs,No Remarkable Findings,
PC201708,PC201708-1015,1,Vehicle Control,M,0.0,50,56,Days 50-56,Clinical Signs,No Remarkable Findings,
PC201708,PC201708-1015,1,Vehicle Control,M,0.0,57,63,Days 57-63,Clinical Signs,No Remarkable Findings,
PC201708,PC201708-1015,1,Vehicle Control,M,0.0,64,70,Days 64-70,Clinical Signs,No Remarkable Findings,
PC201708,PC201708-1015,1,Vehicle Control,M,0.0,71,77,Days 71-77,Clinical Signs,No Remarkable Findings,
PC201708,PC201708-1015,1,Vehicle Control,M,0.0,78,84,Days 78-84,Clinical Signs,No Remarkable Findings,
PC201708,PC201708-1015,1,Vehicle Control,M,0.0,85,91,Days 85-91,Clinical Signs,Bedding Wet,
PC201708,PC201708-1015,1,Vehicle Control,M,0.0,85,91,Days 85-91,Ophthalmology,No Remarkable Findings,
PC201708,PC201708-1015,1,Vehicle Control,M,0.0,92,98,Days 92-92,Clinical Signs,No Remarkable Findings,
PC201708,PC201708-1015,1,Vehicle Control,M,0.0,99,105,Days 99-99,Clinical Signs,No Remarkable Findings,
PC201708,PC201708-1015,1,Vehicle Control,M,0.0,106,106,Days 106-106,Clinical Signs,No Remarkable Findings,
PC201708,PC201708-1101,1,Vehicle Control,F,0.0,-6,0,Days 1-7,Ophthalmology,No Remarkable Findings,
PC201708,PC201708-1101,1,Vehicle Control,F,0.0,1,7,Days 1-7,Clinical Signs,No Remarkable Findings,
PC201708,PC201708-1101,1,Vehicle Control,F,0.0,8,14,Days 8-14,Clinical Signs,No Remarkable Findings,
PC201708,PC201708-1101,1,Vehicle Control,F,0.0,15,21,Days 15-21,Clinical Signs,No Remarkable Findings,
PC201708,PC201708-1101,1,Vehicle Control,F,0.0,22,28,Days 22-28,Clinical Signs,No Remarkable Findings,
PC201708,PC201708-1101,1,Vehicle Control,F,0.0,29,35,Days 29-35,Clinical Signs,No Remarkable Findings,
PC201708,PC201708-1101,1,Vehicle Control,F,0.0,36,42,Days 36-42,Clinical Signs,No Remarkable Findings,
PC201708,PC201708-1101,1,Vehicle Control,F,0.0,43,49,Days 43-49,Clinical Signs,No Remarkable Findings,
PC201708,PC201708-1101,1,Vehicle Control,F,0.0,50,56,Days 50-56,Clinical Signs,No Remarkable Findings,
PC201708,PC201708-1101,1,Vehicle Control,F,0.0,57,63,Days 57-63,Clinical Signs,No Remarkable Findings,
PC201708,PC201708-1101,1,Vehicle Control,F,0.0,64,70,Days 64-70,Clinical Signs,No Remarkable Findings,
PC201708,PC201708-1101,1,Vehicle Control,F,0.0,71,77,Days 71-77,Clinical Signs,No Remarkable Findings,
PC201708,PC201708-1101,1,Vehicle Control,F,0.0,78,84,Days 78-84,Clinical Signs,No Remarkable Findings,
PC201708,PC201708-1101,1,Vehicle Control,F,0.0,85,91,Days 85-91,Clinical Signs,No Remarkable Findings,
PC201708,PC201708-1101,1,Vehicle Control,F,0.0,85,91,Days 85-91,Ophthalmology,No Remarkable Findings,
PC201708,PC201708-1101,1,Vehicle Control,F,0.0,92,98,Days 92-92,Clinical Signs,No Remarkable Findings,
PC201708,PC201708-1102,1,Vehicle Control,F,0.0,-6,0,Days 1-7,Ophthalmology,No Remarkable Findings,
PC201708,PC201708-1102,1,Vehicle Control,F,0.0,1,7,Days 1-7,Clinical Signs,No Remarkable Findings,
PC201708,PC201708-1102,1,Vehicle Control,F,0.0,8,14,Days 8-14,Clinical Signs,No Remarkable Findings,
PC201708,PC201708-1102,1,Vehicle Control,F,0.0,15,21,Days 15-21,Clinical Signs,No Remarkable Findings,
PC201708,PC201708-1102,1,Vehicle Control,F,0.0,22,28,Days 22-28,Clinical Signs,No Remarkable Findings,
PC201708,PC201708-1102,1,Vehicle Control,F,0.0,29,35,Days 29-35,Clinical Signs,No Remarkable Findings,
PC201708,PC201708-1102,1,Vehicle Control,F,0.0,36,42,Days 36-42,Clinical Signs,No Remarkable Findings,
PC201708,PC201708-1102,1,Vehicle Control,F,0.0,43,49,Days 43-49,Clinical Signs,No Remarkable Findings,
PC201708,PC201708-1102,1,Vehicle Control,F,0.0,50,56,Days 50-56,Clinical Signs,No Remarkable Findings,
PC201708,PC201708-1102,1,Vehicle Control,F,0.0,57,63,Days 57-63,Clinical Signs,No Remarkable Findings,
PC201708,PC201708-1102,1,Vehicle Control,F,0.0,64,70,Days 64-70,Clinical Signs,No Remarkable Findings,
PC201708,PC201708-1102,1,Vehicle Control,F,0.0,71,77,Days 71-77,Clinical Signs,No Remarkable Findings,
PC201708,PC201708-1102,1,Vehicle Control,F,0.0,78,84,Days 78-84,Clinical Signs,No Remarkable Findings,
PC201708,PC201708-1102,1,Vehicle Control,F,0.0,85,91,Days 85-91,Clinical Signs,No Remarkable Findings,
PC201708,PC201708-1102,1,Vehicle Control,F,0.0,85,91,Days 85-91,Ophthalmology,No Remarkable Findings,
PC201708,PC201708-1102,1,Vehicle Control,F,0.0,92,98,Days 92-92,Clinical Signs,No Remarkable Findings,
PC201708,PC201708-1103,1,Vehicle Control,F,0.0,-6,0,Days 1-7,Ophthalmology,No Remarkable Findings,
PC201708,PC201708-1103,1,Vehicle Control,F,0.0,1,7,Days 1-7,Clinical Signs,No Remarkable Findings,
PC201708,PC201708-1103,1,Vehicle Control,F,0.0,8,14,Days 8-14,Clinical Signs,No Remarkable Findings,
PC201708,PC201708-1103,1,Vehicle Control,F,0.0,15,21,Days 15-21,Clinical Signs,No Remarkable Findings,
PC201708,PC201708-1103,1,Vehicle Control,F,0.0,22,28,Days 22-28,Clinical Signs,No Remarkable Findings,
PC201708,PC201708-1103,1,Vehicle Control,F,0.0,29,35,Days 29-35,Clinical Signs,No Remarkable Findings,
PC201708,PC201708-1103,1,Vehicle Control,F,0.0,36,42,Days 36-42,Clinical Signs,No Remarkable Findings,
PC201708,PC201708-1103,1,Vehicle Control,F,0.0,43,49,Days 43-49,Clinical Signs,No Remarkable Findings,
PC201708,PC201708-1103,1,Vehicle Control,F,0.0,50,56,Days 50-56,Clinical Signs,No Remarkable Findings,
PC201708,PC201708-1103,1,Vehicle Control,F,0.0,57,63,Days 57-63,Clinical Signs,No Remarkable Findings,
PC201708,PC201708-1103,1,Vehicle Control,F,0.0,64,70,Days 64-70,Clinical Signs,No Remarkable Findings,
PC201708,PC201708-1103,1,Vehicle Control,F,0.0,71,77,Days 71-77,Clinical Signs,No Remarkable Findings,
PC201708,PC201708-1103,1,Vehicle Control,F,0.0,78,84,Days 78-84,Clinical Signs,No Remarkable Findings,
PC201708,PC201708-1103,1,Vehicle Control,F,0.0,85,91,Days 85-91,Clinical Signs,No Remarkable Findings,
PC201708,PC201708-1103,1,Vehicle Control,F,0.0,85,91,Days 85-91,Ophthalmology,No Remarkable Findings,
PC201708,PC201708-1103,1,Vehicle Control,F,0.0,92,98,Days 92-92,Clinical Signs,No Remarkable Findings,
PC201708,PC201708-1104,1,Vehicle Control,F,0.0,-6,0,Days 1-7,Ophthalmology,No Remarkable Findings,
PC201708,PC201708-1104,1,Vehicle Control,F,0.0,1,7,Days 1-7,Clinical Signs,No Remarkable Findings,
PC201708,PC201708-1104,1,Vehicle Control,F,0.0,8,14,Days 8-14,Clinical Signs,No Remarkable Findings,
PC201708,PC201708-1104,1,Vehicle Control,F,0.0,15,21,Days 15-21,Clinical Signs,No Remarkable Findings,
PC201708,PC201708-1104,1,Vehicle Control,F,0.0,22,28,Days 22-28,Clinical Signs,No Remarkable Findings,
PC201708,PC201708-1104,1,Vehicle Control,F,0.0,29,35,Days 29-35,Clinical Signs,No Remarkable Findings,
PC201708,PC201708-1104,1,Vehicle Control,F,0.0,36,42,Days 36-42,Clinical Signs,No Remarkable Findings,
PC201708,PC201708-1104,1,Vehicle Control,F,0.0,43,49,Days 43-49,Clinical Signs,No Remarkable Findings,
PC201708,PC201708-1104,1,Vehicle Control,F,0.0,50,56,Days 50-56,Clinical Signs,No Remarkable Findings,
PC201708,PC201708-1104,1,Vehicle Control,F,0.0,57,63,Days 57-63,Clinical Signs,No Remarkable Findings,
PC201708,PC201708-1104,1,Vehicle Control,F,0.0,64,70,Days 64-70,Clinical Signs,No Remarkable Findings,
PC201708,PC201708-1104,1,Vehicle Control,F,0.0,71,77,Days 71-77,Clinical Signs,No Remarkable Findings,
PC201708,PC201708-1104,1,Vehicle Control,F,0.0,78,84,Days 78-84,Clinical Signs,No Remarkable Findings,
PC201708,PC201708-1104,1,Vehicle Control,F,0.0,85,91,Days 85-91,Clinical Signs,No Remarkable Findings,
PC201708,PC201708-1104,1,Vehicle Control,F,0.0,85,91,Days 85-91,Ophthalmology,No Remarkable Findings,
PC201708,PC201708-1104,1,Vehicle Control,F,0.0,92,98,Days 92-92,Clinical Signs,No Remarkable Findings,
PC201708,PC201708-1105,1,Vehicle Control,F,0.0,-6,0,Days 1-7,Ophthalmology,No Remarkable Findings,
PC201708,PC201708-1105,1,Vehicle Control,F,0.0,1,7,Days 1-7,Clinical Signs,No Remarkable Findings,
PC201708,PC201708-1105,1,Vehicle Control,F,0.0,8,14,Days 8-14,Clinical Signs,No Remarkable Findings,
PC201708,PC201708-1105,1,Vehicle Control,F,0.0,15,21,Days 15-21,Clinical Signs,No Remarkable Findings,
PC201708,PC201708-1105,1,Vehicle Control,F,0.0,22,28,Days 22-28,Clinical Signs,No Remarkable Findings,
PC201708,PC201708-1105,1,Vehicle Control,F,0.0,29,35,Days 29-35,Clinical Signs,No Remarkable Findings,
PC201708,PC201708-1105,1,Vehicle Control,F,0.0,36,42,Days 36-42,Clinical Signs,No Remarkable Findings,
PC201708,PC201708-1105,1,Vehicle Control,F,0.0,43,49,Days 43-49,Clinical Signs,No Remarkable Findings,
PC201708,PC201708-1105,1,Vehicle Control,F,0.0,50,56,Days 50-56,Clinical Signs,No Remarkable Findings,
PC201708,PC201708-1105,1,Vehicle Control,F,0.0,57,63,Days 57-63,Clinical Signs,No Remarkable Findings,
PC201708,PC201708-1105,1,Vehicle Control,F,0.0,64,70,Days 64-70,Clinical Signs,No Remarkable Findings,
PC201708,PC201708-1105,1,Vehicle Control,F,0.0,71,77,Days 71-77,Clinical Signs,No Remarkable Findings,
PC201708,PC201708-1105,1,Vehicle Control,F,0.0,78,84,Days 78-84,Clinical Signs,No Remarkable Findings,
PC201708,PC201708-1105,1,Vehicle Control,F,0.0,85,91,Days 85-91,Clinical Signs,No Remarkable Findings,
PC201708,PC201708-1105,1,Vehicle Control,F,0.0,85,91,Days 85-91,Ophthalmology,No Remarkable Findings,
PC201708,PC201708-1105,1,Vehicle Control,F,0.0,92,98,Days 92-92,Clinical Signs,No Remarkable Findings,
PC201708,PC201708-1106,1,Vehicle Control,F,0.0,-6,0,Days 1-7,Ophthalmology,No Remarkable Findings,
PC201708,PC201708-1106,1,Vehicle Control,F,0.0,1,7,Days 1-7,Clinical Signs,No Remarkable Findings,
PC201708,PC201708-1106,1,Vehicle Control,F,0.0,8,14,Days 8-14,Clinical Signs,No Remarkable Findings,
PC201708,PC201708-1106,1,Vehicle Control,F,0.0,15,21,Days 15-21,Clinical Signs,No Remarkable Findings,
PC201708,PC201708-1106,1,Vehicle Control,F,0.0,22,28,Days 22-28,Clinical Signs,No Remarkable Findings,
PC201708,PC201708-1106,1,Vehicle Control,F,0.0,29,35,Days 29-35,Clinical Signs,No Remarkable Findings,
PC201708,PC201708-1106,1,Vehicle Control,F,0.0,36,42,Days 36-42,Clinical Signs,No Remarkable Findings,
PC201708,PC201708-1106,1,Vehicle Control,F,0.0,43,49,Days 43-49,Clinical Signs,No Remarkable Findings,
PC201708,PC201708-1106,1,Vehicle Control,F,0.0,50,56,Days 50-56,Clinical Signs,No Remarkable Findings,
PC201708,PC201708-1106,1,Vehicle Control,F,0.0,57,63,Days 57-63,Clinical Signs,No Remarkable Findings,
PC201708,PC201708-1106,1,Vehicle Control,F,0.0,64,70,Days 64-70,Clinical Signs,No Remarkable Findings,
PC201708,PC201708-1106,1,Vehicle Control,F,0.0,71,77,Days 71-77,Clinical Signs,No Remarkable Findings,
PC201708,PC201708-1106,1,Vehicle Control,F,0.0,78,84,Days 78-84,Clinical Signs,No Remarkable Findings,
PC201708,PC201708-1106,1,Vehicle Control,F,0.0,85,91,Days 85-91,Clinical Signs,No Remarkable Findings,
PC201708,PC201708-1106,1,Vehicle Control,F,0.0,85,91,Days 85-91,Ophthalmology,No Remarkable Findings,
PC201708,PC201708-1106,1,Vehicle Control,F,0.0,92,98,Days 92-92,Clinical Signs,No Remarkable Findings,
PC201708,PC201708-1107,1,Vehicle Control,F,0.0,-6,0,Days 1-7,Ophthalmology,No Remarkable Findings,
PC201708,PC201708-1107,1,Vehicle Control,F,0.0,1,7,Days 1-7,Clinical Signs,No Remarkable Findings,
PC201708,PC201708-1107,1,Vehicle Control,F,0.0,8,14,Days 8-14,Clinical Signs,No Remarkable Findings,
PC201708,PC201708-1107,1,Vehicle Control,F,0.0,15,21,Days 15-21,Clinical Signs,No Remarkable Findings,
PC201708,PC201708-1107,1,Vehicle Control,F,0.0,22,28,Days 22-28,Clinical Signs,No Remarkable Findings,
PC201708,PC201708-1107,1,Vehicle Control,F,0.0,29,35,Days 29-35,Clinical Signs,No Remarkable Findings,
PC201708,PC201708-1107,1,Vehicle Control,F,0.0,36,42,Days 36-42,Clinical Signs,No Remarkable Findings,
PC201708,PC201708-1107,1,Vehicle Control,F,0.0,43,49,Days 43-49,Clinical Signs,No Remarkable Findings,
PC201708,PC201708-1107,1,Vehicle Control,F,0.0,50,56,Days 50-56,Clinical Signs,No Remarkable Findings,
PC201708,PC201708-1107,1,Vehicle Control,F,0.0,57,63,Days 57-63,Clinical Signs,No Remarkable Findings,
PC201708,PC201708-1107,1,Vehicle Control,F,0.0,64,70,Days 64-70,Clinical Signs,No Remarkable Findings,
PC201708,PC201708-1107,1,Vehicle Control,F,0.0,71,77,Days 71-77,Clinical Signs,No Remarkable Findings,
PC201708,PC201708-1107,1,Vehicle Control,F,0.0,78,84,Days 78-84,Clinical Signs,No Remarkable Findings,
PC201708,PC201708-1107,1,Vehicle Control,F,0.0,85,91,Days 85-91,Clinical Signs,No Remarkable Findings,
PC201708,PC201708-1107,1,Vehicle Control,F,0.0,85,91,Days 85-91,Ophthalmology,No Remarkable Findings,
PC201708,PC201708-1107,1,Vehicle Control,F,0.0,92,98,Days 92-92,Clinical Signs,No Remarkable Findings,
PC201708,PC201708-1108,1,Vehicle Control,F,0.0,-6,0,Days 1-7,Ophthalmology,No Remarkable Findings,
PC201708,PC201708-1108,1,Vehicle Control,F,0.0,1,7,Days 1-7,Clinical Signs,No Remarkable Findings,
PC201708,PC201708-1108,1,Vehicle Control,F,0.0,8,14,Days 8-14,Clinical Signs,No Remarkable Findings,
PC201708,PC201708-1108,1,Vehicle Control,F,0.0,15,21,Days 15-21,Clinical Signs,No Remarkable Findings,
PC201708,PC201708-1108,1,Vehicle Control,F,0.0,22,28,Days 22-28,Clinical Signs,No Remarkable Findings,
PC201708,PC201708-1108,1,Vehicle Control,F,0.0,29,35,Days 29-35,Clinical Signs,No Remarkable Findings,
PC201708,PC201708-1108,1,Vehicle Control,F,0.0,36,42,Days 36-42,Clinical Signs,No Remarkable Findings,
PC201708,PC201708-1108,1,Vehicle Control,F,0.0,43,49,Days 43-49,Clinical Signs,No Remarkable Findings,
PC201708,PC201708-1108,1,Vehicle Control,F,0.0,50,56,Days 50-56,Clinical Signs,No Remarkable Findings,
PC201708,PC201708-1108,1,Vehicle Control,F,0.0,57,63,Days 57-63,Clinical Signs,No Remarkable Findings,
PC201708,PC201708-1108,1,Vehicle Control,F,0.0,64,70,Days 64-70,Clinical Signs,No Remarkable Findings,
PC201708,PC201708-1108,1,Vehicle Control,F,0.0,71,77,Days 71-77,Clinical Signs,No Remarkable Findings,
PC201708,PC201708-1108,1,Vehicle Control,F,0.0,78,84,Days 78-84,Clinical Signs,No Remarkable Findings,
PC201708,PC201708-1108,1,Vehicle Control,F,0.0,85,91,Days 85-91,Clinical Signs,No Remarkable Findings,
PC201708,PC201708-1108,1,Vehicle Control,F,0.0,85,91,Days 85-91,Ophthalmology,No Remarkable Findings,
PC201708,PC201708-1108,1,Vehicle Control,F,0.0,92,98,Days 92-92,Clinical Signs,No Remarkable Findings,
PC201708,PC201708-1109,1,Vehicle Control,F,0.0,-6,0,Days 1-7,Ophthalmology,No Remarkable Findings,
PC201708,PC201708-1109,1,Vehicle Control,F,0.0,1,7,Days 1-7,Clinical Signs,No Remarkable Findings,
PC201708,PC201708-1109,1,Vehicle Control,F,0.0,8,14,Days 8-14,Clinical Signs,No Remarkable Findings,
PC201708,PC201708-1109,1,Vehicle Control,F,0.0,15,21,Days 15-21,Clinical Signs,No Remarkable Findings,
PC201708,PC201708-1109,1,Vehicle Control,F,0.0,22,28,Days 22-28,Clinical Signs,No Remarkable Findings,
PC201708,PC201708-1109,1,Vehicle Control,F,0.0,29,35,Days 29-35,Clinical Signs,No Remarkable Findings,
PC201708,PC201708-1109,1,Vehicle Control,F,0.0,36,42,Days 36-42,Clinical Signs,No Remarkable Findings,
PC201708,PC201708-1109,1,Vehicle Control,F,0.0,43,49,Days 43-49,Clinical Signs,No Remarkable Findings,
PC201708,PC201708-1109,1,Vehicle Control,F,0.0,50,56,Days 50-56,Clinical Signs,No Remarkable Findings,
PC201708,PC201708-1109,1,Vehicle Control,F,0.0,57,63,Days 57-63,Clinical Signs,No Remarkable Findings,
PC201708,PC201708-1109,1,Vehicle Control,F,0.0,64,70,Days 64-70,Clinical Signs,No Remarkable Findings,
PC201708,PC201708-1109,1,Vehicle Control,F,0.0,71,77,Days 71-77,Clinical Signs,No Remarkable Findings,
PC201708,PC201708-1109,1,Vehicle Control,F,0.0,78,84,Days 78-84,Clinical Signs,No Remarkable Findings,
PC201708,PC201708-1109,1,Vehicle Control,F,0.0,85,91,Days 85-91,Clinical Signs,No Remarkable Findings,
PC201708,PC201708-1109,1,Vehicle Control,F,0.0,85,91,Days 85-91,Ophthalmology,No Remarkable Findings,
PC201708,PC201708-1109,1,Vehicle Control,F,0.0,92,98,Days 92-92,Clinical Signs,No Remarkable Findings,
PC201708,PC201708-1110,1,Vehicle Control,F,0.0,-6,0,Days 1-7,Ophthalmology,No Remarkable Findings,
PC201708,PC201708-1110,1,Vehicle Control,F,0.0,1,7,Days 1-7,Clinical Signs,No Remarkable Findings,
PC201708,PC201708-1110,1,Vehicle Control,F,0.0,8,14,Days 8-14,Clinical Signs,No Remarkable Findings,
PC201708,PC201708-1110,1,Vehicle Control,F,0.0,15,21,Days 15-21,Clinical Signs,No Remarkable Findings,
PC201708,PC201708-1110,1,Vehicle Control,F,0.0,22,28,Days 22-28,Clinical Signs,No Remarkable Findings,
PC201708,PC201708-1110,1,Vehicle Control,F,0.0,29,35,Days 29-35,Clinical Signs,No Remarkable Findings,
PC201708,PC201708-1110,1,Vehicle Control,F,0.0,36,42,Days 36-42,Clinical Signs,No Remarkable Findings,
PC201708,PC201708-1110,1,Vehicle Control,F,0.0,43,49,Days 43-49,Clinical Signs,No Remarkable Findings,
PC201708,PC201708-1110,1,Vehicle Control,F,0.0,50,56,Days 50-56,Clinical Signs,No Remarkable Findings,
PC201708,PC201708-1110,1,Vehicle Control,F,0.0,57,63,Days 57-63,Clinical Signs,No Remarkable Findings,
PC201708,PC201708-1110,1,Vehicle Control,F,0.0,64,70,Days 64-70,Clinical Signs,No Remarkable Findings,
PC201708,PC201708-1110,1,Vehicle Control,F,0.0,71,77,Days 71-77,Clinical Signs,No Remarkable Findings,
PC201708,PC201708-1110,1,Vehicle Control,F,0.0,78,84,Days 78-84,Clinical Signs,No Remarkable Findings,
PC201708,PC201708-1110,1,Vehicle Control,F,0.0,85,91,Days 85-91,Clinical Signs,No Remarkable Findings,
PC201708,PC201708-1110,1,Vehicle Control,F,0.0,85,91,Days 85-91,Ophthalmology,No Remarkable Findings,
PC201708,PC201708-1110,1,Vehicle Control,F,0.0,92,98,Days 92-92,Clinical Signs,No Remarkable Findings,
PC201708,PC201708-1110,1,Vehicle Control,F,0.0,99,105,Days 99-99,Clinical Signs,No Remarkable Findings,
PC201708,PC201708-1110,1,Vehicle Control,F,0.0,106,106,Days 106-106,Clinical Signs,No Remarkable Findings,
PC201708,PC201708-1111,1,Vehicle Control,F,0.0,-6,0,Days 1-7,Ophthalmology,No Remarkable Findings,
PC201708,PC201708-1111,1,Vehicle Control,F,0.0,1,7,Days 1-7,Clinical Signs,No Remarkable Findings,
PC201708,PC201708-1111,1,Vehicle Control,F,0.0,8,14,Days 8-14,Clinical Signs,No Remarkable Findings,
PC201708,PC201708-1111,1,Vehicle Control,F,0.0,15,21,Days 15-21,Clinical Signs,No Remarkable Findings,
PC201708,PC201708-1111,1,Vehicle Control,F,0.0,22,28,Days 22-28,Clinical Signs,No Remarkable Findings,
PC201708,PC201708-1111,1,Vehicle Control,F,0.0,29,35,Days 29-35,Clinical Signs,No Remarkable Findings,
PC201708,PC201708-1111,1,Vehicle Control,F,0.0,36,42,Days 36-42,Clinical Signs,No Remarkable Findings,
PC201708,PC201708-1111,1,Vehicle Control,F,0.0,43,49,Days 43-49,Clinical Signs,No Remarkable Findings,
PC201708,PC201708-1111,1,Vehicle Control,F,0.0,50,56,Days 50-56,Clinical Signs,No Remarkable Findings,
PC201708,PC201708-1111,1,Vehicle Control,F,0.0,57,63,Days 57-63,Clinical Signs,No Remarkable Findings,
PC201708,PC201708-1111,1,Vehicle Control,F,0.0,64,70,Days 64-70,Clinical Signs,No Remarkable Findings,
PC201708,PC201708-1111,1,Vehicle Control,F,0.0,71,77,Days 71-77,Clinical Signs,No Remarkable Findings,
PC201708,PC201708-1111,1,Vehicle Control,F,0.0,78,84,Days 78-84,Clinical Signs,No Remarkable Findings,
PC201708,PC201708-1111,1,Vehicle Control,F,0.0,85,91,Days 85-91,Clinical Signs,No Remarkable Findings,
PC201708,PC201708-1111,1,Vehicle Control,F,0.0,85,91,Days 85-91,Ophthalmology,No Remarkable Findings,
PC201708,PC201708-1111,1,Vehicle Control,F,0.0,92,98,Days 92-92,Clinical Signs,No Remarkable Findings,
PC201708,PC201708-1111,1,Vehicle Control,F,0.0,99,105,Days 99-99,Clinical Signs,No Remarkable Findings,
PC201708,PC201708-1111,1,Vehicle Control,F,0.0,106,106,Days 106-106,Clinical Signs,No Remarkable Findings,
PC201708,PC201708-1112,1,Vehicle Control,F,0.0,-6,0,Days 1-7,Ophthalmology,No Remarkable Findings,
PC201708,PC201708-1112,1,Vehicle Control,F,0.0,1,7,Days 1-7,Clinical Signs,No Remarkable Findings,
PC201708,PC201708-1112,1,Vehicle Control,F,0.0,8,14,Days 8-14,Clinical Signs,No Remarkable Findings,
PC201708,PC201708-1112,1,Vehicle Control,F,0.0,15,21,Days 15-21,Clinical Signs,No Remarkable Findings,
PC201708,PC201708-1112,1,Vehicle Control,F,0.0,22,28,Days 22-28,Clinical Signs,No Remarkable Findings,
PC201708,PC201708-1112,1,Vehicle Control,F,0.0,29,35,Days 29-35,Clinical Signs,No Remarkable Findings,
PC201708,PC201708-1112,1,Vehicle Control,F,0.0,36,42,Days 36-42,Clinical Signs,No Remarkable Findings,
PC201708,PC201708-1112,1,Vehicle Control,F,0.0,43,49,Days 43-49,Clinical Signs,No Remarkable Findings,
PC201708,PC201708-1112,1,Vehicle Control,F,0.0,50,56,Days 50-56,Clinical Signs,No Remarkable Findings,
PC201708,PC201708-1112,1,Vehicle Control,F,0.0,57,63,Days 57-63,Clinical Signs,No Remarkable Findings,
PC201708,PC201708-1112,1,Vehicle Control,F,0.0,64,70,Days 64-70,Clinical Signs,No Remarkable Findings,
PC201708,PC201708-1112,1,Vehicle Control,F,0.0,71,77,Days 71-77,Clinical Signs,No Remarkable Findings,
PC201708,PC201708-1112,1,Vehicle Control,F,0.0,78,84,Days 78-84,Clinical Signs,No Remarkable Findings,
PC201708,PC201708-1112,1,Vehicle Control,F,0.0,85,91,Days 85-91,Clinical Signs,No Remarkable Findings,
PC201708,PC201708-1112,1,Vehicle Control,F,0.0,85,91,Days 85-91,Ophthalmology,No Remarkable Findings,
PC201708,PC201708-1112,1,Vehicle Control,F,0.0,92,98,Days 92-92,Clinical Signs,No Remarkable Findings,
PC201708,PC201708-1112,1,Vehicle Control,F,0.0,99,105,Days 99-99,Clinical Signs,No Remarkable Findings,
PC201708,PC201708-1112,1,Vehicle Control,F,0.0,106,106,Days 106-106,Clinical Signs,No Remarkable Findings,
PC201708,PC201708-1113,1,Vehicle Control,F,0.0,-6,0,Days 1-7,Ophthalmology,No Remarkable Findings,
PC201708,PC201708-1113,1,Vehicle Control,F,0.0,1,7,Days 1-7,Clinical Signs,No Remarkable Findings,
PC201708,PC201708-1113,1,Vehicle Control,F,0.0,8,14,Days 8-14,Clinical Signs,No Remarkable Findings,
PC201708,PC201708-1113,1,Vehicle Control,F,0.0,15,21,Days 15-21,Clinical Signs,No Remarkable Findings,
PC201708,PC201708-1113,1,Vehicle Control,F,0.0,22,28,Days 22-28,Clinical Signs,No Remarkable Findings,
PC201708,PC201708-1113,1,Vehicle Control,F,0.0,29,35,Days 29-35,Clinical Signs,No Remarkable Findings,
PC201708,PC201708-1113,1,Vehicle Control,F,0.0,36,42,Days 36-42,Clinical Signs,No Remarkable Findings,
PC201708,PC201708-1113,1,Vehicle Control,F,0.0,43,49,Days 43-49,Clinical Signs,No Remarkable Findings,
PC201708,PC201708-1113,1,Vehicle Control,F,0.0,50,56,Days 50-56,Clinical Signs,No Remarkable Findings,
PC201708,PC201708-1113,1,Vehicle Control,F,0.0,57,63,Days 57-63,Clinical Signs,No Remarkable Findings,
PC201708,PC201708-1113,1,Vehicle Control,F,0.0,64,70,Days 64-70,Clinical Signs,No Remarkable Findings,
PC201708,PC201708-1113,1,Vehicle Control,F,0.0,71,77,Days 71-77,Clinical Signs,No Remarkable Findings,
PC201708,PC201708-1113,1,Vehicle Control,F,0.0,78,84,Days 78-84,Clinical Signs,No Remarkable Findings,
PC201708,PC201708-1113,1,Vehicle Control,F,0.0,85,91,Days 85-91,Clinical Signs,No Remarkable Findings,
PC201708,PC201708-1113,1,Vehicle Control,F,0.0,85,91,Days 85-91,Ophthalmology,No Remarkable Findings,
PC201708,PC201708-1113,1,Vehicle Control,F,0.0,92,98,Days 92-92,Clinical Signs,No Remarkable Findings,
PC201708,PC201708-1113,1,Vehicle Control,F,0.0,99,105,Days 99-99,Clinical Signs,No Remarkable Findings,
PC201708,PC201708-1113,1,Vehicle Control,F,0.0,106,106,Days 106-106,Clinical Signs,No Remarkable Findings,
PC201708,PC201708-1114,1,Vehicle Control,F,0.0,-6,0,Days 1-7,Ophthalmology,No Remarkable Findings,
PC201708,PC201708-1114,1,Vehicle Control,F,0.0,1,7,Days 1-7,Clinical Signs,No Remarkable Findings,
PC201708,PC201708-1114,1,Vehicle Control,F,0.0,8,14,Days 8-14,Clinical Signs,No Remarkable Findings,
PC201708,PC201708-1114,1,Vehicle Control,F,0.0,15,21,Days 15-21,Clinical Signs,No Remarkable Findings,
PC201708,PC201708-1114,1,Vehicle Control,F,0.0,22,28,Days 22-28,Clinical Signs,No Remarkable Findings,
PC201708,PC201708-1114,1,Vehicle Control,F,0.0,29,35,Days 29-35,Clinical Signs,No Remarkable Findings,
PC201708,PC201708-1114,1,Vehicle Control,F,0.0,36,42,Days 36-42,Clinical Signs,No Remarkable Findings,
PC201708,PC201708-1114,1,Vehicle Control,F,0.0,43,49,Days 43-49,Clinical Signs,No Remarkable Findings,
PC201708,PC201708-1114,1,Vehicle Control,F,0.0,50,56,Days 50-56,Clinical Signs,No Remarkable Findings,
PC201708,PC201708-1114,1,Vehicle Control,F,0.0,57,63,Days 57-63,Clinical Signs,No Remarkable Findings,
PC201708,PC201708-1114,1,Vehicle Control,F,0.0,64,70,Days 64-70,Clinical Signs,No Remarkable Findings,
PC201708,PC201708-1114,1,Vehicle Control,F,0.0,71,77,Days 71-77,Clinical Signs,No Remarkable Findings,
PC201708,PC201708-1114,1,Vehicle Control,F,0.0,78,84,Days 78-84,Clinical Signs,No Remarkable Findings,
PC201708,PC201708-1114,1,Vehicle Control,F,0.0,85,91,Days 85-91,Clinical Signs,No Remarkable Findings,
PC201708,PC201708-1114,1,Vehicle Control,F,0.0,85,91,Days 85-91,Ophthalmology,No Remarkable Findings,
PC201708,PC201708-1114,1,Vehicle Control,F,0.0,92,98,Days 92-92,Clinical Signs,No Remarkable Findings,
PC201708,PC201708-1114,1,Vehicle Control,F,0.0,99,105,Days 99-99,Clinical Signs,No Remarkable Findings,
PC201708,PC201708-1114,1,Vehicle Control,F,0.0,106,106,Days 106-106,Clinical Signs,No Remarkable Findings,
PC201708,PC201708-1115,1,Vehicle Control,F,0.0,-6,0,Days 1-7,Ophthalmology,No Remarkable Findings,
PC201708,PC201708-1115,1,Vehicle Control,F,0.0,1,7,Days 1-7,Clinical Signs,No Remarkable Findings,
PC201708,PC201708-1115,1,Vehicle Control,F,0.0,8,14,Days 8-14,Clinical Signs,No Remarkable Findings,
PC201708,PC201708-1115,1,Vehicle Control,F,0.0,15,21,Days 15-21,Clinical Signs,No Remarkable Findings,
PC201708,PC201708-1115,1,Vehicle Control,F,0.0,22,28,Days 22-28,Clinical Signs,No Remarkable Findings,
PC201708,PC201708-1115,1,Vehicle Control,F,0.0,29,35,Days 29-35,Clinical Signs,No Remarkable Findings,
PC201708,PC201708-1115,1,Vehicle Control,F,0.0,36,42,Days 36-42,Clinical Signs,No Remarkable Findings,
PC201708,PC201708-1115,1,Vehicle Control,F,0.0,43,49,Days 43-49,Clinical Signs,No Remarkable Findings,
PC201708,PC201708-1115,1,Vehicle Control,F,0.0,50,56,Days 50-56,Clinical Signs,No Remarkable Findings,
PC201708,PC201708-1115,1,Vehicle Control,F,0.0,57,63,Days 57-63,Clinical Signs,No Remarkable Findings,
PC201708,PC201708-1115,1,Vehicle Control,F,0.0,64,70,Days 64-70,Clinical Signs,No Remarkable Findings,
PC201708,PC201708-1115,1,Vehicle Control,F,0.0,71,77,Days 71-77,Clinical Signs,No Remarkable Findings,
PC201708,PC201708-1115,1,Vehicle Control,F,0.0,78,84,Days 78-84,Clinical Signs,No Remarkable Findings,
PC201708,PC201708-1115,1,Vehicle Control,F,0.0,85,91,Days 85-91,Clinical Signs,No Remarkable Findings,
PC201708,PC201708-1115,1,Vehicle Control,F,0.0,85,91,Days 85-91,Ophthalmology,No Remarkable Findings,
PC201708,PC201708-1115,1,Vehicle Control,F,0.0,92,98,Days 92-92,Clinical Signs,No Remarkable Findings,
PC201708,PC201708-1115,1,Vehicle Control,F,0.0,99,105,Days 99-99,Clinical Signs,No Remarkable Findings,
PC201708,PC201708-1115,1,Vehicle Control,F,0.0,106,106,Days 106-106,Clinical Signs,No Remarkable Findings,
PC201708,PC201708-2001,2,2 mg/kg PCDRUG,M,2.0,-6,0,Days 1-7,Ophthalmology,No Remarkable Findings,
PC201708,PC201708-2001,2,2 mg/kg PCDRUG,M,2.0,1,7,Days 1-7,Clinical Signs,No Remarkable Findings,
PC201708,PC201708-2001,2,2 mg/kg PCDRUG,M,2.0,8,14,Days 8-14,Clinical Signs,No Remarkable Findings,
PC201708,PC201708-2001,2,2 mg/kg PCDRUG,M,2.0,15,21,Days 15-21,Clinical Signs,No Remarkable Findings,
PC201708,PC201708-2001,2,2 mg/kg PCDRUG,M,2.0,22,28,Days 22-28,Clinical Signs,No Remarkable Findings,
PC201708,PC201708-2001,2,2 mg/kg PCDRUG,M,2.0,29,35,Days 29-35,Clinical Signs,No Remarkable Findings,
PC201708,PC201708-2001,2,2 mg/kg PCDRUG,M,2.0,36,42,Days 36-42,Clinical Signs,No Remarkable Findings,
PC201708,PC201708-2001,2,2 mg/kg PCDRUG,M,2.0,43,49,Days 43-49,Clinical Signs,No Remarkable Findings,
PC201708,PC201708-2001,2,2 mg/kg PCDRUG,M,2.0,50,56,Days 50-56,Clinical Signs,No Remarkable Findings,
PC201708,PC201708-2001,2,2 mg/kg PCDRUG,M,2.0,57,63,Days 57-63,Clinical Signs,No Remarkable Findings,
PC201708,PC201708-2001,2,2 mg/kg PCDRUG,M,2.0,64,70,Days 64-70,Clinical Signs,No Remarkable Findings,
PC201708,PC201708-2001,2,2 mg/kg PCDRUG,M,2.0,71,77,Days 71-77,Clinical Signs,No Remarkable Findings,
PC201708,PC201708-2001,2,2 mg/kg PCDRUG,M,2.0,78,84,Days 78-84,Clinical Signs,No Remarkable Findings,
PC201708,PC201708-2001,2,2 mg/kg PCDRUG,M,2.0,85,91,Days 85-91,Clinical Signs,Bedding Wet,
PC201708,PC201708-2001,2,2 mg/kg PCDRUG,M,2.0,85,91,Days 85-91,Ophthalmology,No Remarkable Findings,
PC201708,PC201708-2001,2,2 mg/kg PCDRUG,M,2.0,92,98,Days 92-92,Clinical Signs,No Remarkable Findings,
PC201708,PC201708-2002,2,2 mg/kg PCDRUG,M,2.0,-6,0,Days 1-7,Ophthalmology,No Remarkable Findings,
PC201708,PC201708-2002,2,2 mg/kg PCDRUG,M,2.0,1,7,Days 1-7,Clinical Signs,No Remarkable Findings,
PC201708,PC201708-2002,2,2 mg/kg PCDRUG,M,2.0,8,14,Days 8-14,Clinical Signs,No Remarkable Findings,
PC201708,PC201708-2002,2,2 mg/kg PCDRUG,M,2.0,15,21,Days 15-21,Clinical Signs,No Remarkable Findings,
PC201708,PC201708-2002,2,2 mg/kg PCDRUG,M,2.0,22,28,Days 22-28,Clinical Signs,No Remarkable Findings,
PC201708,PC201708-2002,2,2 mg/kg PCDRUG,M,2.0,29,35,Days 29-35,Clinical Signs,No Remarkable Findings,
PC201708,PC201708-2002,2,2 mg/kg PCDRUG,M,2.0,36,42,Days 36-42,Clinical Signs,No Remarkable Findings,
PC201708,PC201708-2002,2,2 mg/kg PCDRUG,M,2.0,43,49,Days 43-49,Clinical Signs,No Remarkable Findings,
PC201708,PC201708-2002,2,2 mg/kg PCDRUG,M,2.0,50,56,Days 50-56,Clinical Signs,No Remarkable Findings,
PC201708,PC201708-2002,2,2 mg/kg PCDRUG,M,2.0,57,63,Days 57-63,Clinical Signs,No Remarkable Findings,
PC201708,PC201708-2002,2,2 mg/kg PCDRUG,M,2.0,64,70,Days 64-70,Clinical Signs,No Remarkable Findings,
PC201708,PC201708-2002,2,2 mg/kg PCDRUG,M,2.0,71,77,Days 71-77,Clinical Signs,No Remarkable Findings,
PC201708,PC201708-2002,2,2 mg/kg PCDRUG,M,2.0,78,84,Days 78-84,Clinical Signs,No Remarkable Findings,
PC201708,PC201708-2002,2,2 mg/kg PCDRUG,M,2.0,85,91,Days 85-91,Clinical Signs,Bedding Wet,
PC201708,PC201708-2002,2,2 mg/kg PCDRUG,M,2.0,85,91,Days 85-91,Ophthalmology,No Remarkable Findings,
PC201708,PC201708-2002,2,2 mg/kg PCDRUG,M,2.0,92,98,Days 92-92,Clinical Signs,No Remarkable Findings,
PC201708,PC201708-2003,2,2 mg/kg PCDRUG,M,2.0,-6,0,Days 1-7,Ophthalmology,No Remarkable Findings,
PC201708,PC201708-2003,2,2 mg/kg PCDRUG,M,2.0,1,7,Days 1-7,Clinical Signs,No Remarkable Findings,
PC201708,PC201708-2003,2,2 mg/kg PCDRUG,M,2.0,8,14,Days 8-14,Clinical Signs,No Remarkable Findings,
PC201708,PC201708-2003,2,2 mg/kg PCDRUG,M,2.0,15,21,Days 15-21,Clinical Signs,No Remarkable Findings,
PC201708,PC201708-2003,2,2 mg/kg PCDRUG,M,2.0,22,28,Days 22-28,Clinical Signs,No Remarkable Findings,
PC201708,PC201708-2003,2,2 mg/kg PCDRUG,M,2.0,29,35,Days 29-35,Clinical Signs,No Remarkable Findings,
PC201708,PC201708-2003,2,2 mg/kg PCDRUG,M,2.0,36,42,Days 36-42,Clinical Signs,No Remarkable Findings,
PC201708,PC201708-2003,2,2 mg/kg PCDRUG,M,2.0,43,49,Days 43-49,Clinical Signs,No Remarkable Findings,
PC201708,PC201708-2003,2,2 mg/kg PCDRUG,M,2.0,50,56,Days 50-56,Clinical Signs,No Remarkable Findings,
PC201708,PC201708-2003,2,2 mg/kg PCDRUG,M,2.0,57,63,Days 57-63,Clinical Signs,No Remarkable Findings,
PC201708,PC201708-2003,2,2 mg/kg PCDRUG,M,2.0,64,70,Days 64-70,Clinical Signs,No Remarkable Findings,
PC201708,PC201708-2003,2,2 mg/kg PCDRUG,M,2.0,71,77,Days 71-77,Clinical Signs,No Remarkable Findings,
PC201708,PC201708-2003,2,2 mg/kg PCDRUG,M,2.0,78,84,Days 78-84,Clinical Signs,No Remarkable Findings,
PC201708,PC201708-2003,2,2 mg/kg PCDRUG,M,2.0,85,91,Days 85-91,Clinical Signs,Bedding Wet,
PC201708,PC201708-2003,2,2 mg/kg PCDRUG,M,2.0,85,91,Days 85-91,Ophthalmology,No Remarkable Findings,
PC201708,PC201708-2003,2,2 mg/kg PCDRUG,M,2.0,92,98,Days 92-92,Clinical Signs,No Remarkable Findings,
PC201708,PC201708-2004,2,2 mg/kg PCDRUG,M,2.0,-6,0,Days 1-7,Ophthalmology,No Remarkable Findings,
PC201708,PC201708-2004,2,2 mg/kg PCDRUG,M,2.0,1,7,Days 1-7,Clinical Signs,No Remarkable Findings,
PC201708,PC201708-2004,2,2 mg/kg PCDRUG,M,2.0,8,14,Days 8-14,Clinical Signs,No Remarkable Findings,
PC201708,PC201708-2004,2,2 mg/kg PCDRUG,M,2.0,15,21,Days 15-21,Clinical Signs,No Remarkable Findings,
PC201708,PC201708-2004,2,2 mg/kg PCDRUG,M,2.0,22,28,Days 22-28,Clinical Signs,No Remarkable Findings,
PC201708,PC201708-2004,2,2 mg/kg PCDRUG,M,2.0,29,35,Days 29-35,Clinical Signs,No Remarkable Findings,
PC201708,PC201708-2004,2,2 mg/kg PCDRUG,M,2.0,36,42,Days 36-42,Clinical Signs,No Remarkable Findings,
PC201708,PC201708-2004,2,2 mg/kg PCDRUG,M,2.0,43,49,Days 43-49,Clinical Signs,No Remarkable Findings,
PC201708,PC201708-2004,2,2 mg/kg PCDRUG,M,2.0,50,56,Days 50-56,Clinical Signs,No Remarkable Findings,
PC201708,PC201708-2004,2,2 mg/kg PCDRUG,M,2.0,57,63,Days 57-63,Clinical Signs,No Remarkable Findings,
PC201708,PC201708-2004,2,2 mg/kg PCDRUG,M,2.0,64,70,Days 64-70,Clinical Signs,No Remarkable Findings,
PC201708,PC201708-2004,2,2 mg/kg PCDRUG,M,2.0,71,77,Days 71-77,Clinical Signs,No Remarkable Findings,
PC201708,PC201708-2004,2,2 mg/kg PCDRUG,M,2.0,78,84,Days 78-84,Clinical Signs,No Remarkable Findings,
PC201708,PC201708-2004,2,2 mg/kg PCDRUG,M,2.0,85,91,Days 85-91,Clinical Signs,Bedding Wet,
PC201708,PC201708-2004,2,2 mg/kg PCDRUG,M,2.0,85,91,Days 85-91,Ophthalmology,No Remarkable Findings,
PC201708,PC201708-2004,2,2 mg/kg PCDRUG,M,2.0,92,98,Days 92-92,Clinical Signs,No Remarkable Findings,
PC201708,PC201708-2005,2,2 mg/kg PCDRUG,M,2.0,-6,0,Days 1-7,Ophthalmology,No Remarkable Findings,
PC201708,PC201708-2005,2,2 mg/kg PCDRUG,M,2.0,1,7,Days 1-7,Clinical Signs,No Remarkable Findings,
PC201708,PC201708-2005,2,2 mg/kg PCDRUG,M,2.0,8,14,Days 8-14,Clinical Signs,No Remarkable Findings,
PC201708,PC201708-2005,2,2 mg/kg PCDRUG,M,2.0,15,21,Days 15-21,Clinical Signs,No Remarkable Findings,
PC201708,PC201708-2005,2,2 mg/kg PCDRUG,M,2.0,22,28,Days 22-28,Clinical Signs,No Remarkable Findings,
PC201708,PC201708-2005,2,2 mg/kg PCDRUG,M,2.0,29,35,Days 29-35,Clinical Signs,No Remarkable Findings,
PC201708,PC201708-2005,2,2 mg/kg PCDRUG,M,2.0,36,42,Days 36-42,Clinical Signs,No Remarkable Findings,
PC201708,PC201708-2005,2,2 mg/kg PCDRUG,M,2.0,43,49,Days 43-49,Clinical Signs,No Remarkable Findings,
PC201708,PC201708-2005,2,2 mg/kg PCDRUG,M,2.0,50,56,Days 50-56,Clinical Signs,No Remarkable Findings,
PC201708,PC201708-2005,2,2 mg/kg PCDRUG,M,2.0,57,63,Days 57-63,Clinical Signs,No Remarkable Findings,
PC201708,PC201708-2005,2,2 mg/kg PCDRUG,M,2.0,64,70,Days 64-70,Clinical Signs,No Remarkable Findings,
PC201708,PC201708-2005,2,2 mg/kg PCDRUG,M,2.0,71,77,Days 71-77,Clinical Signs,No Remarkable Findings,
PC201708,PC201708-2005,2,2 mg/kg PCDRUG,M,2.0,78,84,Days 78-84,Clinical Signs,No Remarkable Findings,
PC201708,PC201708-2005,2,2 mg/kg PCDRUG,M,2.0,85,91,Days 85-91,Clinical Signs,Bedding Wet,
PC201708,PC201708-2005,2,2 mg/kg PCDRUG,M,2.0,85,91,Days 85-91,Ophthalmology,No Remarkable Findings,
PC201708,PC201708-2005,2,2 mg/kg PCDRUG,M,2.0,92,98,Days 92-92,Clinical Signs,No Remarkable Findings,
PC201708,PC201708-2006,2,2 mg/kg PCDRUG,M,2.0,-6,0,Days 1-7,Ophthalmology,No Remarkable Findings,
PC201708,PC201708-2006,2,2 mg/kg PCDRUG,M,2.0,1,7,Days 1-7,Clinical Signs,No Remarkable Findings,
PC201708,PC201708-2006,2,2 mg/kg PCDRUG,M,2.0,8,14,Days 8-14,Clinical Signs,No Remarkable Findings,
PC201708,PC201708-2006,2,2 mg/kg PCDRUG,M,2.0,15,21,Days 15-21,Clinical Signs,No Remarkable Findings,
PC201708,PC201708-2006,2,2 mg/kg PCDRUG,M,2.0,22,28,Days 22-28,Clinical Signs,No Remarkable Findings,
PC201708,PC201708-2006,2,2 mg/kg PCDRUG,M,2.0,29,35,Days 29-35,Clinical Signs,No Remarkable Findings,
PC201708,PC201708-2006,2,2 mg/kg PCDRUG,M,2.0,36,42,Days 36-42,Clinical Signs,No Remarkable Findings,
PC201708,PC201708-2006,2,2 mg/kg PCDRUG,M,2.0,43,49,Days 43-49,Clinical Signs,No Remarkable Findings,
PC201708,PC201708-2006,2,2 mg/kg PCDRUG,M,2.0,50,56,Days 50-56,Clinical Signs,No Remarkable Findings,
PC201708,PC201708-2006,2,2 mg/kg PCDRUG,M,2.0,57,63,Days 57-63,Clinical Signs,No Remarkable Findings,
PC201708,PC201708-2006,2,2 mg/kg PCDRUG,M,2.0,64,70,Days 64-70,Clinical Signs,No Remarkable Findings,
PC201708,PC201708-2006,2,2 mg/kg PCDRUG,M,2.0,71,77,Days 71-77,Clinical Signs,No Remarkable Findings,
PC201708,PC201708-2006,2,2 mg/kg PCDRUG,M,2.0,78,84,Days 78-84,Clinical Signs,No Remarkable Findings,
PC201708,PC201708-2006,2,2 mg/kg PCDRUG,M,2.0,85,91,Days 85-91,Clinical Signs,Bedding Wet,
PC201708,PC201708-2006,2,2 mg/kg PCDRUG,M,2.0,85,91,Days 85-91,Ophthalmology,No Remarkable Findings,
PC201708,PC201708-2006,2,2 mg/kg PCDRUG,M,2.0,92,98,Days 92-92,Clinical Signs,No Remarkable Findings,
PC201708,PC201708-2007,2,2 mg/kg PCDRUG,M,2.0,-6,0,Days 1-7,Ophthalmology,No Remarkable Findings,
PC201708,PC201708-2007,2,2 mg/kg PCDRUG,M,2.0,1,7,Days 1-7,Clinical Signs,No Remarkable Findings,
PC201708,PC201708-2007,2,2 mg/kg PCDRUG,M,2.0,8,14,Days 8-14,Clinical Signs,No Remarkable Findings,
PC201708,PC201708-2007,2,2 mg/kg PCDRUG,M,2.0,15,21,Days 15-21,Clinical Signs,No Remarkable Findings,
PC201708,PC201708-2007,2,2 mg/kg PCDRUG,M,2.0,22,28,Days 22-28,Clinical Signs,No Remarkable Findings,
PC201708,PC201708-2007,2,2 mg/kg PCDRUG,M,2.0,29,35,Days 29-35,Clinical Signs,No Remarkable Findings,
PC201708,PC201708-2007,2,2 mg/kg PCDRUG,M,2.0,36,42,Days 36-42,Clinical Signs,No Remarkable Findings,
PC201708,PC201708-2007,2,2 mg/kg PCDRUG,M,2.0,43,49,Days 43-49,Clinical Signs,No Remarkable Findings,
PC201708,PC201708-2007,2,2 mg/kg PCDRUG,M,2.0,50,56,Days 50-56,Clinical Signs,No Remarkable Findings,
PC201708,PC201708-2007,2,2 mg/kg PCDRUG,M,2.0,57,63,Days 57-63,Clinical Signs,No Remarkable Findings,
PC201708,PC201708-2007,2,2 mg/kg PCDRUG,M,2.0,64,70,Days 64-70,Clinical Signs,No Remarkable Findings,
PC201708,PC201708-2007,2,2 mg/kg PCDRUG,M,2.0,71,77,Days 71-77,Clinical Signs,No Remarkable Findings,
PC201708,PC201708-2007,2,2 mg/kg PCDRUG,M,2.0,78,84,Days 78-84,Clinical Signs,No Remarkable Findings,
PC201708,PC201708-2007,2,2 mg/kg PCDRUG,M,2.0,85,91,Days 85-91,Clinical Signs,Bedding Wet,
PC201708,PC201708-2007,2,2 mg/kg PCDRUG,M,2.0,85,91,Days 85-91,Ophthalmology,No Remarkable Findings,
PC201708,PC201708-2007,2,2 mg/kg PCDRUG,M,2.0,92,98,Days 92-92,Clinical Signs,No Remarkable Findings,
PC201708,PC201708-2008,2,2 mg/kg PCDRUG,M,2.0,-6,0,Days 1-7,Ophthalmology,No Remarkable Findings,
PC201708,PC201708-2008,2,2 mg/kg PCDRUG,M,2.0,1,7,Days 1-7,Clinical Signs,No Remarkable Findings,
PC201708,PC201708-2008,2,2 mg/kg PCDRUG,M,2.0,8,14,Days 8-14,Clinical Signs,No Remarkable Findings,
PC201708,PC201708-2008,2,2 mg/kg PCDRUG,M,2.0,15,21,Days 15-21,Clinical Signs,No Remarkable Findings,
PC201708,PC201708-2008,2,2 mg/kg PCDRUG,M,2.0,22,28,Days 22-28,Clinical Signs,No Remarkable Findings,
PC201708,PC201708-2008,2,2 mg/kg PCDRUG,M,2.0,29,35,Days 29-35,Clinical Signs,No Remarkable Findings,
PC201708,PC201708-2008,2,2 mg/kg PCDRUG,M,2.0,36,42,Days 36-42,Clinical Signs,No Remarkable Findings,
PC201708,PC201708-2008,2,2 mg/kg PCDRUG,M,2.0,43,49,Days 43-49,Clinical Signs,No Remarkable Findings,
PC201708,PC201708-2008,2,2 mg/kg PCDRUG,M,2.0,50,56,Days 50-56,Clinical Signs,No Remarkable Findings,
PC201708,PC201708-2008,2,2 mg/kg PCDRUG,M,2.0,57,63,Days 57-63,Clinical Signs,No Remarkable Findings,
PC201708,PC201708-2008,2,2 mg/kg PCDRUG,M,2.0,64,70,Days 64-70,Clinical Signs,No Remarkable Findings,
PC201708,PC201708-2008,2,2 mg/kg PCDRUG,M,2.0,71,77,Days 71-77,Clinical Signs,No Remarkable Findings,
PC201708,PC201708-2008,2,2 mg/kg PCDRUG,M,2.0,78,84,Days 78-84,Clinical Signs,No Remarkable Findings,
PC201708,PC201708-2008,2,2 mg/kg PCDRUG,M,2.0,85,91,Days 85-91,Clinical Signs,Bedding Wet,
PC201708,PC201708-2008,2,2 mg/kg PCDRUG,M,2.0,85,91,Days 85-91,Ophthalmology,No Remarkable Findings,
PC201708,PC201708-2008,2,2 mg/kg PCDRUG,M,2.0,92,98,Days 92-92,Clinical Signs,No Remarkable Findings,
PC201708,PC201708-2009,2,2 mg/kg PCDRUG,M,2.0,-6,0,Days 1-7,Ophthalmology,No Remarkable Findings,
PC201708,PC201708-2009,2,2 mg/kg PCDRUG,M,2.0,1,7,Days 1-7,Clinical Signs,No Remarkable Findings,
PC201708,PC201708-2009,2,2 mg/kg PCDRUG,M,2.0,8,14,Days 8-14,Clinical Signs,No Remarkable Findings,
PC201708,PC201708-2009,2,2 mg/kg PCDRUG,M,2.0,15,21,Days 15-21,Clinical Signs,No Remarkable Findings,
PC201708,PC201708-2009,2,2 mg/kg PCDRUG,M,2.0,22,28,Days 22-28,Clinical Signs,No Remarkable Findings,
PC201708,PC201708-2009,2,2 mg/kg PCDRUG,M,2.0,29,35,Days 29-35,Clinical Signs,No Remarkable Findings,
PC201708,PC201708-2009,2,2 mg/kg PCDRUG,M,2.0,36,42,Days 36-42,Clinical Signs,No Remarkable Findings,
PC201708,PC201708-2009,2,2 mg/kg PCDRUG,M,2.0,43,49,Days 43-49,Clinical Signs,No Remarkable Findings,
PC201708,PC201708-2009,2,2 mg/kg PCDRUG,M,2.0,50,56,Days 50-56,Clinical Signs,No Remarkable Findings,
PC201708,PC201708-2009,2,2 mg/kg PCDRUG,M,2.0,57,63,Days 57-63,Clinical Signs,No Remarkable Findings,
PC201708,PC201708-2009,2,2 mg/kg PCDRUG,M,2.0,64,70,Days 64-70,Clinical Signs,No Remarkable Findings,
PC201708,PC201708-2009,2,2 mg/kg PCDRUG,M,2.0,71,77,Days 71-77,Clinical Signs,No Remarkable Findings,
PC201708,PC201708-2009,2,2 mg/kg PCDRUG,M,2.0,78,84,Days 78-84,Clinical Signs,No Remarkable Findings,
PC201708,PC201708-2009,2,2 mg/kg PCDRUG,M,2.0,85,91,Days 85-91,Clinical Signs,Bedding Wet,
PC201708,PC201708-2009,2,2 mg/kg PCDRUG,M,2.0,85,91,Days 85-91,Ophthalmology,No Remarkable Findings,
PC201708,PC201708-2009,2,2 mg/kg PCDRUG,M,2.0,92,98,Days 92-92,Clinical Signs,No Remarkable Findings,
PC201708,PC201708-2010,2,2 mg/kg PCDRUG,M,2.0,-6,0,Days 1-7,Ophthalmology,No Remarkable Findings,
PC201708,PC201708-2010,2,2 mg/kg PCDRUG,M,2.0,1,7,Days 1-7,Clinical Signs,No Remarkable Findings,
PC201708,PC201708-2010,2,2 mg/kg PCDRUG,M,2.0,8,14,Days 8-14,Clinical Signs,No Remarkable Findings,
PC201708,PC201708-2010,2,2 mg/kg PCDRUG,M,2.0,15,21,Days 15-21,Clinical Signs,No Remarkable Findings,
PC201708,PC201708-2010,2,2 mg/kg PCDRUG,M,2.0,22,28,Days 22-28,Clinical Signs,No Remarkable Findings,
PC201708,PC201708-2010,2,2 mg/kg PCDRUG,M,2.0,29,35,Days 29-35,Clinical Signs,No Remarkable Findings,
PC201708,PC201708-2010,2,2 mg/kg PCDRUG,M,2.0,36,42,Days 36-42,Clinical Signs,No Remarkable Findings,
PC201708,PC201708-2010,2,2 mg/kg PCDRUG,M,2.0,43,49,Days 43-49,Clinical Signs,No Remarkable Findings,
PC201708,PC201708-2010,2,2 mg/kg PCDRUG,M,2.0,50,56,Days 50-56,Clinical Signs,No Remarkable Findings,
PC201708,PC201708-2010,2,2 mg/kg PCDRUG,M,2.0,57,63,Days 57-63,Clinical Signs,No Remarkable Findings,
PC201708,PC201708-2010,2,2 mg/kg PCDRUG,M,2.0,64,70,Days 64-70,Clinical Signs,No Remarkable Findings,
PC201708,PC201708-2010,2,2 mg/kg PCDRUG,M,2.0,71,77,Days 71-77,Clinical Signs,No Remarkable Findings,
PC201708,PC201708-2010,2,2 mg/kg PCDRUG,M,2.0,78,84,Days 78-84,Clinical Signs,No Remarkable Findings,
PC201708,PC201708-2010,2,2 mg/kg PCDRUG,M,2.0,85,91,Days 85-91,Clinical Signs,Bedding Wet,
PC201708,PC201708-2010,2,2 mg/kg PCDRUG,M,2.0,85,91,Days 85-91,Ophthalmology,No Remarkable Findings,
PC201708,PC201708-2010,2,2 mg/kg PCDRUG,M,2.0,92,98,Days 92-92,Clinical Signs,No Remarkable Findings,
PC201708,PC201708-2010,2,2 mg/kg PCDRUG,M,2.0,99,105,Days 99-99,Clinical Signs,No Remarkable Findings,
PC201708,PC201708-2010,2,2 mg/kg PCDRUG,M,2.0,106,106,Days 106-106,Clinical Signs,No Remarkable Findings,
PC201708,PC201708-2011,2,2 mg/kg PCDRUG,M,2.0,-6,0,Days 1-7,Ophthalmology,No Remarkable Findings,
PC201708,PC201708-2011,2,2 mg/kg PCDRUG,M,2.0,1,7,Days 1-7,Clinical Signs,No Remarkable Findings,
PC201708,PC201708-2011,2,2 mg/kg PCDRUG,M,2.0,8,14,Days 8-14,Clinical Signs,No Remarkable Findings,
PC201708,PC201708-2011,2,2 mg/kg PCDRUG,M,2.0,15,21,Days 15-21,Clinical Signs,No Remarkable Findings,
PC201708,PC201708-2011,2,2 mg/kg PCDRUG,M,2.0,22,28,Days 22-28,Clinical Signs,No Remarkable Findings,
PC201708,PC201708-2011,2,2 mg/kg PCDRUG,M,2.0,29,35,Days 29-35,Clinical Signs,No Remarkable Findings,
PC201708,PC201708-2011,2,2 mg/kg PCDRUG,M,2.0,36,42,Days 36-42,Clinical Signs,No Remarkable Findings,
PC201708,PC201708-2011,2,2 mg/kg PCDRUG,M,2.0,43,49,Days 43-49,Clinical Signs,No Remarkable Findings,
PC201708,PC201708-2011,2,2 mg/kg PCDRUG,M,2.0,50,56,Days 50-56,Clinical Signs,No Remarkable Findings,
PC201708,PC201708-2011,2,2 mg/kg PCDRUG,M,2.0,57,63,Days 57-63,Clinical Signs,No Remarkable Findings,
PC201708,PC201708-2011,2,2 mg/kg PCDRUG,M,2.0,64,70,Days 64-70,Clinical Signs,No Remarkable Findings,
PC201708,PC201708-2011,2,2 mg/kg PCDRUG,M,2.0,71,77,Days 71-77,Clinical Signs,No Remarkable Findings,
PC201708,PC201708-2011,2,2 mg/kg PCDRUG,M,2.0,78,84,Days 78-84,Clinical Signs,No Remarkable Findings,
PC201708,PC201708-2011,2,2 mg/kg PCDRUG,M,2.0,85,91,Days 85-91,Clinical Signs,Bedding Wet,
PC201708,PC201708-2011,2,2 mg/kg PCDRUG,M,2.0,85,91,Days 85-91,Ophthalmology,No Remarkable Findings,
PC201708,PC201708-2011,2,2 mg/kg PCDRUG,M,2.0,92,98,Days 92-92,Clinical Signs,No Remarkable Findings,
PC201708,PC201708-2011,2,2 mg/kg PCDRUG,M,2.0,99,105,Days 99-99,Clinical Signs,No Remarkable Findings,
PC201708,PC201708-2011,2,2 mg/kg PCDRUG,M,2.0,106,106,Days 106-106,Clinical Signs,No Remarkable Findings,
PC201708,PC201708-2012,2,2 mg/kg PCDRUG,M,2.0,-6,0,Days 1-7,Ophthalmology,No Remarkable Findings,
PC201708,PC201708-2012,2,2 mg/kg PCDRUG,M,2.0,1,7,Days 1-7,Clinical Signs,No Remarkable Findings,
PC201708,PC201708-2012,2,2 mg/kg PCDRUG,M,2.0,8,14,Days 8-14,Clinical Signs,No Remarkable Findings,
PC201708,PC201708-2012,2,2 mg/kg PCDRUG,M,2.0,15,21,Days 15-21,Clinical Signs,No Remarkable Findings,
PC201708,PC201708-2012,2,2 mg/kg PCDRUG,M,2.0,22,28,Days 22-28,Clinical Signs,No Remarkable Findings,
PC201708,PC201708-2012,2,2 mg/kg PCDRUG,M,2.0,29,35,Days 29-35,Clinical Signs,No Remarkable Findings,
PC201708,PC201708-2012,2,2 mg/kg PCDRUG,M,2.0,36,42,Days 36-42,Clinical Signs,No Remarkable Findings,
PC201708,PC201708-2012,2,2 mg/kg PCDRUG,M,2.0,43,49,Days 43-49,Clinical Signs,No Remarkable Findings,
PC201708,PC201708-2012,2,2 mg/kg PCDRUG,M,2.0,50,56,Days 50-56,Clinical Signs,No Remarkable Findings,
PC201708,PC201708-2012,2,2 mg/kg PCDRUG,M,2.0,57,63,Days 57-63,Clinical Signs,No Remarkable Findings,
PC201708,PC201708-2012,2,2 mg/kg PCDRUG,M,2.0,64,70,Days 64-70,Clinical Signs,No Remarkable Findings,
PC201708,PC201708-2012,2,2 mg/kg PCDRUG,M,2.0,71,77,Days 71-77,Clinical Signs,No Remarkable Findings,
PC201708,PC201708-2012,2,2 mg/kg PCDRUG,M,2.0,78,84,Days 78-84,Clinical Signs,Bedding Wet,
PC201708,PC201708-2012,2,2 mg/kg PCDRUG,M,2.0,85,91,Days 85-91,Clinical Signs,Bedding Wet,
PC201708,PC201708-2012,2,2 mg/kg PCDRUG,M,2.0,85,91,Days 85-91,Ophthalmology,No Remarkable Findings,
PC201708,PC201708-2012,2,2 mg/kg PCDRUG,M,2.0,92,98,Days 92-92,Clinical Signs,No Remarkable Findings,
PC201708,PC201708-2012,2,2 mg/kg PCDRUG,M,2.0,99,105,Days 99-99,Clinical Signs,No Remarkable Findings,
PC201708,PC201708-2012,2,2 mg/kg PCDRUG,M,2.0,106,106,Days 106-106,Clinical Signs,No Remarkable Findings,
PC201708,PC201708-2013,2,2 mg/kg PCDRUG,M,2.0,-6,0,Days 1-7,Ophthalmology,No Remarkable Findings,
PC201708,PC201708-2013,2,2 mg/kg PCDRUG,M,2.0,1,7,Days 1-7,Clinical Signs,No Remarkable Findings,
PC201708,PC201708-2013,2,2 mg/kg PCDRUG,M,2.0,8,14,Days 8-14,Clinical Signs,No Remarkable Findings,
PC201708,PC201708-2013,2,2 mg/kg PCDRUG,M,2.0,15,21,Days 15-21,Clinical Signs,No Remarkable Findings,
PC201708,PC201708-2013,2,2 mg/kg PCDRUG,M,2.0,22,28,Days 22-28,Clinical Signs,No Remarkable Findings,
PC201708,PC201708-2013,2,2 mg/kg PCDRUG,M,2.0,29,35,Days 29-35,Clinical Signs,No Remarkable Findings,
PC201708,PC201708-2013,2,2 mg/kg PCDRUG,M,2.0,36,42,Days 36-42,Clinical Signs,No Remarkable Findings,
PC201708,PC201708-2013,2,2 mg/kg PCDRUG,M,2.0,43,49,Days 43-49,Clinical Signs,No Remarkable Findings,
PC201708,PC201708-2013,2,2 mg/kg PCDRUG,M,2.0,50,56,Days 50-56,Clinical Signs,No Remarkable Findings,
PC201708,PC201708-2013,2,2 mg/kg PCDRUG,M,2.0,57,63,Days 57-63,Clinical Signs,No Remarkable Findings,
PC201708,PC201708-2013,2,2 mg/kg PCDRUG,M,2.0,64,70,Days 64-70,Clinical Signs,No Remarkable Findings,
PC201708,PC201708-2013,2,2 mg/kg PCDRUG,M,2.0,71,77,Days 71-77,Clinical Signs,No Remarkable Findings,
PC201708,PC201708-2013,2,2 mg/kg PCDRUG,M,2.0,78,84,Days 78-84,Clinical Signs,Bedding Wet,
PC201708,PC201708-2013,2,2 mg/kg PCDRUG,M,2.0,85,91,Days 85-91,Clinical Signs,Bedding Wet,
PC201708,PC201708-2013,2,2 mg/kg PCDRUG,M,2.0,85,91,Days 85-91,Ophthalmology,No Remarkable Findings,
PC201708,PC201708-2013,2,2 mg/kg PCDRUG,M,2.0,92,98,Days 92-92,Clinical Signs,No Remarkable Findings,
PC201708,PC201708-2013,2,2 mg/kg PCDRUG,M,2.0,99,105,Days 99-99,Clinical Signs,No Remarkable Findings,
PC201708,PC201708-2013,2,2 mg/kg PCDRUG,M,2.0,106,106,Days 106-106,Clinical Signs,No Remarkable Findings,
PC201708,PC201708-2014,2,2 mg/kg PCDRUG,M,2.0,-6,0,Days 1-7,Ophthalmology,No Remarkable Findings,
PC201708,PC201708-2014,2,2 mg/kg PCDRUG,M,2.0,1,7,Days 1-7,Clinical Signs,No Remarkable Findings,
PC201708,PC201708-2014,2,2 mg/kg PCDRUG,M,2.0,8,14,Days 8-14,Clinical Signs,No Remarkable Findings,
PC201708,PC201708-2014,2,2 mg/kg PCDRUG,M,2.0,15,21,Days 15-21,Clinical Signs,No Remarkable Findings,
PC201708,PC201708-2014,2,2 mg/kg PCDRUG,M,2.0,22,28,Days 22-28,Clinical Signs,No Remarkable Findings,
PC201708,PC201708-2014,2,2 mg/kg PCDRUG,M,2.0,29,35,Days 29-35,Clinical Signs,No Remarkable Findings,
PC201708,PC201708-2014,2,2 mg/kg PCDRUG,M,2.0,36,42,Days 36-42,Clinical Signs,No Remarkable Findings,
PC201708,PC201708-2014,2,2 mg/kg PCDRUG,M,2.0,43,49,Days 43-49,Clinical Signs,No Remarkable Findings,
PC201708,PC201708-2014,2,2 mg/kg PCDRUG,M,2.0,50,56,Days 50-56,Clinical Signs,No Remarkable Findings,
PC201708,PC201708-2014,2,2 mg/kg PCDRUG,M,2.0,57,63,Days 57-63,Clinical Signs,No Remarkable Findings,
PC201708,PC201708-2014,2,2 mg/kg PCDRUG,M,2.0,64,70,Days 64-70,Clinical Signs,No Remarkable Findings,
PC201708,PC201708-2014,2,2 mg/kg PCDRUG,M,2.0,71,77,Days 71-77,Clinical Signs,No Remarkable Findings,
PC201708,PC201708-2014,2,2 mg/kg PCDRUG,M,2.0,78,84,Days 78-84,Clinical Signs,No Remarkable Findings,
PC201708,PC201708-2014,2,2 mg/kg PCDRUG,M,2.0,85,91,Days 85-91,Clinical Signs,Bedding Wet,
PC201708,PC201708-2014,2,2 mg/kg PCDRUG,M,2.0,85,91,Days 85-91,Ophthalmology,No Remarkable Findings,
PC201708,PC201708-2014,2,2 mg/kg PCDRUG,M,2.0,92,98,Days 92-92,Clinical Signs,No Remarkable Findings,
PC201708,PC201708-2014,2,2 mg/kg PCDRUG,M,2.0,99,105,Days 99-99,Clinical Signs,No Remarkable Findings,
PC201708,PC201708-2014,2,2 mg/kg PCDRUG,M,2.0,106,106,Days 106-106,Clinical Signs,No Remarkable Findings,
PC201708,PC201708-2015,2,2 mg/kg PCDRUG,M,2.0,-6,0,Days 1-7,Ophthalmology,No Remarkable Findings,
PC201708,PC201708-2015,2,2 mg/kg PCDRUG,M,2.0,1,7,Days 1-7,Clinical Signs,No Remarkable Findings,
PC201708,PC201708-2015,2,2 mg/kg PCDRUG,M,2.0,8,14,Days 8-14,Clinical Signs,No Remarkable Findings,
PC201708,PC201708-2015,2,2 mg/kg PCDRUG,M,2.0,15,21,Days 15-21,Clinical Signs,No Remarkable Findings,
PC201708,PC201708-2015,2,2 mg/kg PCDRUG,M,2.0,22,28,Days 22-28,Clinical Signs,No Remarkable Findings,
PC201708,PC201708-2015,2,2 mg/kg PCDRUG,M,2.0,29,35,Days 29-35,Clinical Signs,No Remarkable Findings,
PC201708,PC201708-2015,2,2 mg/kg PCDRUG,M,2.0,36,42,Days 36-42,Clinical Signs,No Remarkable Findings,
PC201708,PC201708-2015,2,2 mg/kg PCDRUG,M,2.0,43,49,Days 43-49,Clinical Signs,No Remarkable Findings,
PC201708,PC201708-2015,2,2 mg/kg PCDRUG,M,2.0,50,56,Days 50-56,Clinical Signs,No Remarkable Findings,
PC201708,PC201708-2015,2,2 mg/kg PCDRUG,M,2.0,57,63,Days 57-63,Clinical Signs,No Remarkable Findings,
PC201708,PC201708-2015,2,2 mg/kg PCDRUG,M,2.0,64,70,Days 64-70,Clinical Signs,No Remarkable Findings,
PC201708,PC201708-2015,2,2 mg/kg PCDRUG,M,2.0,71,77,Days 71-77,Clinical Signs,No Remarkable Findings,
PC201708,PC201708-2015,2,2 mg/kg PCDRUG,M,2.0,78,84,Days 78-84,Clinical Signs,No Remarkable Findings,
PC201708,PC201708-2015,2,2 mg/kg PCDRUG,M,2.0,85,91,Days 85-91,Clinical Signs,Bedding Wet,
PC201708,PC201708-2015,2,2 mg/kg PCDRUG,M,2.0,85,91,Days 85-91,Ophthalmology,No Remarkable Findings,
PC201708,PC201708-2015,2,2 mg/kg PCDRUG,M,2.0,92,98,Days 92-92,Clinical Signs,No Remarkable Findings,
PC201708,PC201708-2015,2,2 mg/kg PCDRUG,M,2.0,99,105,Days 99-99,Clinical Signs,No Remarkable Findings,
PC201708,PC201708-2015,2,2 mg/kg PCDRUG,M,2.0,106,106,Days 106-106,Clinical Signs,No Remarkable Findings,
PC201708,PC201708-2101,2,2 mg/kg PCDRUG,F,2.0,-6,0,Days 1-7,Ophthalmology,No Remarkable Findings,
PC201708,PC201708-2101,2,2 mg/kg PCDRUG,F,2.0,1,7,Days 1-7,Clinical Signs,No Remarkable Findings,
PC201708,PC201708-2101,2,2 mg/kg PCDRUG,F,2.0,8,14,Days 8-14,Clinical Signs,No Remarkable Findings,
PC201708,PC201708-2101,2,2 mg/kg PCDRUG,F,2.0,15,21,Days 15-21,Clinical Signs,No Remarkable Findings,
PC201708,PC201708-2101,2,2 mg/kg PCDRUG,F,2.0,22,28,Days 22-28,Clinical Signs,No Remarkable Findings,
PC201708,PC201708-2101,2,2 mg/kg PCDRUG,F,2.0,29,35,Days 29-35,Clinical Signs,No Remarkable Findings,
PC201708,PC201708-2101,2,2 mg/kg PCDRUG,F,2.0,36,42,Days 36-42,Clinical Signs,No Remarkable Findings,
PC201708,PC201708-2101,2,2 mg/kg PCDRUG,F,2.0,43,49,Days 43-49,Clinical Signs,No Remarkable Findings,
PC201708,PC201708-2101,2,2 mg/kg PCDRUG,F,2.0,50,56,Days 50-56,Clinical Signs,No Remarkable Findings,
PC201708,PC201708-2101,2,2 mg/kg PCDRUG,F,2.0,57,63,Days 57-63,Clinical Signs,No Remarkable Findings,
PC201708,PC201708-2101,2,2 mg/kg PCDRUG,F,2.0,64,70,Days 64-70,Clinical Signs,No Remarkable Findings,
PC201708,PC201708-2101,2,2 mg/kg PCDRUG,F,2.0,71,77,Days 71-77,Clinical Signs,No Remarkable Findings,
PC201708,PC201708-2101,2,2 mg/kg PCDRUG,F,2.0,78,84,Days 78-84,Clinical Signs,No Remarkable Findings,
PC201708,PC201708-2101,2,2 mg/kg PCDRUG,F,2.0,85,91,Days 85-91,Clinical Signs,No Remarkable Findings,
PC201708,PC201708-2101,2,2 mg/kg PCDRUG,F,2.0,85,91,Days 85-91,Ophthalmology,No Remarkable Findings,
PC201708,PC201708-2101,2,2 mg/kg PCDRUG,F,2.0,92,98,Days 92-92,Clinical Signs,No Remarkable Findings,
PC201708,PC201708-2102,2,2 mg/kg PCDRUG,F,2.0,-6,0,Days 1-7,Ophthalmology,No Remarkable Findings,
PC201708,PC201708-2102,2,2 mg/kg PCDRUG,F,2.0,1,7,Days 1-7,Clinical Signs,No Remarkable Findings,
PC201708,PC201708-2102,2,2 mg/kg PCDRUG,F,2.0,8,14,Days 8-14,Clinical Signs,No Remarkable Findings,
PC201708,PC201708-2102,2,2 mg/kg PCDRUG,F,2.0,15,21,Days 15-21,Clinical Signs,No Remarkable Findings,
PC201708,PC201708-2102,2,2 mg/kg PCDRUG,F,2.0,22,28,Days 22-28,Clinical Signs,No Remarkable Findings,
PC201708,PC201708-2102,2,2 mg/kg PCDRUG,F,2.0,29,35,Days 29-35,Clinical Signs,No Remarkable Findings,
PC201708,PC201708-2102,2,2 mg/kg PCDRUG,F,2.0,36,42,Days 36-42,Clinical Signs,No Remarkable Findings,
PC201708,PC201708-2102,2,2 mg/kg PCDRUG,F,2.0,43,49,Days 43-49,Clinical Signs,No Remarkable Findings,
PC201708,PC201708-2102,2,2 mg/kg PCDRUG,F,2.0,50,56,Days 50-56,Clinical Signs,No Remarkable Findings,
PC201708,PC201708-2102,2,2 mg/kg PCDRUG,F,2.0,57,63,Days 57-63,Clinical Signs,No Remarkable Findings,
PC201708,PC201708-2102,2,2 mg/kg PCDRUG,F,2.0,64,70,Days 64-70,Clinical Signs,Crust,"eye, right"
PC201708,PC201708-2102,2,2 mg/kg PCDRUG,F,2.0,71,77,Days 71-77,Clinical Signs,No Remarkable Findings,
PC201708,PC201708-2102,2,2 mg/kg PCDRUG,F,2.0,78,84,Days 78-84,Clinical Signs,No Remarkable Findings,
PC201708,PC201708-2102,2,2 mg/kg PCDRUG,F,2.0,85,91,Days 85-91,Clinical Signs,No Remarkable Findings,
PC201708,PC201708-2102,2,2 mg/kg PCDRUG,F,2.0,85,91,Days 85-91,Ophthalmology,No Remarkable Findings,
PC201708,PC201708-2102,2,2 mg/kg PCDRUG,F,2.0,92,98,Days 92-92,Clinical Signs,No Remarkable Findings,
PC201708,PC201708-2103,2,2 mg/kg PCDRUG,F,2.0,-6,0,Days 1-7,Ophthalmology,No Remarkable Findings,
PC201708,PC201708-2103,2,2 mg/kg PCDRUG,F,2.0,1,7,Days 1-7,Clinical Signs,No Remarkable Findings,
PC201708,PC201708-2103,2,2 mg/kg PCDRUG,F,2.0,8,14,Days 8-14,Clinical Signs,No Remarkable Findings,
PC201708,PC201708-2103,2,2 mg/kg PCDRUG,F,2.0,15,21,Days 15-21,Clinical Signs,No Remarkable Findings,
PC201708,PC201708-2103,2,2 mg/kg PCDRUG,F,2.0,22,28,Days 22-28,Clinical Signs,No Remarkable Findings,
PC201708,PC201708-2103,2,2 mg/kg PCDRUG,F,2.0,29,35,Days 29-35,Clinical Signs,No Remarkable Findings,
PC201708,PC201708-2103,2,2 mg/kg PCDRUG,F,2.0,36,42,Days 36-42,Clinical Signs,No Remarkable Findings,
PC201708,PC201708-2103,2,2 mg/kg PCDRUG,F,2.0,43,49,Days 43-49,Clinical Signs,No Remarkable Findings,
PC201708,PC201708-2103,2,2 mg/kg PCDRUG,F,2.0,50,56,Days 50-56,Clinical Signs,No Remarkable Findings,
PC201708,PC201708-2103,2,2 mg/kg PCDRUG,F,2.0,57,63,Days 57-63,Clinical Signs,No Remarkable Findings,
PC201708,PC201708-2103,2,2 mg/kg PCDRUG,F,2.0,64,70,Days 64-70,Clinical Signs,Crust,"eye, left"
PC201708,PC201708-2103,2,2 mg/kg PCDRUG,F,2.0,71,77,Days 71-77,Clinical Signs,No Remarkable Findings,
PC201708,PC201708-2103,2,2 mg/kg PCDRUG,F,2.0,78,84,Days 78-84,Clinical Signs,No Remarkable Findings,
PC201708,PC201708-2103,2,2 mg/kg PCDRUG,F,2.0,85,91,Days 85-91,Clinical Signs,No Remarkable Findings,
PC201708,PC201708-2103,2,2 mg/kg PCDRUG,F,2.0,85,91,Days 85-91,Ophthalmology,No Remarkable Findings,
PC201708,PC201708-2103,2,2 mg/kg PCDRUG,F,2.0,92,98,Days 92-92,Clinical Signs,No Remarkable Findings,
PC201708,PC201708-2104,2,2 mg/kg PCDRUG,F,2.0,-6,0,Days 1-7,Ophthalmology,No Remarkable Findings,
PC201708,PC201708-2104,2,2 mg/kg PCDRUG,F,2.0,1,7,Days 1-7,Clinical Signs,No Remarkable Findings,
PC201708,PC201708-2104,2,2 mg/kg PCDRUG,F,2.0,8,14,Days 8-14,Clinical Signs,No Remarkable Findings,
PC201708,PC201708-2104,2,2 mg/kg PCDRUG,F,2.0,15,21,Days 15-21,Clinical Signs,No Remarkable Findings,
PC201708,PC201708-2104,2,2 mg/kg PCDRUG,F,2.0,22,28,Days 22-28,Clinical Signs,No Remarkable Findings,
PC201708,PC201708-2104,2,2 mg/kg PCDRUG,F,2.0,29,35,Days 29-35,Clinical Signs,No Remarkable Findings,
PC201708,PC201708-2104,2,2 mg/kg PCDRUG,F,2.0,36,42,Days 36-42,Clinical Signs,No Remarkable Findings,
PC201708,PC201708-2104,2,2 mg/kg PCDRUG,F,2.0,43,49,Days 43-49,Clinical Signs,No Remarkable Findings,
PC201708,PC201708-2104,2,2 mg/kg PCDRUG,F,2.0,50,56,Days 50-56,Clinical Signs,No Remarkable Findings,
PC201708,PC201708-2104,2,2 mg/kg PCDRUG,F,2.0,57,63,Days 57-63,Clinical Signs,No Remarkable Findings,
PC201708,PC201708-2104,2,2 mg/kg PCDRUG,F,2.0,64,70,Days 64-70,Clinical Signs,Exudate,nose
PC201708,PC201708-2104,2,2 mg/kg PCDRUG,F,2.0,71,77,Days 71-77,Clinical Signs,No Remarkable Findings,
PC201708,PC201708-2104,2,2 mg/kg PCDRUG,F,2.0,78,84,Days 78-84,Clinical Signs,No Remarkable Findings,
PC201708,PC201708-2104,2,2 mg/kg PCDRUG,F,2.0,85,91,Days 85-91,Clinical Signs,No Remarkable Findings,
PC201708,PC201708-2104,2,2 mg/kg PCDRUG,F,2.0,85,91,Days 85-91,Ophthalmology,No Remarkable Findings,
PC201708,PC201708-2104,2,2 mg/kg PCDRUG,F,2.0,92,98,Days 92-92,Clinical Signs,No Remarkable Findings,
PC201708,PC201708-2105,2,2 mg/kg PCDRUG,F,2.0,-6,0,Days 1-7,Ophthalmology,No Remarkable Findings,
PC201708,PC201708-2105,2,2 mg/kg PCDRUG,F,2.0,1,7,Days 1-7,Clinical Signs,No Remarkable Findings,
PC201708,PC201708-2105,2,2 mg/kg PCDRUG,F,2.0,8,14,Days 8-14,Clinical Signs,No Remarkable Findings,
PC201708,PC201708-2105,2,2 mg/kg PCDRUG,F,2.0,15,21,Days 15-21,Clinical Signs,No Remarkable Findings,
PC201708,PC201708-2105,2,2 mg/kg PCDRUG,F,2.0,22,28,Days 22-28,Clinical Signs,No Remarkable Findings,
PC201708,PC201708-2105,2,2 mg/kg PCDRUG,F,2.0,29,35,Days 29-35,Clinical Signs,No Remarkable Findings,
PC201708,PC201708-2105,2,2 mg/kg PCDRUG,F,2.0,36,42,Days 36-42,Clinical Signs,No Remarkable Findings,
PC201708,PC201708-2105,2,2 mg/kg PCDRUG,F,2.0,43,49,Days 43-49,Clinical Signs,No Remarkable Findings,
PC201708,PC201708-2105,2,2 mg/kg PCDRUG,F,2.0,50,56,Days 50-56,Clinical Signs,No Remarkable Findings,
PC201708,PC201708-2105,2,2 mg/kg PCDRUG,F,2.0,57,63,Days 57-63,Clinical Signs,No Remarkable Findings,
PC201708,PC201708-2105,2,2 mg/kg PCDRUG,F,2.0,64,70,Days 64-70,Clinical Signs,Red Area,mouth
PC201708,PC201708-2105,2,2 mg/kg PCDRUG,F,2.0,71,77,Days 71-77,Clinical Signs,No Remarkable Findings,
PC201708,PC201708-2105,2,2 mg/kg PCDRUG,F,2.0,78,84,Days 78-84,Clinical Signs,No Remarkable Findings,
PC201708,PC201708-2105,2,2 mg/kg PCDRUG,F,2.0,85,91,Days 85-91,Clinical Signs,No Remarkable Findings,
PC201708,PC201708-2105,2,2 mg/kg PCDRUG,F,2.0,85,91,Days 85-91,Ophthalmology,No Remarkable Findings,
PC201708,PC201708-2105,2,2 mg/kg PCDRUG,F,2.0,92,98,Days 92-92,Clinical Signs,No Remarkable Findings,
PC201708,PC201708-2106,2,2 mg/kg PCDRUG,F,2.0,-6,0,Days 1-7,Ophthalmology,No Remarkable Findings,
PC201708,PC201708-2106,2,2 mg/kg PCDRUG,F,2.0,1,7,Days 1-7,Clinical Signs,No Remarkable Findings,
PC201708,PC201708-2106,2,2 mg/kg PCDRUG,F,2.0,8,14,Days 8-14,Clinical Signs,No Remarkable Findings,
PC201708,PC201708-2106,2,2 mg/kg PCDRUG,F,2.0,15,21,Days 15-21,Clinical Signs,No Remarkable Findings,
PC201708,PC201708-2106,2,2 mg/kg PCDRUG,F,2.0,22,28,Days 22-28,Clinical Signs,No Remarkable Findings,
PC201708,PC201708-2106,2,2 mg/kg PCDRUG,F,2.0,29,35,Days 29-35,Clinical Signs,No Remarkable Findings,
PC201708,PC201708-2106,2,2 mg/kg PCDRUG,F,2.0,36,42,Days 36-42,Clinical Signs,No Remarkable Findings,
PC201708,PC201708-2106,2,2 mg/kg PCDRUG,F,2.0,43,49,Days 43-49,Clinical Signs,No Remarkable Findings,
PC201708,PC201708-2106,2,2 mg/kg PCDRUG,F,2.0,50,56,Days 50-56,Clinical Signs,No Remarkable Findings,
PC201708,PC201708-2106,2,2 mg/kg PCDRUG,F,2.0,57,63,Days 57-63,Clinical Signs,No Remarkable Findings,
PC201708,PC201708-2106,2,2 mg/kg PCDRUG,F,2.0,64,70,Days 64-70,Clinical Signs,No Remarkable Findings,
PC201708,PC201708-2106,2,2 mg/kg PCDRUG,F,2.0,71,77,Days 71-77,Clinical Signs,No Remarkable Findings,
PC201708,PC201708-2106,2,2 mg/kg PCDRUG,F,2.0,78,84,Days 78-84,Clinical Signs,No Remarkable Findings,
PC201708,PC201708-2106,2,2 mg/kg PCDRUG,F,2.0,85,91,Days 85-91,Clinical Signs,No Remarkable Findings,
PC201708,PC201708-2106,2,2 mg/kg PCDRUG,F,2.0,85,91,Days 85-91,Ophthalmology,No Remarkable Findings,
PC201708,PC201708-2106,2,2 mg/kg PCDRUG,F,2.0,92,98,Days 92-92,Clinical Signs,No Remarkable Findings,
PC201708,PC201708-2107,2,2 mg/kg PCDRUG,F,2.0,-6,0,Days 1-7,Ophthalmology,No Remarkable Findings,
PC201708,PC201708-2107,2,2 mg/kg PCDRUG,F,2.0,1,7,Days 1-7,Clinical Signs,No Remarkable Findings,
PC201708,PC201708-2107,2,2 mg/kg PCDRUG,F,2.0,8,14,Days 8-14,Clinical Signs,No Remarkable Findings,
PC201708,PC201708-2107,2,2 mg/kg PCDRUG,F,2.0,15,21,Days 15-21,Clinical Signs,No Remarkable Findings,
PC201708,PC201708-2107,2,2 mg/kg PCDRUG,F,2.0,22,28,Days 22-28,Clinical Signs,No Remarkable Findings,
PC201708,PC201708-2107,2,2 mg/kg PCDRUG,F,2.0,29,35,Days 29-35,Clinical Signs,No Remarkable Findings,
PC201708,PC201708-2107,2,2 mg/kg PCDRUG,F,2.0,36,42,Days 36-42,Clinical Signs,No Remarkable Findings,
PC201708,PC201708-2107,2,2 mg/kg PCDRUG,F,2.0,43,49,Days 43-49,Clinical Signs,No Remarkable Findings,
PC201708,PC201708-2107,2,2 mg/kg PCDRUG,F,2.0,50,56,Days 50-56,Clinical Signs,No Remarkable Findings,
PC201708,PC201708-2107,2,2 mg/kg PCDRUG,F,2.0,57,63,Days 57-63,Clinical Signs,No Remarkable Findings,
PC201708,PC201708-2107,2,2 mg/kg PCDRUG,F,2.0,64,70,Days 64-70,Clinical Signs,No Remarkable Findings,
PC201708,PC201708-2107,2,2 mg/kg PCDRUG,F,2.0,71,77,Days 71-77,Clinical Signs,No Remarkable Findings,
PC201708,PC201708-2107,2,2 mg/kg PCDRUG,F,2.0,78,84,Days 78-84,Clinical Signs,No Remarkable Findings,
PC201708,PC201708-2107,2,2 mg/kg PCDRUG,F,2.0,85,91,Days 85-91,Clinical Signs,Crust,"eye, right"
PC201708,PC201708-2107,2,2 mg/kg PCDRUG,F,2.0,85,91,Days 85-91,Ophthalmology,No Remarkable Findings,
PC201708,PC201708-2107,2,2 mg/kg PCDRUG,F,2.0,92,98,Days 92-92,Clinical Signs,No Remarkable Findings,
PC201708,PC201708-2108,2,2 mg/kg PCDRUG,F,2.0,-6,0,Days 1-7,Ophthalmology,No Remarkable Findings,
PC201708,PC201708-2108,2,2 mg/kg PCDRUG,F,2.0,1,7,Days 1-7,Clinical Signs,No Remarkable Findings,
PC201708,PC201708-2108,2,2 mg/kg PCDRUG,F,2.0,8,14,Days 8-14,Clinical Signs,No Remarkable Findings,
PC201708,PC201708-2108,2,2 mg/kg PCDRUG,F,2.0,15,21,Days 15-21,Clinical Signs,No Remarkable Findings,
PC201708,PC201708-2108,2,2 mg/kg PCDRUG,F,2.0,22,28,Days 22-28,Clinical Signs,No Remarkable Findings,
PC201708,PC201708-2108,2,2 mg/kg PCDRUG,F,2.0,29,35,Days 29-35,Clinical Signs,No Remarkable Findings,
PC201708,PC201708-2108,2,2 mg/kg PCDRUG,F,2.0,36,42,Days 36-42,Clinical Signs,No Remarkable Findings,
PC201708,PC201708-2108,2,2 mg/kg PCDRUG,F,2.0,43,49,Days 43-49,Clinical Signs,No Remarkable Findings,
PC201708,PC201708-2108,2,2 mg/kg PCDRUG,F,2.0,50,56,Days 50-56,Clinical Signs,No Remarkable Findings,
PC201708,PC201708-2108,2,2 mg/kg PCDRUG,F,2.0,57,63,Days 57-63,Clinical Signs,No Remarkable Findings,
PC201708,PC201708-2108,2,2 mg/kg PCDRUG,F,2.0,64,70,Days 64-70,Clinical Signs,No Remarkable Findings,
PC201708,PC201708-2108,2,2 mg/kg PCDRUG,F,2.0,71,77,Days 71-77,Clinical Signs,No Remarkable Findings,
PC201708,PC201708-2108,2,2 mg/kg PCDRUG,F,2.0,78,84,Days 78-84,Clinical Signs,No Remarkable Findings,
PC201708,PC201708-2108,2,2 mg/kg PCDRUG,F,2.0,85,91,Days 85-91,Clinical Signs,No Remarkable Findings,
PC201708,PC201708-2108,2,2 mg/kg PCDRUG,F,2.0,85,91,Days 85-91,Ophthalmology,No Remarkable Findings,
PC201708,PC201708-2108,2,2 mg/kg PCDRUG,F,2.0,92,98,Days 92-92,Clinical Signs,No Remarkable Findings,
PC201708,PC201708-2109,2,2 mg/kg PCDRUG,F,2.0,-6,0,Days 1-7,Ophthalmology,No Remarkable Findings,
PC201708,PC201708-2109,2,2 mg/kg PCDRUG,F,2.0,1,7,Days 1-7,Clinical Signs,No Remarkable Findings,
PC201708,PC201708-2109,2,2 mg/kg PCDRUG,F,2.0,8,14,Days 8-14,Clinical Signs,No Remarkable Findings,
PC201708,PC201708-2109,2,2 mg/kg PCDRUG,F,2.0,15,21,Days 15-21,Clinical Signs,No Remarkable Findings,
PC201708,PC201708-2109,2,2 mg/kg PCDRUG,F,2.0,22,28,Days 22-28,Clinical Signs,No Remarkable Findings,
PC201708,PC201708-2109,2,2 mg/kg PCDRUG,F,2.0,29,35,Days 29-35,Clinical Signs,No Remarkable Findings,
PC201708,PC201708-2109,2,2 mg/kg PCDRUG,F,2.0,36,42,Days 36-42,Clinical Signs,No Remarkable Findings,
PC201708,PC201708-2109,2,2 mg/kg PCDRUG,F,2.0,43,49,Days 43-49,Clinical Signs,No Remarkable Findings,
PC201708,PC201708-2109,2,2 mg/kg PCDRUG,F,2.0,50,56,Days 50-56,Clinical Signs,No Remarkable Findings,
PC201708,PC201708-2109,2,2 mg/kg PCDRUG,F,2.0,57,63,Days 57-63,Clinical Signs,No Remarkable Findings,
PC201708,PC201708-2109,2,2 mg/kg PCDRUG,F,2.0,64,70,Days 64-70,Clinical Signs,No Remarkable Findings,
PC201708,PC201708-2109,2,2 mg/kg PCDRUG,F,2.0,71,77,Days 71-77,Clinical Signs,No Remarkable Findings,
PC201708,PC201708-2109,2,2 mg/kg PCDRUG,F,2.0,78,84,Days 78-84,Clinical Signs,No Remarkable Findings,
PC201708,PC201708-2109,2,2 mg/kg PCDRUG,F,2.0,85,91,Days 85-91,Clinical Signs,No Remarkable Findings,
PC201708,PC201708-2109,2,2 mg/kg PCDRUG,F,2.0,85,91,Days 85-91,Ophthalmology,No Remarkable Findings,
PC201708,PC201708-2109,2,2 mg/kg PCDRUG,F,2.0,92,98,Days 92-92,Clinical Signs,No Remarkable Findings,
PC201708,PC201708-2110,2,2 mg/kg PCDRUG,F,2.0,-6,0,Days 1-7,Ophthalmology,No Remarkable Findings,
PC201708,PC201708-2110,2,2 mg/kg PCDRUG,F,2.0,1,7,Days 1-7,Clinical Signs,No Remarkable Findings,
PC201708,PC201708-2110,2,2 mg/kg PCDRUG,F,2.0,8,14,Days 8-14,Clinical Signs,No Remarkable Findings,
PC201708,PC201708-2110,2,2 mg/kg PCDRUG,F,2.0,15,21,Days 15-21,Clinical Signs,No Remarkable Findings,
PC201708,PC201708-2110,2,2 mg/kg PCDRUG,F,2.0,22,28,Days 22-28,Clinical Signs,No Remarkable Findings,
PC201708,PC201708-2110,2,2 mg/kg PCDRUG,F,2.0,29,35,Days 29-35,Clinical Signs,No Remarkable Findings,
PC201708,PC201708-2110,2,2 mg/kg PCDRUG,F,2.0,36,42,Days 36-42,Clinical Signs,No Remarkable Findings,
PC201708,PC201708-2110,2,2 mg/kg PCDRUG,F,2.0,43,49,Days 43-49,Clinical Signs,No Remarkable Findings,
PC201708,PC201708-2110,2,2 mg/kg PCDRUG,F,2.0,50,56,Days 50-56,Clinical Signs,No Remarkable Findings,
PC201708,PC201708-2110,2,2 mg/kg PCDRUG,F,2.0,57,63,Days 57-63,Clinical Signs,No Remarkable Findings,
PC201708,PC201708-2110,2,2 mg/kg PCDRUG,F,2.0,64,70,Days 64-70,Clinical Signs,No Remarkable Findings,
PC201708,PC201708-2110,2,2 mg/kg PCDRUG,F,2.0,71,77,Days 71-77,Clinical Signs,No Remarkable Findings,
PC201708,PC201708-2110,2,2 mg/kg PCDRUG,F,2.0,78,84,Days 78-84,Clinical Signs,No Remarkable Findings,
PC201708,PC201708-2110,2,2 mg/kg PCDRUG,F,2.0,85,91,Days 85-91,Clinical Signs,No Remarkable Findings,
PC201708,PC201708-2110,2,2 mg/kg PCDRUG,F,2.0,85,91,Days 85-91,Ophthalmology,No Remarkable Findings,
PC201708,PC201708-2110,2,2 mg/kg PCDRUG,F,2.0,92,98,Days 92-92,Clinical Signs,No Remarkable Findings,
PC201708,PC201708-2110,2,2 mg/kg PCDRUG,F,2.0,99,105,Days 99-99,Clinical Signs,No Remarkable Findings,
PC201708,PC201708-2110,2,2 mg/kg PCDRUG,F,2.0,106,106,Days 106-106,Clinical Signs,No Remarkable Findings,
PC201708,PC201708-2111,2,2 mg/kg PCDRUG,F,2.0,-6,0,Days 1-7,Ophthalmology,No Remarkable Findings,
PC201708,PC201708-2111,2,2 mg/kg PCDRUG,F,2.0,1,7,Days 1-7,Clinical Signs,No Remarkable Findings,
PC201708,PC201708-2111,2,2 mg/kg PCDRUG,F,2.0,8,14,Days 8-14,Clinical Signs,No Remarkable Findings,
PC201708,PC201708-2111,2,2 mg/kg PCDRUG,F,2.0,15,21,Days 15-21,Clinical Signs,No Remarkable Findings,
PC201708,PC201708-2111,2,2 mg/kg PCDRUG,F,2.0,22,28,Days 22-28,Clinical Signs,No Remarkable Findings,
PC201708,PC201708-2111,2,2 mg/kg PCDRUG,F,2.0,29,35,Days 29-35,Clinical Signs,No Remarkable Findings,
PC201708,PC201708-2111,2,2 mg/kg PCDRUG,F,2.0,36,42,Days 36-42,Clinical Signs,No Remarkable Findings,
PC201708,PC201708-2111,2,2 mg/kg PCDRUG,F,2.0,43,49,Days 43-49,Clinical Signs,No Remarkable Findings,
PC201708,PC201708-2111,2,2 mg/kg PCDRUG,F,2.0,50,56,Days 50-56,Clinical Signs,No Remarkable Findings,
PC201708,PC201708-2111,2,2 mg/kg PCDRUG,F,2.0,57,63,Days 57-63,Clinical Signs,No Remarkable Findings,
PC201708,PC201708-2111,2,2 mg/kg PCDRUG,F,2.0,64,70,Days 64-70,Clinical Signs,No Remarkable Findings,
PC201708,PC201708-2111,2,2 mg/kg PCDRUG,F,2.0,71,77,Days 71-77,Clinical Signs,No Remarkable Findings,
PC201708,PC201708-2111,2,2 mg/kg PCDRUG,F,2.0,78,84,Days 78-84,Clinical Signs,No Remarkable Findings,
PC201708,PC201708-2111,2,2 mg/kg PCDRUG,F,2.0,85,91,Days 85-91,Clinical Signs,No Remarkable Findings,
PC201708,PC201708-2111,2,2 mg/kg PCDRUG,F,2.0,85,91,Days 85-91,Ophthalmology,No Remarkable Findings,
PC201708,PC201708-2111,2,2 mg/kg PCDRUG,F,2.0,92,98,Days 92-92,Clinical Signs,No Remarkable Findings,
PC201708,PC201708-2111,2,2 mg/kg PCDRUG,F,2.0,99,105,Days 99-99,Clinical Signs,No Remarkable Findings,
PC201708,PC201708-2111,2,2 mg/kg PCDRUG,F,2.0,106,106,Days 106-106,Clinical Signs,No Remarkable Findings,
PC201708,PC201708-2112,2,2 mg/kg PCDRUG,F,2.0,-6,0,Days 1-7,Ophthalmology,No Remarkable Findings,
PC201708,PC201708-2112,2,2 mg/kg PCDRUG,F,2.0,1,7,Days 1-7,Clinical Signs,No Remarkable Findings,
PC201708,PC201708-2112,2,2 mg/kg PCDRUG,F,2.0,8,14,Days 8-14,Clinical Signs,No Remarkable Findings,
PC201708,PC201708-2112,2,2 mg/kg PCDRUG,F,2.0,15,21,Days 15-21,Clinical Signs,No Remarkable Findings,
PC201708,PC201708-2112,2,2 mg/kg PCDRUG,F,2.0,22,28,Days 22-28,Clinical Signs,No Remarkable Findings,
PC201708,PC201708-2112,2,2 mg/kg PCDRUG,F,2.0,29,35,Days 29-35,Clinical Signs,No Remarkable Findings,
PC201708,PC201708-2112,2,2 mg/kg PCDRUG,F,2.0,36,42,Days 36-42,Clinical Signs,No Remarkable Findings,
PC201708,PC201708-2112,2,2 mg/kg PCDRUG,F,2.0,43,49,Days 43-49,Clinical Signs,No Remarkable Findings,
PC201708,PC201708-2112,2,2 mg/kg PCDRUG,F,2.0,50,56,Days 50-56,Clinical Signs,No Remarkable Findings,
PC201708,PC201708-2112,2,2 mg/kg PCDRUG,F,2.0,57,63,Days 57-63,Clinical Signs,No Remarkable Findings,
PC201708,PC201708-2112,2,2 mg/kg PCDRUG,F,2.0,64,70,Days 64-70,Clinical Signs,No Remarkable Findings,
PC201708,PC201708-2112,2,2 mg/kg PCDRUG,F,2.0,71,77,Days 71-77,Clinical Signs,No Remarkable Findings,
PC201708,PC201708-2112,2,2 mg/kg PCDRUG,F,2.0,78,84,Days 78-84,Clinical Signs,No Remarkable Findings,
PC201708,PC201708-2112,2,2 mg/kg PCDRUG,F,2.0,85,91,Days 85-91,Clinical Signs,No Remarkable Findings,
PC201708,PC201708-2112,2,2 mg/kg PCDRUG,F,2.0,85,91,Days 85-91,Ophthalmology,No Remarkable Findings,
PC201708,PC201708-2112,2,2 mg/kg PCDRUG,F,2.0,92,98,Days 92-92,Clinical Signs,No Remarkable Findings,
PC201708,PC201708-2112,2,2 mg/kg PCDRUG,F,2.0,99,105,Days 99-99,Clinical Signs,No Remarkable Findings,
PC201708,PC201708-2112,2,2 mg/kg PCDRUG,F,2.0,106,106,Days 106-106,Clinical Signs,No Remarkable Findings,
PC201708,PC201708-2113,2,2 mg/kg PCDRUG,F,2.0,-6,0,Days 1-7,Ophthalmology,No Remarkable Findings,
PC201708,PC201708-2113,2,2 mg/kg PCDRUG,F,2.0,1,7,Days 1-7,Clinical Signs,No Remarkable Findings,
PC201708,PC201708-2113,2,2 mg/kg PCDRUG,F,2.0,8,14,Days 8-14,Clinical Signs,No Remarkable Findings,
PC201708,PC201708-2113,2,2 mg/kg PCDRUG,F,2.0,15,21,Days 15-21,Clinical Signs,No Remarkable Findings,
PC201708,PC201708-2113,2,2 mg/kg PCDRUG,F,2.0,22,28,Days 22-28,Clinical Signs,No Remarkable Findings,
PC201708,PC201708-2113,2,2 mg/kg PCDRUG,F,2.0,29,35,Days 29-35,Clinical Signs,No Remarkable Findings,
PC201708,PC201708-2113,2,2 mg/kg PCDRUG,F,2.0,36,42,Days 36-42,Clinical Signs,No Remarkable Findings,
PC201708,PC201708-2113,2,2 mg/kg PCDRUG,F,2.0,43,49,Days 43-49,Clinical Signs,No Remarkable Findings,
PC201708,PC201708-2113,2,2 mg/kg PCDRUG,F,2.0,50,56,Days 50-56,Clinical Signs,No Remarkable Findings,
PC201708,PC201708-2113,2,2 mg/kg PCDRUG,F,2.0,57,63,Days 57-63,Clinical Signs,No Remarkable Findings,
PC201708,PC201708-2113,2,2 mg/kg PCDRUG,F,2.0,64,70,Days 64-70,Clinical Signs,No Remarkable Findings,
PC201708,PC201708-2113,2,2 mg/kg PCDRUG,F,2.0,71,77,Days 71-77,Clinical Signs,No Remarkable Findings,
PC201708,PC201708-2113,2,2 mg/kg PCDRUG,F,2.0,78,84,Days 78-84,Clinical Signs,No Remarkable Findings,
PC201708,PC201708-2113,2,2 mg/kg PCDRUG,F,2.0,85,91,Days 85-91,Clinical Signs,No Remarkable Findings,
PC201708,PC201708-2113,2,2 mg/kg PCDRUG,F,2.0,85,91,Days 85-91,Ophthalmology,No Remarkable Findings,
PC201708,PC201708-2113,2,2 mg/kg PCDRUG,F,2.0,92,98,Days 92-92,Clinical Signs,No Remarkable Findings,
PC201708,PC201708-2113,2,2 mg/kg PCDRUG,F,2.0,99,105,Days 99-99,Clinical Signs,No Remarkable Findings,
PC201708,PC201708-2113,2,2 mg/kg PCDRUG,F,2.0,106,106,Days 106-106,Clinical Signs,No Remarkable Findings,
PC201708,PC201708-2114,2,2 mg/kg PCDRUG,F,2.0,-6,0,Days 1-7,Ophthalmology,No Remarkable Findings,
PC201708,PC201708-2114,2,2 mg/kg PCDRUG,F,2.0,1,7,Days 1-7,Clinical Signs,No Remarkable Findings,
PC201708,PC201708-2114,2,2 mg/kg PCDRUG,F,2.0,8,14,Days 8-14,Clinical Signs,No Remarkable Findings,
PC201708,PC201708-2114,2,2 mg/kg PCDRUG,F,2.0,15,21,Days 15-21,Clinical Signs,No Remarkable Findings,
PC201708,PC201708-2114,2,2 mg/kg PCDRUG,F,2.0,22,28,Days 22-28,Clinical Signs,No Remarkable Findings,
PC201708,PC201708-2114,2,2 mg/kg PCDRUG,F,2.0,29,35,Days 29-35,Clinical Signs,No Remarkable Findings,
PC201708,PC201708-2114,2,2 mg/kg PCDRUG,F,2.0,36,42,Days 36-42,Clinical Signs,No Remarkable Findings,
PC201708,PC201708-2114,2,2 mg/kg PCDRUG,F,2.0,43,49,Days 43-49,Clinical Signs,No Remarkable Findings,
PC201708,PC201708-2114,2,2 mg/kg PCDRUG,F,2.0,50,56,Days 50-56,Clinical Signs,No Remarkable Findings,
PC201708,PC201708-2114,2,2 mg/kg PCDRUG,F,2.0,57,63,Days 57-63,Clinical Signs,No Remarkable Findings,
PC201708,PC201708-2114,2,2 mg/kg PCDRUG,F,2.0,64,70,Days 64-70,Clinical Signs,No Remarkable Findings,
PC201708,PC201708-2114,2,2 mg/kg PCDRUG,F,2.0,71,77,Days 71-77,Clinical Signs,No Remarkable Findings,
PC201708,PC201708-2114,2,2 mg/kg PCDRUG,F,2.0,78,84,Days 78-84,Clinical Signs,No Remarkable Findings,
PC201708,PC201708-2114,2,2 mg/kg PCDRUG,F,2.0,85,91,Days 85-91,Clinical Signs,No Remarkable Findings,
PC201708,PC201708-2114,2,2 mg/kg PCDRUG,F,2.0,85,91,Days 85-91,Ophthalmology,No Remarkable Findings,
PC201708,PC201708-2114,2,2 mg/kg PCDRUG,F,2.0,92,98,Days 92-92,Clinical Signs,No Remarkable Findings,
PC201708,PC201708-2114,2,2 mg/kg PCDRUG,F,2.0,99,105,Days 99-99,Clinical Signs,No Remarkable Findings,
PC201708,PC201708-2114,2,2 mg/kg PCDRUG,F,2.0,106,106,Days 106-106,Clinical Signs,No Remarkable Findings,
PC201708,PC201708-2115,2,2 mg/kg PCDRUG,F,2.0,-6,0,Days 1-7,Ophthalmology,No Remarkable Findings,
PC201708,PC201708-2115,2,2 mg/kg PCDRUG,F,2.0,1,7,Days 1-7,Clinical Signs,No Remarkable Findings,
PC201708,PC201708-2115,2,2 mg/kg PCDRUG,F,2.0,8,14,Days 8-14,Clinical Signs,No Remarkable Findings,
PC201708,PC201708-2115,2,2 mg/kg PCDRUG,F,2.0,15,21,Days 15-21,Clinical Signs,No Remarkable Findings,
PC201708,PC201708-2115,2,2 mg/kg PCDRUG,F,2.0,22,28,Days 22-28,Clinical Signs,No Remarkable Findings,
PC201708,PC201708-2115,2,2 mg/kg PCDRUG,F,2.0,29,35,Days 29-35,Clinical Signs,No Remarkable Findings,
PC201708,PC201708-2115,2,2 mg/kg PCDRUG,F,2.0,36,42,Days 36-42,Clinical Signs,No Remarkable Findings,
PC201708,PC201708-2115,2,2 mg/kg PCDRUG,F,2.0,43,49,Days 43-49,Clinical Signs,No Remarkable Findings,
PC201708,PC201708-2115,2,2 mg/kg PCDRUG,F,2.0,50,56,Days 50-56,Clinical Signs,No Remarkable Findings,
PC201708,PC201708-2115,2,2 mg/kg PCDRUG,F,2.0,57,63,Days 57-63,Clinical Signs,No Remarkable Findings,
PC201708,PC201708-2115,2,2 mg/kg PCDRUG,F,2.0,64,70,Days 64-70,Clinical Signs,No Remarkable Findings,
PC201708,PC201708-2115,2,2 mg/kg PCDRUG,F,2.0,71,77,Days 71-77,Clinical Signs,No Remarkable Findings,
PC201708,PC201708-2115,2,2 mg/kg PCDRUG,F,2.0,78,84,Days 78-84,Clinical Signs,No Remarkable Findings,
PC201708,PC201708-2115,2,2 mg/kg PCDRUG,F,2.0,85,91,Days 85-91,Clinical Signs,No Remarkable Findings,
PC201708,PC201708-2115,2,2 mg/kg PCDRUG,F,2.0,85,91,Days 85-91,Ophthalmology,No Remarkable Findings,
PC201708,PC201708-2115,2,2 mg/kg PCDRUG,F,2.0,92,98,Days 92-92,Clinical Signs,No Remarkable Findings,
PC201708,PC201708-2115,2,2 mg/kg PCDRUG,F,2.0,99,105,Days 99-99,Clinical Signs,No Remarkable Findings,
PC201708,PC201708-2115,2,2 mg/kg PCDRUG,F,2.0,106,106,Days 106-106,Clinical Signs,No Remarkable Findings,
PC201708,PC201708-3001,3,20 mg/kg PCDRUG,M,20.0,-6,0,Days 1-7,Ophthalmology,No Remarkable Findings,
PC201708,PC201708-3001,3,20 mg/kg PCDRUG,M,20.0,1,7,Days 1-7,Clinical Signs,No Remarkable Findings,
PC201708,PC201708-3001,3,20 mg/kg PCDRUG,M,20.0,8,14,Days 8-14,Clinical Signs,No Remarkable Findings,
PC201708,PC201708-3001,3,20 mg/kg PCDRUG,M,20.0,15,21,Days 15-21,Clinical Signs,No Remarkable Findings,
PC201708,PC201708-3001,3,20 mg/kg PCDRUG,M,20.0,22,28,Days 22-28,Clinical Signs,No Remarkable Findings,
PC201708,PC201708-3001,3,20 mg/kg PCDRUG,M,20.0,29,35,Days 29-35,Clinical Signs,No Remarkable Findings,
PC201708,PC201708-3001,3,20 mg/kg PCDRUG,M,20.0,36,42,Days 36-42,Clinical Signs,No Remarkable Findings,
PC201708,PC201708-3001,3,20 mg/kg PCDRUG,M,20.0,43,49,Days 43-49,Clinical Signs,No Remarkable Findings,
PC201708,PC201708-3001,3,20 mg/kg PCDRUG,M,20.0,50,56,Days 50-56,Clinical Signs,No Remarkable Findings,
PC201708,PC201708-3001,3,20 mg/kg PCDRUG,M,20.0,57,63,Days 57-63,Clinical Signs,No Remarkable Findings,
PC201708,PC201708-3001,3,20 mg/kg PCDRUG,M,20.0,64,70,Days 64-70,Clinical Signs,No Remarkable Findings,
PC201708,PC201708-3001,3,20 mg/kg PCDRUG,M,20.0,71,77,Days 71-77,Clinical Signs,No Remarkable Findings,
PC201708,PC201708-3001,3,20 mg/kg PCDRUG,M,20.0,78,84,Days 78-84,Clinical Signs,No Remarkable Findings,
PC201708,PC201708-3001,3,20 mg/kg PCDRUG,M,20.0,85,91,Days 85-91,Clinical Signs,Bedding Wet,
PC201708,PC201708-3001,3,20 mg/kg PCDRUG,M,20.0,85,91,Days 85-91,Ophthalmology,No Remarkable Findings,
PC201708,PC201708-3001,3,20 mg/kg PCDRUG,M,20.0,92,98,Days 92-92,Clinical Signs,No Remarkable Findings,
PC201708,PC201708-3002,3,20 mg/kg PCDRUG,M,20.0,-6,0,Days 1-7,Ophthalmology,No Remarkable Findings,
PC201708,PC201708-3002,3,20 mg/kg PCDRUG,M,20.0,1,7,Days 1-7,Clinical Signs,No Remarkable Findings,
PC201708,PC201708-3002,3,20 mg/kg PCDRUG,M,20.0,8,14,Days 8-14,Clinical Signs,No Remarkable Findings,
PC201708,PC201708-3002,3,20 mg/kg PCDRUG,M,20.0,15,21,Days 15-21,Clinical Signs,No Remarkable Findings,
PC201708,PC201708-3002,3,20 mg/kg PCDRUG,M,20.0,22,28,Days 22-28,Clinical Signs,No Remarkable Findings,
PC201708,PC201708-3002,3,20 mg/kg PCDRUG,M,20.0,29,35,Days 29-35,Clinical Signs,No Remarkable Findings,
PC201708,PC201708-3002,3,20 mg/kg PCDRUG,M,20.0,36,42,Days 36-42,Clinical Signs,No Remarkable Findings,
PC201708,PC201708-3002,3,20 mg/kg PCDRUG,M,20.0,43,49,Days 43-49,Clinical Signs,No Remarkable Findings,
PC201708,PC201708-3002,3,20 mg/kg PCDRUG,M,20.0,50,56,Days 50-56,Clinical Signs,No Remarkable Findings,
PC201708,PC201708-3002,3,20 mg/kg PCDRUG,M,20.0,57,63,Days 57-63,Clinical Signs,No Remarkable Findings,
PC201708,PC201708-3002,3,20 mg/kg PCDRUG,M,20.0,64,70,Days 64-70,Clinical Signs,No Remarkable Findings,
PC201708,PC201708-3002,3,20 mg/kg PCDRUG,M,20.0,71,77,Days 71-77,Clinical Signs,No Remarkable Findings,
PC201708,PC201708-3002,3,20 mg/kg PCDRUG,M,20.0,78,84,Days 78-84,Clinical Signs,No Remarkable Findings,
PC201708,PC201708-3002,3,20 mg/kg PCDRUG,M,20.0,85,91,Days 85-91,Clinical Signs,Bedding Wet,
PC201708,PC201708-3002,3,20 mg/kg PCDRUG,M,20.0,85,91,Days 85-91,Ophthalmology,No Remarkable Findings,
PC201708,PC201708-3002,3,20 mg/kg PCDRUG,M,20.0,92,98,Days 92-92,Clinical Signs,No Remarkable Findings,
PC201708,PC201708-3003,3,20 mg/kg PCDRUG,M,20.0,-6,0,Days 1-7,Ophthalmology,No Remarkable Findings,
PC201708,PC201708-3003,3,20 mg/kg PCDRUG,M,20.0,1,7,Days 1-7,Clinical Signs,No Remarkable Findings,
PC201708,PC201708-3003,3,20 mg/kg PCDRUG,M,20.0,8,14,Days 8-14,Clinical Signs,No Remarkable Findings,
PC201708,PC201708-3003,3,20 mg/kg PCDRUG,M,20.0,15,21,Days 15-21,Clinical Signs,No Remarkable Findings,
PC201708,PC201708-3003,3,20 mg/kg PCDRUG,M,20.0,22,28,Days 22-28,Clinical Signs,No Remarkable Findings,
PC201708,PC201708-3003,3,20 mg/kg PCDRUG,M,20.0,29,35,Days 29-35,Clinical Signs,No Remarkable Findings,
PC201708,PC201708-3003,3,20 mg/kg PCDRUG,M,20.0,36,42,Days 36-42,Clinical Signs,No Remarkable Findings,
PC201708,PC201708-3003,3,20 mg/kg PCDRUG,M,20.0,43,49,Days 43-49,Clinical Signs,No Remarkable Findings,
PC201708,PC201708-3003,3,20 mg/kg PCDRUG,M,20.0,50,56,Days 50-56,Clinical Signs,No Remarkable Findings,
PC201708,PC201708-3003,3,20 mg/kg PCDRUG,M,20.0,57,63,Days 57-63,Clinical Signs,No Remarkable Findings,
PC201708,PC201708-3003,3,20 mg/kg PCDRUG,M,20.0,64,70,Days 64-70,Clinical Signs,No Remarkable Findings,
PC201708,PC201708-3003,3,20 mg/kg PCDRUG,M,20.0,71,77,Days 71-77,Clinical Signs,No Remarkable Findings,
PC201708,PC201708-3003,3,20 mg/kg PCDRUG,M,20.0,78,84,Days 78-84,Clinical Signs,No Remarkable Findings,
PC201708,PC201708-3003,3,20 mg/kg PCDRUG,M,20.0,85,91,Days 85-91,Clinical Signs,Bedding Wet,
PC201708,PC201708-3003,3,20 mg/kg PCDRUG,M,20.0,85,91,Days 85-91,Ophthalmology,No Remarkable Findings,
PC201708,PC201708-3003,3,20 mg/kg PCDRUG,M,20.0,92,98,Days 92-92,Clinical Signs,No Remarkable Findings,
PC201708,PC201708-3004,3,20 mg/kg PCDRUG,M,20.0,-6,0,Days 1-7,Ophthalmology,No Remarkable Findings,
PC201708,PC201708-3004,3,20 mg/kg PCDRUG,M,20.0,1,7,Days 1-7,Clinical Signs,No Remarkable Findings,
PC201708,PC201708-3004,3,20 mg/kg PCDRUG,M,20.0,8,14,Days 8-14,Clinical Signs,No Remarkable Findings,
PC201708,PC201708-3004,3,20 mg/kg PCDRUG,M,20.0,15,21,Days 15-21,Clinical Signs,No Remarkable Findings,
PC201708,PC201708-3004,3,20 mg/kg PCDRUG,M,20.0,22,28,Days 22-28,Clinical Signs,No Remarkable Findings,
PC201708,PC201708-3004,3,20 mg/kg PCDRUG,M,20.0,29,35,Days 29-35,Clinical Signs,No Remarkable Findings,
PC201708,PC201708-3004,3,20 mg/kg PCDRUG,M,20.0,36,42,Days 36-42,Clinical Signs,No Remarkable Findings,
PC201708,PC201708-3004,3,20 mg/kg PCDRUG,M,20.0,43,49,Days 43-49,Clinical Signs,No Remarkable Findings,
PC201708,PC201708-3004,3,20 mg/kg PCDRUG,M,20.0,50,56,Days 50-56,Clinical Signs,No Remarkable Findings,
PC201708,PC201708-3004,3,20 mg/kg PCDRUG,M,20.0,57,63,Days 57-63,Clinical Signs,No Remarkable Findings,
PC201708,PC201708-3004,3,20 mg/kg PCDRUG,M,20.0,64,70,Days 64-70,Clinical Signs,No Remarkable Findings,
PC201708,PC201708-3004,3,20 mg/kg PCDRUG,M,20.0,71,77,Days 71-77,Clinical Signs,No Remarkable Findings,
PC201708,PC201708-3004,3,20 mg/kg PCDRUG,M,20.0,78,84,Days 78-84,Clinical Signs,Crust,"eye, right"
PC201708,PC201708-3004,3,20 mg/kg PCDRUG,M,20.0,85,91,Days 85-91,Clinical Signs,Bedding Wet,
PC201708,PC201708-3004,3,20 mg/kg PCDRUG,M,20.0,85,91,Days 85-91,Ophthalmology,No Remarkable Findings,
PC201708,PC201708-3004,3,20 mg/kg PCDRUG,M,20.0,92,98,Days 92-92,Clinical Signs,No Remarkable Findings,
PC201708,PC201708-3005,3,20 mg/kg PCDRUG,M,20.0,-6,0,Days 1-7,Ophthalmology,No Remarkable Findings,
PC201708,PC201708-3005,3,20 mg/kg PCDRUG,M,20.0,1,7,Days 1-7,Clinical Signs,No Remarkable Findings,
PC201708,PC201708-3005,3,20 mg/kg PCDRUG,M,20.0,8,14,Days 8-14,Clinical Signs,No Remarkable Findings,
PC201708,PC201708-3005,3,20 mg/kg PCDRUG,M,20.0,15,21,Days 15-21,Clinical Signs,No Remarkable Findings,
PC201708,PC201708-3005,3,20 mg/kg PCDRUG,M,20.0,22,28,Days 22-28,Clinical Signs,No Remarkable Findings,
PC201708,PC201708-3005,3,20 mg/kg PCDRUG,M,20.0,29,35,Days 29-35,Clinical Signs,No Remarkable Findings,
PC201708,PC201708-3005,3,20 mg/kg PCDRUG,M,20.0,36,42,Days 36-42,Clinical Signs,No Remarkable Findings,
PC201708,PC201708-3005,3,20 mg/kg PCDRUG,M,20.0,43,49,Days 43-49,Clinical Signs,No Remarkable Findings,
PC201708,PC201708-3005,3,20 mg/kg PCDRUG,M,20.0,50,56,Days 50-56,Clinical Signs,No Remarkable Findings,
PC201708,PC201708-3005,3,20 mg/kg PCDRUG,M,20.0,57,63,Days 57-63,Clinical Signs,No Remarkable Findings,
PC201708,PC201708-3005,3,20 mg/kg PCDRUG,M,20.0,64,70,Days 64-70,Clinical Signs,No Remarkable Findings,
PC201708,PC201708-3005,3,20 mg/kg PCDRUG,M,20.0,71,77,Days 71-77,Clinical Signs,No Remarkable Findings,
PC201708,PC201708-3005,3,20 mg/kg PCDRUG,M,20.0,78,84,Days 78-84,Clinical Signs,Crust,"eye, left"
PC201708,PC201708-3005,3,20 mg/kg PCDRUG,M,20.0,85,91,Days 85-91,Clinical Signs,Bedding Wet,
PC201708,PC201708-3005,3,20 mg/kg PCDRUG,M,20.0,85,91,Days 85-91,Ophthalmology,No Remarkable Findings,
PC201708,PC201708-3005,3,20 mg/kg PCDRUG,M,20.0,92,98,Days 92-92,Clinical Signs,No Remarkable Findings,
PC201708,PC201708-3006,3,20 mg/kg PCDRUG,M,20.0,-6,0,Days 1-7,Ophthalmology,No Remarkable Findings,
PC201708,PC201708-3006,3,20 mg/kg PCDRUG,M,20.0,1,7,Days 1-7,Clinical Signs,No Remarkable Findings,
PC201708,PC201708-3006,3,20 mg/kg PCDRUG,M,20.0,8,14,Days 8-14,Clinical Signs,No Remarkable Findings,
PC201708,PC201708-3006,3,20 mg/kg PCDRUG,M,20.0,15,21,Days 15-21,Clinical Signs,No Remarkable Findings,
PC201708,PC201708-3006,3,20 mg/kg PCDRUG,M,20.0,22,28,Days 22-28,Clinical Signs,No Remarkable Findings,
PC201708,PC201708-3006,3,20 mg/kg PCDRUG,M,20.0,29,35,Days 29-35,Clinical Signs,No Remarkable Findings,
PC201708,PC201708-3006,3,20 mg/kg PCDRUG,M,20.0,36,42,Days 36-42,Clinical Signs,No Remarkable Findings,
PC201708,PC201708-3006,3,20 mg/kg PCDRUG,M,20.0,43,49,Days 43-49,Clinical Signs,No Remarkable Findings,
PC201708,PC201708-3006,3,20 mg/kg PCDRUG,M,20.0,50,56,Days 50-56,Clinical Signs,No Remarkable Findings,
PC201708,PC201708-3006,3,20 mg/kg PCDRUG,M,20.0,57,63,Days 57-63,Clinical Signs,No Remarkable Findings,
PC201708,PC201708-3006,3,20 mg/kg PCDRUG,M,20.0,64,70,Days 64-70,Clinical Signs,No Remarkable Findings,
PC201708,PC201708-3006,3,20 mg/kg PCDRUG,M,20.0,71,77,Days 71-77,Clinical Signs,No Remarkable Findings,
PC201708,PC201708-3006,3,20 mg/kg PCDRUG,M,20.0,78,84,Days 78-84,Clinical Signs,Exudate,nose
PC201708,PC201708-3006,3,20 mg/kg PCDRUG,M,20.0,85,91,Days 85-91,Clinical Signs,Bedding Wet,
PC201708,PC201708-3006,3,20 mg/kg PCDRUG,M,20.0,85,91,Days 85-91,Ophthalmology,No Remarkable Findings,
PC201708,PC201708-3006,3,20 mg/kg PCDRUG,M,20.0,92,98,Days 92-92,Clinical Signs,No Remarkable Findings,
PC201708,PC201708-3007,3,20 mg/kg PCDRUG,M,20.0,-6,0,Days 1-7,Ophthalmology,No Remarkable Findings,
PC201708,PC201708-3007,3,20 mg/kg PCDRUG,M,20.0,1,7,Days 1-7,Clinical Signs,No Remarkable Findings,
PC201708,PC201708-3007,3,20 mg/kg PCDRUG,M,20.0,8,14,Days 8-14,Clinical Signs,No Remarkable Findings,
PC201708,PC201708-3007,3,20 mg/kg PCDRUG,M,20.0,15,21,Days 15-21,Clinical Signs,No Remarkable Findings,
PC201708,PC201708-3007,3,20 mg/kg PCDRUG,M,20.0,22,28,Days 22-28,Clinical Signs,No Remarkable Findings,
PC201708,PC201708-3007,3,20 mg/kg PCDRUG,M,20.0,29,35,Days 29-35,Clinical Signs,No Remarkable Findings,
PC201708,PC201708-3007,3,20 mg/kg PCDRUG,M,20.0,36,42,Days 36-42,Clinical Signs,No Remarkable Findings,
PC201708,PC201708-3007,3,20 mg/kg PCDRUG,M,20.0,43,49,Days 43-49,Clinical Signs,No Remarkable Findings,
PC201708,PC201708-3007,3,20 mg/kg PCDRUG,M,20.0,50,56,Days 50-56,Clinical Signs,No Remarkable Findings,
PC201708,PC201708-3007,3,20 mg/kg PCDRUG,M,20.0,57,63,Days 57-63,Clinical Signs,No Remarkable Findings,
PC201708,PC201708-3007,3,20 mg/kg PCDRUG,M,20.0,64,70,Days 64-70,Clinical Signs,No Remarkable Findings,
PC201708,PC201708-3007,3,20 mg/kg PCDRUG,M,20.0,71,77,Days 71-77,Clinical Signs,No Remarkable Findings,
PC201708,PC201708-3007,3,20 mg/kg PCDRUG,M,20.0,78,84,Days 78-84,Clinical Signs,Red Area,mouth
PC201708,PC201708-3007,3,20 mg/kg PCDRUG,M,20.0,85,91,Days 85-91,Clinical Signs,Bedding Wet,
PC201708,PC201708-3007,3,20 mg/kg PCDRUG,M,20.0,85,91,Days 85-91,Ophthalmology,No Remarkable Findings,
PC201708,PC201708-3007,3,20 mg/kg PCDRUG,M,20.0,92,98,Days 92-92,Clinical Signs,No Remarkable Findings,
PC201708,PC201708-3008,3,20 mg/kg PCDRUG,M,20.0,-6,0,Days 1-7,Ophthalmology,No Remarkable Findings,
PC201708,PC201708-3008,3,20 mg/kg PCDRUG,M,20.0,1,7,Days 1-7,Clinical Signs,No Remarkable Findings,
PC201708,PC201708-3008,3,20 mg/kg PCDRUG,M,20.0,8,14,Days 8-14,Clinical Signs,No Remarkable Findings,
PC201708,PC201708-3008,3,20 mg/kg PCDRUG,M,20.0,15,21,Days 15-21,Clinical Signs,No Remarkable Findings,
PC201708,PC201708-3008,3,20 mg/kg PCDRUG,M,20.0,22,28,Days 22-28,Clinical Signs,No Remarkable Findings,
PC201708,PC201708-3008,3,20 mg/kg PCDRUG,M,20.0,29,35,Days 29-35,Clinical Signs,No Remarkable Findings,
PC201708,PC201708-3008,3,20 mg/kg PCDRUG,M,20.0,36,42,Days 36-42,Clinical Signs,No Remarkable Findings,
PC201708,PC201708-3008,3,20 mg/kg PCDRUG,M,20.0,43,49,Days 43-49,Clinical Signs,No Remarkable Findings,
PC201708,PC201708-3008,3,20 mg/kg PCDRUG,M,20.0,50,56,Days 50-56,Clinical Signs,No Remarkable Findings,
PC201708,PC201708-3008,3,20 mg/kg PCDRUG,M,20.0,57,63,Days 57-63,Clinical Signs,No Remarkable Findings,
PC201708,PC201708-3008,3,20 mg/kg PCDRUG,M,20.0,64,70,Days 64-70,Clinical Signs,No Remarkable Findings,
PC201708,PC201708-3008,3,20 mg/kg PCDRUG,M,20.0,71,77,Days 71-77,Clinical Signs,No Remarkable Findings,
PC201708,PC201708-3008,3,20 mg/kg PCDRUG,M,20.0,78,84,Days 78-84,Clinical Signs,No Remarkable Findings,
PC201708,PC201708-3008,3,20 mg/kg PCDRUG,M,20.0,85,91,Days 85-91,Clinical Signs,Bedding Wet,
PC201708,PC201708-3008,3,20 mg/kg PCDRUG,M,20.0,85,91,Days 85-91,Ophthalmology,No Remarkable Findings,
PC201708,PC201708-3008,3,20 mg/kg PCDRUG,M,20.0,92,98,Days 92-92,Clinical Signs,No Remarkable Findings,
PC201708,PC201708-3009,3,20 mg/kg PCDRUG,M,20.0,-6,0,Days 1-7,Ophthalmology,No Remarkable Findings,
PC201708,PC201708-3009,3,20 mg/kg PCDRUG,M,20.0,1,7,Days 1-7,Clinical Signs,Crust,"eye, right"
PC201708,PC201708-3009,3,20 mg/kg PCDRUG,M,20.0,8,14,Days 8-14,Clinical Signs,No Remarkable Findings,
PC201708,PC201708-3009,3,20 mg/kg PCDRUG,M,20.0,15,21,Days 15-21,Clinical Signs,No Remarkable Findings,
PC201708,PC201708-3009,3,20 mg/kg PCDRUG,M,20.0,22,28,Days 22-28,Clinical Signs,No Remarkable Findings,
PC201708,PC201708-3009,3,20 mg/kg PCDRUG,M,20.0,29,35,Days 29-35,Clinical Signs,No Remarkable Findings,
PC201708,PC201708-3009,3,20 mg/kg PCDRUG,M,20.0,36,42,Days 36-42,Clinical Signs,No Remarkable Findings,
PC201708,PC201708-3009,3,20 mg/kg PCDRUG,M,20.0,43,49,Days 43-49,Clinical Signs,No Remarkable Findings,
PC201708,PC201708-3009,3,20 mg/kg PCDRUG,M,20.0,50,56,Days 50-56,Clinical Signs,No Remarkable Findings,
PC201708,PC201708-3009,3,20 mg/kg PCDRUG,M,20.0,57,63,Days 57-63,Clinical Signs,No Remarkable Findings,
PC201708,PC201708-3009,3,20 mg/kg PCDRUG,M,20.0,64,70,Days 64-70,Clinical Signs,No Remarkable Findings,
PC201708,PC201708-3009,3,20 mg/kg PCDRUG,M,20.0,71,77,Days 71-77,Clinical Signs,No Remarkable Findings,
PC201708,PC201708-3009,3,20 mg/kg PCDRUG,M,20.0,78,84,Days 78-84,Clinical Signs,No Remarkable Findings,
PC201708,PC201708-3009,3,20 mg/kg PCDRUG,M,20.0,85,91,Days 85-91,Clinical Signs,Bedding Wet,
PC201708,PC201708-3009,3,20 mg/kg PCDRUG,M,20.0,85,91,Days 85-91,Ophthalmology,No Remarkable Findings,
PC201708,PC201708-3009,3,20 mg/kg PCDRUG,M,20.0,92,98,Days 92-92,Clinical Signs,No Remarkable Findings,
PC201708,PC201708-3010,3,20 mg/kg PCDRUG,M,20.0,-6,0,Days 1-7,Ophthalmology,No Remarkable Findings,
PC201708,PC201708-3010,3,20 mg/kg PCDRUG,M,20.0,1,7,Days 1-7,Clinical Signs,No Remarkable Findings,
PC201708,PC201708-3010,3,20 mg/kg PCDRUG,M,20.0,8,14,Days 8-14,Clinical Signs,No Remarkable Findings,
PC201708,PC201708-3010,3,20 mg/kg PCDRUG,M,20.0,15,21,Days 15-21,Clinical Signs,No Remarkable Findings,
PC201708,PC201708-3010,3,20 mg/kg PCDRUG,M,20.0,22,28,Days 22-28,Clinical Signs,No Remarkable Findings,
PC201708,PC201708-3010,3,20 mg/kg PCDRUG,M,20.0,29,35,Days 29-35,Clinical Signs,No Remarkable Findings,
PC201708,PC201708-3010,3,20 mg/kg PCDRUG,M,20.0,36,42,Days 36-42,Clinical Signs,No Remarkable Findings,
PC201708,PC201708-3010,3,20 mg/kg PCDRUG,M,20.0,43,49,Days 43-49,Clinical Signs,No Remarkable Findings,
PC201708,PC201708-3010,3,20 mg/kg PCDRUG,M,20.0,50,56,Days 50-56,Clinical Signs,No Remarkable Findings,
PC201708,PC201708-3010,3,20 mg/kg PCDRUG,M,20.0,57,63,Days 57-63,Clinical Signs,No Remarkable Findings,
PC201708,PC201708-3010,3,20 mg/kg PCDRUG,M,20.0,64,70,Days 64-70,Clinical Signs,No Remarkable Findings,
PC201708,PC201708-3010,3,20 mg/kg PCDRUG,M,20.0,71,77,Days 71-77,Clinical Signs,No Remarkable Findings,
PC201708,PC201708-3010,3,20 mg/kg PCDRUG,M,20.0,78,84,Days 78-84,Clinical Signs,No Remarkable Findings,
PC201708,PC201708-3010,3,20 mg/kg PCDRUG,M,20.0,85,91,Days 85-91,Clinical Signs,Bedding Wet,
PC201708,PC201708-3010,3,20 mg/kg PCDRUG,M,20.0,85,91,Days 85-91,Ophthalmology,No Remarkable Findings,
PC201708,PC201708-3010,3,20 mg/kg PCDRUG,M,20.0,92,98,Days 92-92,Clinical Signs,No Remarkable Findings,
PC201708,PC201708-3010,3,20 mg/kg PCDRUG,M,20.0,99,105,Days 99-99,Clinical Signs,No Remarkable Findings,
PC201708,PC201708-3010,3,20 mg/kg PCDRUG,M,20.0,106,106,Days 106-106,Clinical Signs,No Remarkable Findings,
PC201708,PC201708-3011,3,20 mg/kg PCDRUG,M,20.0,-6,0,Days 1-7,Ophthalmology,No Remarkable Findings,
PC201708,PC201708-3011,3,20 mg/kg PCDRUG,M,20.0,1,7,Days 1-7,Clinical Signs,No Remarkable Findings,
PC201708,PC201708-3011,3,20 mg/kg PCDRUG,M,20.0,8,14,Days 8-14,Clinical Signs,No Remarkable Findings,
PC201708,PC201708-3011,3,20 mg/kg PCDRUG,M,20.0,15,21,Days 15-21,Clinical Signs,No Remarkable Findings,
PC201708,PC201708-3011,3,20 mg/kg PCDRUG,M,20.0,22,28,Days 22-28,Clinical Signs,No Remarkable Findings,
PC201708,PC201708-3011,3,20 mg/kg PCDRUG,M,20.0,29,35,Days 29-35,Clinical Signs,No Remarkable Findings,
PC201708,PC201708-3011,3,20 mg/kg PCDRUG,M,20.0,36,42,Days 36-42,Clinical Signs,No Remarkable Findings,
PC201708,PC201708-3011,3,20 mg/kg PCDRUG,M,20.0,43,49,Days 43-49,Clinical Signs,No Remarkable Findings,
PC201708,PC201708-3011,3,20 mg/kg PCDRUG,M,20.0,50,56,Days 50-56,Clinical Signs,No Remarkable Findings,
PC201708,PC201708-3011,3,20 mg/kg PCDRUG,M,20.0,57,63,Days 57-63,Clinical Signs,No Remarkable Findings,
PC201708,PC201708-3011,3,20 mg/kg PCDRUG,M,20.0,64,70,Days 64-70,Clinical Signs,No Remarkable Findings,
PC201708,PC201708-3011,3,20 mg/kg PCDRUG,M,20.0,71,77,Days 71-77,Clinical Signs,No Remarkable Findings,
PC201708,PC201708-3011,3,20 mg/kg PCDRUG,M,20.0,78,84,Days 78-84,Clinical Signs,No Remarkable Findings,
PC201708,PC201708-3011,3,20 mg/kg PCDRUG,M,20.0,85,91,Days 85-91,Clinical Signs,Bedding Wet,
PC201708,PC201708-3011,3,20 mg/kg PCDRUG,M,20.0,85,91,Days 85-91,Ophthalmology,No Remarkable Findings,
PC201708,PC201708-3011,3,20 mg/kg PCDRUG,M,20.0,92,98,Days 92-92,Clinical Signs,No Remarkable Findings,
PC201708,PC201708-3011,3,20 mg/kg PCDRUG,M,20.0,99,105,Days 99-99,Clinical Signs,No Remarkable Findings,
PC201708,PC201708-3011,3,20 mg/kg PCDRUG,M,20.0,106,106,Days 106-106,Clinical Signs,No Remarkable Findings,
PC201708,PC201708-3012,3,20 mg/kg PCDRUG,M,20.0,-6,0,Days 1-7,Ophthalmology,No Remarkable Findings,
PC201708,PC201708-3012,3,20 mg/kg PCDRUG,M,20.0,1,7,Days 1-7,Clinical Signs,No Remarkable Findings,
PC201708,PC201708-3012,3,20 mg/kg PCDRUG,M,20.0,8,14,Days 8-14,Clinical Signs,No Remarkable Findings,
PC201708,PC201708-3012,3,20 mg/kg PCDRUG,M,20.0,15,21,Days 15-21,Clinical Signs,No Remarkable Findings,
PC201708,PC201708-3012,3,20 mg/kg PCDRUG,M,20.0,22,28,Days 22-28,Clinical Signs,No Remarkable Findings,
PC201708,PC201708-3012,3,20 mg/kg PCDRUG,M,20.0,29,35,Days 29-35,Clinical Signs,No Remarkable Findings,
PC201708,PC201708-3012,3,20 mg/kg PCDRUG,M,20.0,36,42,Days 36-42,Clinical Signs,No Remarkable Findings,
PC201708,PC201708-3012,3,20 mg/kg PCDRUG,M,20.0,43,49,Days 43-49,Clinical Signs,No Remarkable Findings,
PC201708,PC201708-3012,3,20 mg/kg PCDRUG,M,20.0,50,56,Days 50-56,Clinical Signs,No Remarkable Findings,
PC201708,PC201708-3012,3,20 mg/kg PCDRUG,M,20.0,57,63,Days 57-63,Clinical Signs,No Remarkable Findings,
PC201708,PC201708-3012,3,20 mg/kg PCDRUG,M,20.0,64,70,Days 64-70,Clinical Signs,No Remarkable Findings,
PC201708,PC201708-3012,3,20 mg/kg PCDRUG,M,20.0,71,77,Days 71-77,Clinical Signs,No Remarkable Findings,
PC201708,PC201708-3012,3,20 mg/kg PCDRUG,M,20.0,78,84,Days 78-84,Clinical Signs,No Remarkable Findings,
PC201708,PC201708-3012,3,20 mg/kg PCDRUG,M,20.0,85,91,Days 85-91,Clinical Signs,Bedding Wet,
PC201708,PC201708-3012,3,20 mg/kg PCDRUG,M,20.0,85,91,Days 85-91,Ophthalmology,No Remarkable Findings,
PC201708,PC201708-3012,3,20 mg/kg PCDRUG,M,20.0,92,98,Days 92-92,Clinical Signs,No Remarkable Findings,
PC201708,PC201708-3012,3,20 mg/kg PCDRUG,M,20.0,99,105,Days 99-99,Clinical Signs,No Remarkable Findings,
PC201708,PC201708-3012,3,20 mg/kg PCDRUG,M,20.0,106,106,Days 106-106,Clinical Signs,No Remarkable Findings,
PC201708,PC201708-3013,3,20 mg/kg PCDRUG,M,20.0,-6,0,Days 1-7,Ophthalmology,No Remarkable Findings,
PC201708,PC201708-3013,3,20 mg/kg PCDRUG,M,20.0,1,7,Days 1-7,Clinical Signs,No Remarkable Findings,
PC201708,PC201708-3013,3,20 mg/kg PCDRUG,M,20.0,8,14,Days 8-14,Clinical Signs,No Remarkable Findings,
PC201708,PC201708-3013,3,20 mg/kg PCDRUG,M,20.0,15,21,Days 15-21,Clinical Signs,No Remarkable Findings,
PC201708,PC201708-3013,3,20 mg/kg PCDRUG,M,20.0,22,28,Days 22-28,Clinical Signs,No Remarkable Findings,
PC201708,PC201708-3013,3,20 mg/kg PCDRUG,M,20.0,29,35,Days 29-35,Clinical Signs,No Remarkable Findings,
PC201708,PC201708-3013,3,20 mg/kg PCDRUG,M,20.0,36,42,Days 36-42,Clinical Signs,No Remarkable Findings,
PC201708,PC201708-3013,3,20 mg/kg PCDRUG,M,20.0,43,49,Days 43-49,Clinical Signs,Crust,"eye, right"
PC201708,PC201708-3013,3,20 mg/kg PCDRUG,M,20.0,50,56,Days 50-56,Clinical Signs,No Remarkable Findings,
PC201708,PC201708-3013,3,20 mg/kg PCDRUG,M,20.0,57,63,Days 57-63,Clinical Signs,No Remarkable Findings,
PC201708,PC201708-3013,3,20 mg/kg PCDRUG,M,20.0,64,70,Days 64-70,Clinical Signs,No Remarkable Findings,
PC201708,PC201708-3013,3,20 mg/kg PCDRUG,M,20.0,71,77,Days 71-77,Clinical Signs,No Remarkable Findings,
PC201708,PC201708-3013,3,20 mg/kg PCDRUG,M,20.0,78,84,Days 78-84,Clinical Signs,No Remarkable Findings,
PC201708,PC201708-3013,3,20 mg/kg PCDRUG,M,20.0,85,91,Days 85-91,Clinical Signs,Bedding Wet,
PC201708,PC201708-3013,3,20 mg/kg PCDRUG,M,20.0,85,91,Days 85-91,Ophthalmology,No Remarkable Findings,
PC201708,PC201708-3013,3,20 mg/kg PCDRUG,M,20.0,92,98,Days 92-92,Clinical Signs,No Remarkable Findings,
PC201708,PC201708-3013,3,20 mg/kg PCDRUG,M,20.0,99,105,Days 99-99,Clinical Signs,No Remarkable Findings,
PC201708,PC201708-3013,3,20 mg/kg PCDRUG,M,20.0,106,106,Days 106-106,Clinical Signs,No Remarkable Findings,
PC201708,PC201708-3014,3,20 mg/kg PCDRUG,M,20.0,-6,0,Days 1-7,Ophthalmology,No Remarkable Findings,
PC201708,PC201708-3014,3,20 mg/kg PCDRUG,M,20.0,1,7,Days 1-7,Clinical Signs,No Remarkable Findings,
PC201708,PC201708-3014,3,20 mg/kg PCDRUG,M,20.0,8,14,Days 8-14,Clinical Signs,No Remarkable Findings,
PC201708,PC201708-3014,3,20 mg/kg PCDRUG,M,20.0,15,21,Days 15-21,Clinical Signs,No Remarkable Findings,
PC201708,PC201708-3014,3,20 mg/kg PCDRUG,M,20.0,22,28,Days 22-28,Clinical Signs,No Remarkable Findings,
PC201708,PC201708-3014,3,20 mg/kg PCDRUG,M,20.0,29,35,Days 29-35,Clinical Signs,No Remarkable Findings,
PC201708,PC201708-3014,3,20 mg/kg PCDRUG,M,20.0,36,42,Days 36-42,Clinical Signs,No Remarkable Findings,
PC201708,PC201708-3014,3,20 mg/kg PCDRUG,M,20.0,43,49,Days 43-49,Clinical Signs,No Remarkable Findings,
PC201708,PC201708-3014,3,20 mg/kg PCDRUG,M,20.0,50,56,Days 50-56,Clinical Signs,No Remarkable Findings,
PC201708,PC201708-3014,3,20 mg/kg PCDRUG,M,20.0,57,63,Days 57-63,Clinical Signs,No Remarkable Findings,
PC201708,PC201708-3014,3,20 mg/kg PCDRUG,M,20.0,64,70,Days 64-70,Clinical Signs,No Remarkable Findings,
PC201708,PC201708-3014,3,20 mg/kg PCDRUG,M,20.0,71,77,Days 71-77,Clinical Signs,No Remarkable Findings,
PC201708,PC201708-3014,3,20 mg/kg PCDRUG,M,20.0,78,84,Days 78-84,Clinical Signs,No Remarkable Findings,
PC201708,PC201708-3014,3,20 mg/kg PCDRUG,M,20.0,85,91,Days 85-91,Clinical Signs,Bedding Wet,
PC201708,PC201708-3014,3,20 mg/kg PCDRUG,M,20.0,85,91,Days 85-91,Ophthalmology,No Remarkable Findings,
PC201708,PC201708-3014,3,20 mg/kg PCDRUG,M,20.0,92,98,Days 92-92,Clinical Signs,No Remarkable Findings,
PC201708,PC201708-3014,3,20 mg/kg PCDRUG,M,20.0,99,105,Days 99-99,Clinical Signs,No Remarkable Findings,
PC201708,PC201708-3014,3,20 mg/kg PCDRUG,M,20.0,106,106,Days 106-106,Clinical Signs,No Remarkable Findings,
PC201708,PC201708-3015,3,20 mg/kg PCDRUG,M,20.0,-6,0,Days 1-7,Ophthalmology,No Remarkable Findings,
PC201708,PC201708-3015,3,20 mg/kg PCDRUG,M,20.0,1,7,Days 1-7,Clinical Signs,No Remarkable Findings,
PC201708,PC201708-3015,3,20 mg/kg PCDRUG,M,20.0,8,14,Days 8-14,Clinical Signs,No Remarkable Findings,
PC201708,PC201708-3015,3,20 mg/kg PCDRUG,M,20.0,15,21,Days 15-21,Clinical Signs,No Remarkable Findings,
PC201708,PC201708-3015,3,20 mg/kg PCDRUG,M,20.0,22,28,Days 22-28,Clinical Signs,No Remarkable Findings,
PC201708,PC201708-3015,3,20 mg/kg PCDRUG,M,20.0,29,35,Days 29-35,Clinical Signs,No Remarkable Findings,
PC201708,PC201708-3015,3,20 mg/kg PCDRUG,M,20.0,36,42,Days 36-42,Clinical Signs,No Remarkable Findings,
PC201708,PC201708-3015,3,20 mg/kg PCDRUG,M,20.0,43,49,Days 43-49,Clinical Signs,Crust,"eye, left"
PC201708,PC201708-3015,3,20 mg/kg PCDRUG,M,20.0,50,56,Days 50-56,Clinical Signs,No Remarkable Findings,
PC201708,PC201708-3015,3,20 mg/kg PCDRUG,M,20.0,57,63,Days 57-63,Clinical Signs,No Remarkable Findings,
PC201708,PC201708-3015,3,20 mg/kg PCDRUG,M,20.0,64,70,Days 64-70,Clinical Signs,No Remarkable Findings,
PC201708,PC201708-3015,3,20 mg/kg PCDRUG,M,20.0,71,77,Days 71-77,Clinical Signs,No Remarkable Findings,
PC201708,PC201708-3015,3,20 mg/kg PCDRUG,M,20.0,78,84,Days 78-84,Clinical Signs,No Remarkable Findings,
PC201708,PC201708-3015,3,20 mg/kg PCDRUG,M,20.0,85,91,Days 85-91,Clinical Signs,Bedding Wet,
PC201708,PC201708-3015,3,20 mg/kg PCDRUG,M,20.0,85,91,Days 85-91,Ophthalmology,No Remarkable Findings,
PC201708,PC201708-3015,3,20 mg/kg PCDRUG,M,20.0,92,98,Days 92-92,Clinical Signs,No Remarkable Findings,
PC201708,PC201708-3015,3,20 mg/kg PCDRUG,M,20.0,99,105,Days 99-99,Clinical Signs,No Remarkable Findings,
PC201708,PC201708-3015,3,20 mg/kg PCDRUG,M,20.0,106,106,Days 106-106,Clinical Signs,No Remarkable Findings,
PC201708,PC201708-3101,3,20 mg/kg PCDRUG,F,20.0,-6,0,Days 1-7,Ophthalmology,No Remarkable Findings,
PC201708,PC201708-3101,3,20 mg/kg PCDRUG,F,20.0,1,7,Days 1-7,Clinical Signs,No Remarkable Findings,
PC201708,PC201708-3101,3,20 mg/kg PCDRUG,F,20.0,8,14,Days 8-14,Clinical Signs,No Remarkable Findings,
PC201708,PC201708-3101,3,20 mg/kg PCDRUG,F,20.0,15,21,Days 15-21,Clinical Signs,No Remarkable Findings,
PC201708,PC201708-3101,3,20 mg/kg PCDRUG,F,20.0,22,28,Days 22-28,Clinical Signs,No Remarkable Findings,
PC201708,PC201708-3101,3,20 mg/kg PCDRUG,F,20.0,29,35,Days 29-35,Clinical Signs,No Remarkable Findings,
PC201708,PC201708-3101,3,20 mg/kg PCDRUG,F,20.0,36,42,Days 36-42,Clinical Signs,No Remarkable Findings,
PC201708,PC201708-3101,3,20 mg/kg PCDRUG,F,20.0,43,49,Days 43-49,Clinical Signs,No Remarkable Findings,
PC201708,PC201708-3101,3,20 mg/kg PCDRUG,F,20.0,50,56,Days 50-56,Clinical Signs,No Remarkable Findings,
PC201708,PC201708-3101,3,20 mg/kg PCDRUG,F,20.0,57,63,Days 57-63,Clinical Signs,No Remarkable Findings,
PC201708,PC201708-3101,3,20 mg/kg PCDRUG,F,20.0,64,70,Days 64-70,Clinical Signs,No Remarkable Findings,
PC201708,PC201708-3101,3,20 mg/kg PCDRUG,F,20.0,71,77,Days 71-77,Clinical Signs,No Remarkable Findings,
PC201708,PC201708-3101,3,20 mg/kg PCDRUG,F,20.0,78,84,Days 78-84,Clinical Signs,No Remarkable Findings,
PC201708,PC201708-3101,3,20 mg/kg PCDRUG,F,20.0,85,91,Days 85-91,Clinical Signs,No Remarkable Findings,
PC201708,PC201708-3101,3,20 mg/kg PCDRUG,F,20.0,85,91,Days 85-91,Ophthalmology,No Remarkable Findings,
PC201708,PC201708-3101,3,20 mg/kg PCDRUG,F,20.0,92,98,Days 92-92,Clinical Signs,No Remarkable Findings,
PC201708,PC201708-3102,3,20 mg/kg PCDRUG,F,20.0,-6,0,Days 1-7,Ophthalmology,No Remarkable Findings,
PC201708,PC201708-3102,3,20 mg/kg PCDRUG,F,20.0,1,7,Days 1-7,Clinical Signs,No Remarkable Findings,
PC201708,PC201708-3102,3,20 mg/kg PCDRUG,F,20.0,8,14,Days 8-14,Clinical Signs,No Remarkable Findings,
PC201708,PC201708-3102,3,20 mg/kg PCDRUG,F,20.0,15,21,Days 15-21,Clinical Signs,No Remarkable Findings,
PC201708,PC201708-3102,3,20 mg/kg PCDRUG,F,20.0,22,28,Days 22-28,Clinical Signs,No Remarkable Findings,
PC201708,PC201708-3102,3,20 mg/kg PCDRUG,F,20.0,29,35,Days 29-35,Clinical Signs,No Remarkable Findings,
PC201708,PC201708-3102,3,20 mg/kg PCDRUG,F,20.0,36,42,Days 36-42,Clinical Signs,No Remarkable Findings,
PC201708,PC201708-3102,3,20 mg/kg PCDRUG,F,20.0,43,49,Days 43-49,Clinical Signs,No Remarkable Findings,
PC201708,PC201708-3102,3,20 mg/kg PCDRUG,F,20.0,50,56,Days 50-56,Clinical Signs,No Remarkable Findings,
PC201708,PC201708-3102,3,20 mg/kg PCDRUG,F,20.0,57,63,Days 57-63,Clinical Signs,No Remarkable Findings,
PC201708,PC201708-3102,3,20 mg/kg PCDRUG,F,20.0,64,70,Days 64-70,Clinical Signs,No Remarkable Findings,
PC201708,PC201708-3102,3,20 mg/kg PCDRUG,F,20.0,71,77,Days 71-77,Clinical Signs,No Remarkable Findings,
PC201708,PC201708-3102,3,20 mg/kg PCDRUG,F,20.0,78,84,Days 78-84,Clinical Signs,No Remarkable Findings,
PC201708,PC201708-3102,3,20 mg/kg PCDRUG,F,20.0,85,91,Days 85-91,Clinical Signs,No Remarkable Findings,
PC201708,PC201708-3102,3,20 mg/kg PCDRUG,F,20.0,85,91,Days 85-91,Ophthalmology,No Remarkable Findings,
PC201708,PC201708-3102,3,20 mg/kg PCDRUG,F,20.0,92,98,Days 92-92,Clinical Signs,No Remarkable Findings,
PC201708,PC201708-3103,3,20 mg/kg PCDRUG,F,20.0,-6,0,Days 1-7,Ophthalmology,No Remarkable Findings,
PC201708,PC201708-3103,3,20 mg/kg PCDRUG,F,20.0,1,7,Days 1-7,Clinical Signs,No Remarkable Findings,
PC201708,PC201708-3103,3,20 mg/kg PCDRUG,F,20.0,8,14,Days 8-14,Clinical Signs,No Remarkable Findings,
PC201708,PC201708-3103,3,20 mg/kg PCDRUG,F,20.0,15,21,Days 15-21,Clinical Signs,No Remarkable Findings,
PC201708,PC201708-3103,3,20 mg/kg PCDRUG,F,20.0,22,28,Days 22-28,Clinical Signs,No Remarkable Findings,
PC201708,PC201708-3103,3,20 mg/kg PCDRUG,F,20.0,29,35,Days 29-35,Clinical Signs,No Remarkable Findings,
PC201708,PC201708-3103,3,20 mg/kg PCDRUG,F,20.0,36,42,Days 36-42,Clinical Signs,No Remarkable Findings,
PC201708,PC201708-3103,3,20 mg/kg PCDRUG,F,20.0,43,49,Days 43-49,Clinical Signs,No Remarkable Findings,
PC201708,PC201708-3103,3,20 mg/kg PCDRUG,F,20.0,50,56,Days 50-56,Clinical Signs,No Remarkable Findings,
PC201708,PC201708-3103,3,20 mg/kg PCDRUG,F,20.0,57,63,Days 57-63,Clinical Signs,No Remarkable Findings,
PC201708,PC201708-3103,3,20 mg/kg PCDRUG,F,20.0,64,70,Days 64-70,Clinical Signs,No Remarkable Findings,
PC201708,PC201708-3103,3,20 mg/kg PCDRUG,F,20.0,71,77,Days 71-77,Clinical Signs,No Remarkable Findings,
PC201708,PC201708-3103,3,20 mg/kg PCDRUG,F,20.0,78,84,Days 78-84,Clinical Signs,No Remarkable Findings,
PC201708,PC201708-3103,3,20 mg/kg PCDRUG,F,20.0,85,91,Days 85-91,Clinical Signs,No Remarkable Findings,
PC201708,PC201708-3103,3,20 mg/kg PCDRUG,F,20.0,85,91,Days 85-91,Ophthalmology,No Remarkable Findings,
PC201708,PC201708-3103,3,20 mg/kg PCDRUG,F,20.0,92,98,Days 92-92,Clinical Signs,No Remarkable Findings,
PC201708,PC201708-3104,3,20 mg/kg PCDRUG,F,20.0,-6,0,Days 1-7,Ophthalmology,No Remarkable Findings,
PC201708,PC201708-3104,3,20 mg/kg PCDRUG,F,20.0,1,7,Days 1-7,Clinical Signs,No Remarkable Findings,
PC201708,PC201708-3104,3,20 mg/kg PCDRUG,F,20.0,8,14,Days 8-14,Clinical Signs,No Remarkable Findings,
PC201708,PC201708-3104,3,20 mg/kg PCDRUG,F,20.0,15,21,Days 15-21,Clinical Signs,No Remarkable Findings,
PC201708,PC201708-3104,3,20 mg/kg PCDRUG,F,20.0,22,28,Days 22-28,Clinical Signs,No Remarkable Findings,
PC201708,PC201708-3104,3,20 mg/kg PCDRUG,F,20.0,29,35,Days 29-35,Clinical Signs,No Remarkable Findings,
PC201708,PC201708-3104,3,20 mg/kg PCDRUG,F,20.0,36,42,Days 36-42,Clinical Signs,No Remarkable Findings,
PC201708,PC201708-3104,3,20 mg/kg PCDRUG,F,20.0,43,49,Days 43-49,Clinical Signs,No Remarkable Findings,
PC201708,PC201708-3104,3,20 mg/kg PCDRUG,F,20.0,50,56,Days 50-56,Clinical Signs,No Remarkable Findings,
PC201708,PC201708-3104,3,20 mg/kg PCDRUG,F,20.0,57,63,Days 57-63,Clinical Signs,No Remarkable Findings,
PC201708,PC201708-3104,3,20 mg/kg PCDRUG,F,20.0,64,70,Days 64-70,Clinical Signs,No Remarkable Findings,
PC201708,PC201708-3104,3,20 mg/kg PCDRUG,F,20.0,71,77,Days 71-77,Clinical Signs,No Remarkable Findings,
PC201708,PC201708-3104,3,20 mg/kg PCDRUG,F,20.0,78,84,Days 78-84,Clinical Signs,No Remarkable Findings,
PC201708,PC201708-3104,3,20 mg/kg PCDRUG,F,20.0,85,91,Days 85-91,Clinical Signs,No Remarkable Findings,
PC201708,PC201708-3104,3,20 mg/kg PCDRUG,F,20.0,85,91,Days 85-91,Ophthalmology,No Remarkable Findings,
PC201708,PC201708-3104,3,20 mg/kg PCDRUG,F,20.0,92,98,Days 92-92,Clinical Signs,No Remarkable Findings,
PC201708,PC201708-3105,3,20 mg/kg PCDRUG,F,20.0,-6,0,Days 1-7,Ophthalmology,No Remarkable Findings,
PC201708,PC201708-3105,3,20 mg/kg PCDRUG,F,20.0,1,7,Days 1-7,Clinical Signs,No Remarkable Findings,
PC201708,PC201708-3105,3,20 mg/kg PCDRUG,F,20.0,8,14,Days 8-14,Clinical Signs,No Remarkable Findings,
PC201708,PC201708-3105,3,20 mg/kg PCDRUG,F,20.0,15,21,Days 15-21,Clinical Signs,No Remarkable Findings,
PC201708,PC201708-3105,3,20 mg/kg PCDRUG,F,20.0,22,28,Days 22-28,Clinical Signs,No Remarkable Findings,
PC201708,PC201708-3105,3,20 mg/kg PCDRUG,F,20.0,29,35,Days 29-35,Clinical Signs,No Remarkable Findings,
PC201708,PC201708-3105,3,20 mg/kg PCDRUG,F,20.0,36,42,Days 36-42,Clinical Signs,No Remarkable Findings,
PC201708,PC201708-3105,3,20 mg/kg PCDRUG,F,20.0,43,49,Days 43-49,Clinical Signs,No Remarkable Findings,
PC201708,PC201708-3105,3,20 mg/kg PCDRUG,F,20.0,50,56,Days 50-56,Clinical Signs,No Remarkable Findings,
PC201708,PC201708-3105,3,20 mg/kg PCDRUG,F,20.0,57,63,Days 57-63,Clinical Signs,No Remarkable Findings,
PC201708,PC201708-3105,3,20 mg/kg PCDRUG,F,20.0,64,70,Days 64-70,Clinical Signs,No Remarkable Findings,
PC201708,PC201708-3105,3,20 mg/kg PCDRUG,F,20.0,71,77,Days 71-77,Clinical Signs,No Remarkable Findings,
PC201708,PC201708-3105,3,20 mg/kg PCDRUG,F,20.0,78,84,Days 78-84,Clinical Signs,No Remarkable Findings,
PC201708,PC201708-3105,3,20 mg/kg PCDRUG,F,20.0,85,91,Days 85-91,Clinical Signs,No Remarkable Findings,
PC201708,PC201708-3105,3,20 mg/kg PCDRUG,F,20.0,85,91,Days 85-91,Ophthalmology,No Remarkable Findings,
PC201708,PC201708-3105,3,20 mg/kg PCDRUG,F,20.0,92,98,Days 92-92,Clinical Signs,No Remarkable Findings,
PC201708,PC201708-3106,3,20 mg/kg PCDRUG,F,20.0,-6,0,Days 1-7,Ophthalmology,No Remarkable Findings,
PC201708,PC201708-3106,3,20 mg/kg PCDRUG,F,20.0,1,7,Days 1-7,Clinical Signs,No Remarkable Findings,
PC201708,PC201708-3106,3,20 mg/kg PCDRUG,F,20.0,8,14,Days 8-14,Clinical Signs,No Remarkable Findings,
PC201708,PC201708-3106,3,20 mg/kg PCDRUG,F,20.0,15,21,Days 15-21,Clinical Signs,No Remarkable Findings,
PC201708,PC201708-3106,3,20 mg/kg PCDRUG,F,20.0,22,28,Days 22-28,Clinical Signs,No Remarkable Findings,
PC201708,PC201708-3106,3,20 mg/kg PCDRUG,F,20.0,29,35,Days 29-35,Clinical Signs,No Remarkable Findings,
PC201708,PC201708-3106,3,20 mg/kg PCDRUG,F,20.0,36,42,Days 36-42,Clinical Signs,No Remarkable Findings,
PC201708,PC201708-3106,3,20 mg/kg PCDRUG,F,20.0,43,49,Days 43-49,Clinical Signs,No Remarkable Findings,
PC201708,PC201708-3106,3,20 mg/kg PCDRUG,F,20.0,50,56,Days 50-56,Clinical Signs,No Remarkable Findings,
PC201708,PC201708-3106,3,20 mg/kg PCDRUG,F,20.0,57,63,Days 57-63,Clinical Signs,No Remarkable Findings,
PC201708,PC201708-3106,3,20 mg/kg PCDRUG,F,20.0,64,70,Days 64-70,Clinical Signs,No Remarkable Findings,
PC201708,PC201708-3106,3,20 mg/kg PCDRUG,F,20.0,71,77,Days 71-77,Clinical Signs,No Remarkable Findings,
PC201708,PC201708-3106,3,20 mg/kg PCDRUG,F,20.0,78,84,Days 78-84,Clinical Signs,No Remarkable Findings,
PC201708,PC201708-3106,3,20 mg/kg PCDRUG,F,20.0,85,91,Days 85-91,Clinical Signs,Exudate,nose
PC201708,PC201708-3106,3,20 mg/kg PCDRUG,F,20.0,85,91,Days 85-91,Ophthalmology,No Remarkable Findings,
PC201708,PC201708-3106,3,20 mg/kg PCDRUG,F,20.0,92,98,Days 92-92,Clinical Signs,No Remarkable Findings,
PC201708,PC201708-3107,3,20 mg/kg PCDRUG,F,20.0,-6,0,Days 1-7,Ophthalmology,No Remarkable Findings,
PC201708,PC201708-3107,3,20 mg/kg PCDRUG,F,20.0,1,7,Days 1-7,Clinical Signs,No Remarkable Findings,
PC201708,PC201708-3107,3,20 mg/kg PCDRUG,F,20.0,8,14,Days 8-14,Clinical Signs,No Remarkable Findings,
PC201708,PC201708-3107,3,20 mg/kg PCDRUG,F,20.0,15,21,Days 15-21,Clinical Signs,No Remarkable Findings,
PC201708,PC201708-3107,3,20 mg/kg PCDRUG,F,20.0,22,28,Days 22-28,Clinical Signs,No Remarkable Findings,
PC201708,PC201708-3107,3,20 mg/kg PCDRUG,F,20.0,29,35,Days 29-35,Clinical Signs,No Remarkable Findings,
PC201708,PC201708-3107,3,20 mg/kg PCDRUG,F,20.0,36,42,Days 36-42,Clinical Signs,No Remarkable Findings,
PC201708,PC201708-3107,3,20 mg/kg PCDRUG,F,20.0,43,49,Days 43-49,Clinical Signs,No Remarkable Findings,
PC201708,PC201708-3107,3,20 mg/kg PCDRUG,F,20.0,50,56,Days 50-56,Clinical Signs,No Remarkable Findings,
PC201708,PC201708-3107,3,20 mg/kg PCDRUG,F,20.0,57,63,Days 57-63,Clinical Signs,Crust,"eye, right"
PC201708,PC201708-3107,3,20 mg/kg PCDRUG,F,20.0,64,70,Days 64-70,Clinical Signs,No Remarkable Findings,
PC201708,PC201708-3107,3,20 mg/kg PCDRUG,F,20.0,71,77,Days 71-77,Clinical Signs,No Remarkable Findings,
PC201708,PC201708-3107,3,20 mg/kg PCDRUG,F,20.0,78,84,Days 78-84,Clinical Signs,No Remarkable Findings,
PC201708,PC201708-3107,3,20 mg/kg PCDRUG,F,20.0,85,91,Days 85-91,Clinical Signs,No Remarkable Findings,
PC201708,PC201708-3107,3,20 mg/kg PCDRUG,F,20.0,85,91,Days 85-91,Ophthalmology,No Remarkable Findings,
PC201708,PC201708-3107,3,20 mg/kg PCDRUG,F,20.0,92,98,Days 92-92,Clinical Signs,No Remarkable Findings,
PC201708,PC201708-3108,3,20 mg/kg PCDRUG,F,20.0,-6,0,Days 1-7,Ophthalmology,No Remarkable Findings,
PC201708,PC201708-3108,3,20 mg/kg PCDRUG,F,20.0,1,7,Days 1-7,Clinical Signs,No Remarkable Findings,
PC201708,PC201708-3108,3,20 mg/kg PCDRUG,F,20.0,8,14,Days 8-14,Clinical Signs,No Remarkable Findings,
PC201708,PC201708-3108,3,20 mg/kg PCDRUG,F,20.0,15,21,Days 15-21,Clinical Signs,No Remarkable Findings,
PC201708,PC201708-3108,3,20 mg/kg PCDRUG,F,20.0,22,28,Days 22-28,Clinical Signs,No Remarkable Findings,
PC201708,PC201708-3108,3,20 mg/kg PCDRUG,F,20.0,29,35,Days 29-35,Clinical Signs,No Remarkable Findings,
PC201708,PC201708-3108,3,20 mg/kg PCDRUG,F,20.0,36,42,Days 36-42,Clinical Signs,No Remarkable Findings,
PC201708,PC201708-3108,3,20 mg/kg PCDRUG,F,20.0,43,49,Days 43-49,Clinical Signs,No Remarkable Findings,
PC201708,PC201708-3108,3,20 mg/kg PCDRUG,F,20.0,50,56,Days 50-56,Clinical Signs,No Remarkable Findings,
PC201708,PC201708-3108,3,20 mg/kg PCDRUG,F,20.0,57,63,Days 57-63,Clinical Signs,Crust,"eye, left"
PC201708,PC201708-3108,3,20 mg/kg PCDRUG,F,20.0,64,70,Days 64-70,Clinical Signs,No Remarkable Findings,
PC201708,PC201708-3108,3,20 mg/kg PCDRUG,F,20.0,71,77,Days 71-77,Clinical Signs,No Remarkable Findings,
PC201708,PC201708-3108,3,20 mg/kg PCDRUG,F,20.0,78,84,Days 78-84,Clinical Signs,No Remarkable Findings,
PC201708,PC201708-3108,3,20 mg/kg PCDRUG,F,20.0,85,91,Days 85-91,Clinical Signs,No Remarkable Findings,
PC201708,PC201708-3108,3,20 mg/kg PCDRUG,F,20.0,85,91,Days 85-91,Ophthalmology,No Remarkable Findings,
PC201708,PC201708-3108,3,20 mg/kg PCDRUG,F,20.0,92,98,Days 92-92,Clinical Signs,No Remarkable Findings,
PC201708,PC201708-3109,3,20 mg/kg PCDRUG,F,20.0,-6,0,Days 1-7,Ophthalmology,No Remarkable Findings,
PC201708,PC201708-3109,3,20 mg/kg PCDRUG,F,20.0,1,7,Days 1-7,Clinical Signs,No Remarkable Findings,
PC201708,PC201708-3109,3,20 mg/kg PCDRUG,F,20.0,8,14,Days 8-14,Clinical Signs,No Remarkable Findings,
PC201708,PC201708-3109,3,20 mg/kg PCDRUG,F,20.0,15,21,Days 15-21,Clinical Signs,No Remarkable Findings,
PC201708,PC201708-3109,3,20 mg/kg PCDRUG,F,20.0,22,28,Days 22-28,Clinical Signs,No Remarkable Findings,
PC201708,PC201708-3109,3,20 mg/kg PCDRUG,F,20.0,29,35,Days 29-35,Clinical Signs,No Remarkable Findings,
PC201708,PC201708-3109,3,20 mg/kg PCDRUG,F,20.0,36,42,Days 36-42,Clinical Signs,No Remarkable Findings,
PC201708,PC201708-3109,3,20 mg/kg PCDRUG,F,20.0,43,49,Days 43-49,Clinical Signs,No Remarkable Findings,
PC201708,PC201708-3109,3,20 mg/kg PCDRUG,F,20.0,50,56,Days 50-56,Clinical Signs,No Remarkable Findings,
PC201708,PC201708-3109,3,20 mg/kg PCDRUG,F,20.0,57,63,Days 57-63,Clinical Signs,Exudate,nose
PC201708,PC201708-3109,3,20 mg/kg PCDRUG,F,20.0,64,70,Days 64-70,Clinical Signs,No Remarkable Findings,
PC201708,PC201708-3109,3,20 mg/kg PCDRUG,F,20.0,71,77,Days 71-77,Clinical Signs,No Remarkable Findings,
PC201708,PC201708-3109,3,20 mg/kg PCDRUG,F,20.0,78,84,Days 78-84,Clinical Signs,No Remarkable Findings,
PC201708,PC201708-3109,3,20 mg/kg PCDRUG,F,20.0,85,91,Days 85-91,Clinical Signs,No Remarkable Findings,
PC201708,PC201708-3109,3,20 mg/kg PCDRUG,F,20.0,85,91,Days 85-91,Ophthalmology,No Remarkable Findings,
PC201708,PC201708-3109,3,20 mg/kg PCDRUG,F,20.0,92,98,Days 92-92,Clinical Signs,No Remarkable Findings,
PC201708,PC201708-3110,3,20 mg/kg PCDRUG,F,20.0,-6,0,Days 1-7,Ophthalmology,No Remarkable Findings,
PC201708,PC201708-3110,3,20 mg/kg PCDRUG,F,20.0,1,7,Days 1-7,Clinical Signs,No Remarkable Findings,
PC201708,PC201708-3110,3,20 mg/kg PCDRUG,F,20.0,8,14,Days 8-14,Clinical Signs,No Remarkable Findings,
PC201708,PC201708-3110,3,20 mg/kg PCDRUG,F,20.0,15,21,Days 15-21,Clinical Signs,No Remarkable Findings,
PC201708,PC201708-3110,3,20 mg/kg PCDRUG,F,20.0,22,28,Days 22-28,Clinical Signs,No Remarkable Findings,
PC201708,PC201708-3110,3,20 mg/kg PCDRUG,F,20.0,29,35,Days 29-35,Clinical Signs,No Remarkable Findings,
PC201708,PC201708-3110,3,20 mg/kg PCDRUG,F,20.0,36,42,Days 36-42,Clinical Signs,No Remarkable Findings,
PC201708,PC201708-3110,3,20 mg/kg PCDRUG,F,20.0,43,49,Days 43-49,Clinical Signs,No Remarkable Findings,
PC201708,PC201708-3110,3,20 mg/kg PCDRUG,F,20.0,50,56,Days 50-56,Clinical Signs,No Remarkable Findings,
PC201708,PC201708-3110,3,20 mg/kg PCDRUG,F,20.0,57,63,Days 57-63,Clinical Signs,Red Area,mouth
PC201708,PC201708-3110,3,20 mg/kg PCDRUG,F,20.0,64,70,Days 64-70,Clinical Signs,No Remarkable Findings,
PC201708,PC201708-3110,3,20 mg/kg PCDRUG,F,20.0,71,77,Days 71-77,Clinical Signs,No Remarkable Findings,
PC201708,PC201708-3110,3,20 mg/kg PCDRUG,F,20.0,78,84,Days 78-84,Clinical Signs,No Remarkable Findings,
PC201708,PC201708-3110,3,20 mg/kg PCDRUG,F,20.0,85,91,Days 85-91,Clinical Signs,No Remarkable Findings,
PC201708,PC201708-3110,3,20 mg/kg PCDRUG,F,20.0,85,91,Days 85-91,Ophthalmology,No Remarkable Findings,
PC201708,PC201708-3110,3,20 mg/kg PCDRUG,F,20.0,92,98,Days 92-92,Clinical Signs,No Remarkable Findings,
PC201708,PC201708-3110,3,20 mg/kg PCDRUG,F,20.0,99,105,Days 99-99,Clinical Signs,No Remarkable Findings,
PC201708,PC201708-3110,3,20 mg/kg PCDRUG,F,20.0,106,106,Days 106-106,Clinical Signs,No Remarkable Findings,
PC201708,PC201708-3111,3,20 mg/kg PCDRUG,F,20.0,-6,0,Days 1-7,Ophthalmology,No Remarkable Findings,
PC201708,PC201708-3111,3,20 mg/kg PCDRUG,F,20.0,1,7,Days 1-7,Clinical Signs,No Remarkable Findings,
PC201708,PC201708-3111,3,20 mg/kg PCDRUG,F,20.0,8,14,Days 8-14,Clinical Signs,No Remarkable Findings,
PC201708,PC201708-3111,3,20 mg/kg PCDRUG,F,20.0,15,21,Days 15-21,Clinical Signs,No Remarkable Findings,
PC201708,PC201708-3111,3,20 mg/kg PCDRUG,F,20.0,22,28,Days 22-28,Clinical Signs,No Remarkable Findings,
PC201708,PC201708-3111,3,20 mg/kg PCDRUG,F,20.0,29,35,Days 29-35,Clinical Signs,No Remarkable Findings,
PC201708,PC201708-3111,3,20 mg/kg PCDRUG,F,20.0,36,42,Days 36-42,Clinical Signs,No Remarkable Findings,
PC201708,PC201708-3111,3,20 mg/kg PCDRUG,F,20.0,43,49,Days 43-49,Clinical Signs,No Remarkable Findings,
PC201708,PC201708-3111,3,20 mg/kg PCDRUG,F,20.0,50,56,Days 50-56,Clinical Signs,No Remarkable Findings,
PC201708,PC201708-3111,3,20 mg/kg PCDRUG,F,20.0,57,63,Days 57-63,Clinical Signs,No Remarkable Findings,
PC201708,PC201708-3111,3,20 mg/kg PCDRUG,F,20.0,64,70,Days 64-70,Clinical Signs,No Remarkable Findings,
PC201708,PC201708-3111,3,20 mg/kg PCDRUG,F,20.0,71,77,Days 71-77,Clinical Signs,No Remarkable Findings,
PC201708,PC201708-3111,3,20 mg/kg PCDRUG,F,20.0,78,84,Days 78-84,Clinical Signs,No Remarkable Findings,
PC201708,PC201708-3111,3,20 mg/kg PCDRUG,F,20.0,85,91,Days 85-91,Clinical Signs,No Remarkable Findings,
PC201708,PC201708-3111,3,20 mg/kg PCDRUG,F,20.0,85,91,Days 85-91,Ophthalmology,No Remarkable Findings,
PC201708,PC201708-3111,3,20 mg/kg PCDRUG,F,20.0,92,98,Days 92-92,Clinical Signs,No Remarkable Findings,
PC201708,PC201708-3111,3,20 mg/kg PCDRUG,F,20.0,99,105,Days 99-99,Clinical Signs,No Remarkable Findings,
PC201708,PC201708-3111,3,20 mg/kg PCDRUG,F,20.0,106,106,Days 106-106,Clinical Signs,No Remarkable Findings,
PC201708,PC201708-3112,3,20 mg/kg PCDRUG,F,20.0,-6,0,Days 1-7,Ophthalmology,No Remarkable Findings,
PC201708,PC201708-3112,3,20 mg/kg PCDRUG,F,20.0,1,7,Days 1-7,Clinical Signs,No Remarkable Findings,
PC201708,PC201708-3112,3,20 mg/kg PCDRUG,F,20.0,8,14,Days 8-14,Clinical Signs,No Remarkable Findings,
PC201708,PC201708-3112,3,20 mg/kg PCDRUG,F,20.0,15,21,Days 15-21,Clinical Signs,No Remarkable Findings,
PC201708,PC201708-3112,3,20 mg/kg PCDRUG,F,20.0,22,28,Days 22-28,Clinical Signs,No Remarkable Findings,
PC201708,PC201708-3112,3,20 mg/kg PCDRUG,F,20.0,29,35,Days 29-35,Clinical Signs,No Remarkable Findings,
PC201708,PC201708-3112,3,20 mg/kg PCDRUG,F,20.0,36,42,Days 36-42,Clinical Signs,No Remarkable Findings,
PC201708,PC201708-3112,3,20 mg/kg PCDRUG,F,20.0,43,49,Days 43-49,Clinical Signs,No Remarkable Findings,
PC201708,PC201708-3112,3,20 mg/kg PCDRUG,F,20.0,50,56,Days 50-56,Clinical Signs,No Remarkable Findings,
PC201708,PC201708-3112,3,20 mg/kg PCDRUG,F,20.0,57,63,Days 57-63,Clinical Signs,No Remarkable Findings,
PC201708,PC201708-3112,3,20 mg/kg PCDRUG,F,20.0,64,70,Days 64-70,Clinical Signs,No Remarkable Findings,
PC201708,PC201708-3112,3,20 mg/kg PCDRUG,F,20.0,71,77,Days 71-77,Clinical Signs,No Remarkable Findings,
PC201708,PC201708-3112,3,20 mg/kg PCDRUG,F,20.0,78,84,Days 78-84,Clinical Signs,No Remarkable Findings,
PC201708,PC201708-3112,3,20 mg/kg PCDRUG,F,20.0,85,91,Days 85-91,Clinical Signs,No Remarkable Findings,
PC201708,PC201708-3112,3,20 mg/kg PCDRUG,F,20.0,85,91,Days 85-91,Ophthalmology,No Remarkable Findings,
PC201708,PC201708-3112,3,20 mg/kg PCDRUG,F,20.0,92,98,Days 92-92,Clinical Signs,No Remarkable Findings,
PC201708,PC201708-3112,3,20 mg/kg PCDRUG,F,20.0,99,105,Days 99-99,Clinical Signs,No Remarkable Findings,
PC201708,PC201708-3112,3,20 mg/kg PCDRUG,F,20.0,106,106,Days 106-106,Clinical Signs,No Remarkable Findings,
PC201708,PC201708-3113,3,20 mg/kg PCDRUG,F,20.0,-6,0,Days 1-7,Ophthalmology,No Remarkable Findings,
PC201708,PC201708-3113,3,20 mg/kg PCDRUG,F,20.0,1,7,Days 1-7,Clinical Signs,No Remarkable Findings,
PC201708,PC201708-3113,3,20 mg/kg PCDRUG,F,20.0,8,14,Days 8-14,Clinical Signs,No Remarkable Findings,
PC201708,PC201708-3113,3,20 mg/kg PCDRUG,F,20.0,15,21,Days 15-21,Clinical Signs,No Remarkable Findings,
PC201708,PC201708-3113,3,20 mg/kg PCDRUG,F,20.0,22,28,Days 22-28,Clinical Signs,No Remarkable Findings,
PC201708,PC201708-3113,3,20 mg/kg PCDRUG,F,20.0,29,35,Days 29-35,Clinical Signs,No Remarkable Findings,
PC201708,PC201708-3113,3,20 mg/kg PCDRUG,F,20.0,36,42,Days 36-42,Clinical Signs,No Remarkable Findings,
PC201708,PC201708-3113,3,20 mg/kg PCDRUG,F,20.0,43,49,Days 43-49,Clinical Signs,No Remarkable Findings,
PC201708,PC201708-3113,3,20 mg/kg PCDRUG,F,20.0,50,56,Days 50-56,Clinical Signs,No Remarkable Findings,
PC201708,PC201708-3113,3,20 mg/kg PCDRUG,F,20.0,57,63,Days 57-63,Clinical Signs,No Remarkable Findings,
PC201708,PC201708-3113,3,20 mg/kg PCDRUG,F,20.0,64,70,Days 64-70,Clinical Signs,No Remarkable Findings,
PC201708,PC201708-3113,3,20 mg/kg PCDRUG,F,20.0,71,77,Days 71-77,Clinical Signs,No Remarkable Findings,
PC201708,PC201708-3113,3,20 mg/kg PCDRUG,F,20.0,78,84,Days 78-84,Clinical Signs,No Remarkable Findings,
PC201708,PC201708-3113,3,20 mg/kg PCDRUG,F,20.0,85,91,Days 85-91,Clinical Signs,No Remarkable Findings,
PC201708,PC201708-3113,3,20 mg/kg PCDRUG,F,20.0,85,91,Days 85-91,Ophthalmology,No Remarkable Findings,
PC201708,PC201708-3113,3,20 mg/kg PCDRUG,F,20.0,92,98,Days 92-92,Clinical Signs,No Remarkable Findings,
PC201708,PC201708-3113,3,20 mg/kg PCDRUG,F,20.0,99,105,Days 99-99,Clinical Signs,No Remarkable Findings,
PC201708,PC201708-3113,3,20 mg/kg PCDRUG,F,20.0,106,106,Days 106-106,Clinical Signs,No Remarkable Findings,
PC201708,PC201708-3114,3,20 mg/kg PCDRUG,F,20.0,-6,0,Days 1-7,Ophthalmology,No Remarkable Findings,
PC201708,PC201708-3114,3,20 mg/kg PCDRUG,F,20.0,1,7,Days 1-7,Clinical Signs,No Remarkable Findings,
PC201708,PC201708-3114,3,20 mg/kg PCDRUG,F,20.0,8,14,Days 8-14,Clinical Signs,No Remarkable Findings,
PC201708,PC201708-3114,3,20 mg/kg PCDRUG,F,20.0,15,21,Days 15-21,Clinical Signs,No Remarkable Findings,
PC201708,PC201708-3114,3,20 mg/kg PCDRUG,F,20.0,22,28,Days 22-28,Clinical Signs,No Remarkable Findings,
PC201708,PC201708-3114,3,20 mg/kg PCDRUG,F,20.0,29,35,Days 29-35,Clinical Signs,No Remarkable Findings,
PC201708,PC201708-3114,3,20 mg/kg PCDRUG,F,20.0,36,42,Days 36-42,Clinical Signs,No Remarkable Findings,
PC201708,PC201708-3114,3,20 mg/kg PCDRUG,F,20.0,43,49,Days 43-49,Clinical Signs,No Remarkable Findings,
PC201708,PC201708-3114,3,20 mg/kg PCDRUG,F,20.0,50,56,Days 50-56,Clinical Signs,No Remarkable Findings,
PC201708,PC201708-3114,3,20 mg/kg PCDRUG,F,20.0,57,63,Days 57-63,Clinical Signs,No Remarkable Findings,
PC201708,PC201708-3114,3,20 mg/kg PCDRUG,F,20.0,64,70,Days 64-70,Clinical Signs,No Remarkable Findings,
PC201708,PC201708-3114,3,20 mg/kg PCDRUG,F,20.0,71,77,Days 71-77,Clinical Signs,No Remarkable Findings,
PC201708,PC201708-3114,3,20 mg/kg PCDRUG,F,20.0,78,84,Days 78-84,Clinical Signs,No Remarkable Findings,
PC201708,PC201708-3114,3,20 mg/kg PCDRUG,F,20.0,85,91,Days 85-91,Clinical Signs,Red Area,mouth
PC201708,PC201708-3114,3,20 mg/kg PCDRUG,F,20.0,85,91,Days 85-91,Ophthalmology,No Remarkable Findings,
PC201708,PC201708-3114,3,20 mg/kg PCDRUG,F,20.0,92,98,Days 92-92,Clinical Signs,No Remarkable Findings,
PC201708,PC201708-3114,3,20 mg/kg PCDRUG,F,20.0,99,105,Days 99-99,Clinical Signs,No Remarkable Findings,
PC201708,PC201708-3114,3,20 mg/kg PCDRUG,F,20.0,106,106,Days 106-106,Clinical Signs,No Remarkable Findings,
PC201708,PC201708-3115,3,20 mg/kg PCDRUG,F,20.0,-6,0,Days 1-7,Ophthalmology,No Remarkable Findings,
PC201708,PC201708-3115,3,20 mg/kg PCDRUG,F,20.0,1,7,Days 1-7,Clinical Signs,No Remarkable Findings,
PC201708,PC201708-3115,3,20 mg/kg PCDRUG,F,20.0,8,14,Days 8-14,Clinical Signs,No Remarkable Findings,
PC201708,PC201708-3115,3,20 mg/kg PCDRUG,F,20.0,15,21,Days 15-21,Clinical Signs,No Remarkable Findings,
PC201708,PC201708-3115,3,20 mg/kg PCDRUG,F,20.0,22,28,Days 22-28,Clinical Signs,No Remarkable Findings,
PC201708,PC201708-3115,3,20 mg/kg PCDRUG,F,20.0,29,35,Days 29-35,Clinical Signs,No Remarkable Findings,
PC201708,PC201708-3115,3,20 mg/kg PCDRUG,F,20.0,36,42,Days 36-42,Clinical Signs,No Remarkable Findings,
PC201708,PC201708-3115,3,20 mg/kg PCDRUG,F,20.0,43,49,Days 43-49,Clinical Signs,No Remarkable Findings,
PC201708,PC201708-3115,3,20 mg/kg PCDRUG,F,20.0,50,56,Days 50-56,Clinical Signs,No Remarkable Findings,
PC201708,PC201708-3115,3,20 mg/kg PCDRUG,F,20.0,57,63,Days 57-63,Clinical Signs,No Remarkable Findings,
PC201708,PC201708-3115,3,20 mg/kg PCDRUG,F,20.0,64,70,Days 64-70,Clinical Signs,No Remarkable Findings,
PC201708,PC201708-3115,3,20 mg/kg PCDRUG,F,20.0,71,77,Days 71-77,Clinical Signs,No Remarkable Findings,
PC201708,PC201708-3115,3,20 mg/kg PCDRUG,F,20.0,78,84,Days 78-84,Clinical Signs,No Remarkable Findings,
PC201708,PC201708-3115,3,20 mg/kg PCDRUG,F,20.0,85,91,Days 85-91,Clinical Signs,No Remarkable Findings,
PC201708,PC201708-3115,3,20 mg/kg PCDRUG,F,20.0,85,91,Days 85-91,Ophthalmology,No Remarkable Findings,
PC201708,PC201708-3115,3,20 mg/kg PCDRUG,F,20.0,92,98,Days 92-92,Clinical Signs,No Remarkable Findings,
PC201708,PC201708-3115,3,20 mg/kg PCDRUG,F,20.0,99,105,Days 99-99,Clinical Signs,No Remarkable Findings,
PC201708,PC201708-3115,3,20 mg/kg PCDRUG,F,20.0,106,106,Days 106-106,Clinical Signs,No Remarkable Findings,
PC201708,PC201708-4001,4,200 mg/kg PCDRUG,M,200.0,-6,0,Days 1-7,Ophthalmology,No Remarkable Findings,
PC201708,PC201708-4001,4,200 mg/kg PCDRUG,M,200.0,1,7,Days 1-7,Clinical Signs,No Remarkable Findings,
PC201708,PC201708-4001,4,200 mg/kg PCDRUG,M,200.0,8,14,Days 8-14,Clinical Signs,No Remarkable Findings,
PC201708,PC201708-4001,4,200 mg/kg PCDRUG,M,200.0,15,21,Days 15-21,Clinical Signs,No Remarkable Findings,
PC201708,PC201708-4001,4,200 mg/kg PCDRUG,M,200.0,22,28,Days 22-28,Clinical Signs,No Remarkable Findings,
PC201708,PC201708-4001,4,200 mg/kg PCDRUG,M,200.0,29,35,Days 29-35,Clinical Signs,No Remarkable Findings,
PC201708,PC201708-4001,4,200 mg/kg PCDRUG,M,200.0,36,42,Days 36-42,Clinical Signs,No Remarkable Findings,
PC201708,PC201708-4001,4,200 mg/kg PCDRUG,M,200.0,43,49,Days 43-49,Clinical Signs,No Remarkable Findings,
PC201708,PC201708-4001,4,200 mg/kg PCDRUG,M,200.0,50,56,Days 50-56,Clinical Signs,No Remarkable Findings,
PC201708,PC201708-4001,4,200 mg/kg PCDRUG,M,200.0,57,63,Days 57-63,Clinical Signs,No Remarkable Findings,
PC201708,PC201708-4001,4,200 mg/kg PCDRUG,M,200.0,64,70,Days 64-70,Clinical Signs,No Remarkable Findings,
PC201708,PC201708-4001,4,200 mg/kg PCDRUG,M,200.0,71,77,Days 71-77,Clinical Signs,No Remarkable Findings,
PC201708,PC201708-4001,4,200 mg/kg PCDRUG,M,200.0,78,84,Days 78-84,Clinical Signs,No Remarkable Findings,
PC201708,PC201708-4001,4,200 mg/kg PCDRUG,M,200.0,85,91,Days 85-91,Clinical Signs,No Remarkable Findings,
PC201708,PC201708-4001,4,200 mg/kg PCDRUG,M,200.0,85,91,Days 85-91,Ophthalmology,No Remarkable Findings,
PC201708,PC201708-4001,4,200 mg/kg PCDRUG,M,200.0,92,98,Days 92-92,Clinical Signs,No Remarkable Findings,
PC201708,PC201708-4002,4,200 mg/kg PCDRUG,M,200.0,-6,0,Days 1-7,Ophthalmology,No Remarkable Findings,
PC201708,PC201708-4002,4,200 mg/kg PCDRUG,M,200.0,1,7,Days 1-7,Clinical Signs,No Remarkable Findings,
PC201708,PC201708-4002,4,200 mg/kg PCDRUG,M,200.0,8,14,Days 8-14,Clinical Signs,No Remarkable Findings,
PC201708,PC201708-4002,4,200 mg/kg PCDRUG,M,200.0,15,21,Days 15-21,Clinical Signs,No Remarkable Findings,
PC201708,PC201708-4002,4,200 mg/kg PCDRUG,M,200.0,22,28,Days 22-28,Clinical Signs,No Remarkable Findings,
PC201708,PC201708-4002,4,200 mg/kg PCDRUG,M,200.0,29,35,Days 29-35,Clinical Signs,No Remarkable Findings,
PC201708,PC201708-4002,4,200 mg/kg PCDRUG,M,200.0,36,42,Days 36-42,Clinical Signs,No Remarkable Findings,
PC201708,PC201708-4002,4,200 mg/kg PCDRUG,M,200.0,43,49,Days 43-49,Clinical Signs,Exudate,nose
PC201708,PC201708-4002,4,200 mg/kg PCDRUG,M,200.0,50,56,Days 50-56,Clinical Signs,No Remarkable Findings,
PC201708,PC201708-4002,4,200 mg/kg PCDRUG,M,200.0,57,63,Days 57-63,Clinical Signs,No Remarkable Findings,
PC201708,PC201708-4002,4,200 mg/kg PCDRUG,M,200.0,64,70,Days 64-70,Clinical Signs,No Remarkable Findings,
PC201708,PC201708-4002,4,200 mg/kg PCDRUG,M,200.0,71,77,Days 71-77,Clinical Signs,No Remarkable Findings,
PC201708,PC201708-4002,4,200 mg/kg PCDRUG,M,200.0,78,84,Days 78-84,Clinical Signs,No Remarkable Findings,
PC201708,PC201708-4002,4,200 mg/kg PCDRUG,M,200.0,85,91,Days 85-91,Clinical Signs,No Remarkable Findings,
PC201708,PC201708-4002,4,200 mg/kg PCDRUG,M,200.0,85,91,Days 85-91,Ophthalmology,No Remarkable Findings,
PC201708,PC201708-4002,4,200 mg/kg PCDRUG,M,200.0,92,98,Days 92-92,Clinical Signs,No Remarkable Findings,
PC201708,PC201708-4003,4,200 mg/kg PCDRUG,M,200.0,-6,0,Days 1-7,Ophthalmology,No Remarkable Findings,
PC201708,PC201708-4003,4,200 mg/kg PCDRUG,M,200.0,1,7,Days 1-7,Clinical Signs,No Remarkable Findings,
PC201708,PC201708-4003,4,200 mg/kg PCDRUG,M,200.0,8,14,Days 8-14,Clinical Signs,No Remarkable Findings,
PC201708,PC201708-4003,4,200 mg/kg PCDRUG,M,200.0,15,21,Days 15-21,Clinical Signs,No Remarkable Findings,
PC201708,PC201708-4003,4,200 mg/kg PCDRUG,M,200.0,22,28,Days 22-28,Clinical Signs,No Remarkable Findings,
PC201708,PC201708-4003,4,200 mg/kg PCDRUG,M,200.0,29,35,Days 29-35,Clinical Signs,No Remarkable Findings,
PC201708,PC201708-4003,4,200 mg/kg PCDRUG,M,200.0,36,42,Days 36-42,Clinical Signs,No Remarkable Findings,
PC201708,PC201708-4003,4,200 mg/kg PCDRUG,M,200.0,43,49,Days 43-49,Clinical Signs,No Remarkable Findings,
PC201708,PC201708-4003,4,200 mg/kg PCDRUG,M,200.0,50,56,Days 50-56,Clinical Signs,No Remarkable Findings,
PC201708,PC201708-4003,4,200 mg/kg PCDRUG,M,200.0,57,63,Days 57-63,Clinical Signs,No Remarkable Findings,
PC201708,PC201708-4003,4,200 mg/kg PCDRUG,M,200.0,64,70,Days 64-70,Clinical Signs,No Remarkable Findings,
PC201708,PC201708-4003,4,200 mg/kg PCDRUG,M,200.0,71,77,Days 71-77,Clinical Signs,No Remarkable Findings,
PC201708,PC201708-4003,4,200 mg/kg PCDRUG,M,200.0,78,84,Days 78-84,Clinical Signs,No Remarkable Findings,
PC201708,PC201708-4003,4,200 mg/kg PCDRUG,M,200.0,85,91,Days 85-91,Clinical Signs,No Remarkable Findings,
PC201708,PC201708-4004,4,200 mg/kg PCDRUG,M,200.0,-6,0,Days 1-7,Ophthalmology,No Remarkable Findings,
PC201708,PC201708-4004,4,200 mg/kg PCDRUG,M,200.0,1,7,Days 1-7,Clinical Signs,Crust,"eye, left"
PC201708,PC201708-4004,4,200 mg/kg PCDRUG,M,200.0,8,14,Days 8-14,Clinical Signs,No Remarkable Findings,
PC201708,PC201708-4004,4,200 mg/kg PCDRUG,M,200.0,15,21,Days 15-21,Clinical Signs,No Remarkable Findings,
PC201708,PC201708-4004,4,200 mg/kg PCDRUG,M,200.0,22,28,Days 22-28,Clinical Signs,No Remarkable Findings,
PC201708,PC201708-4004,4,200 mg/kg PCDRUG,M,200.0,29,35,Days 29-35,Clinical Signs,No Remarkable Findings,
PC201708,PC201708-4004,4,200 mg/kg PCDRUG,M,200.0,36,42,Days 36-42,Clinical Signs,No Remarkable Findings,
PC201708,PC201708-4004,4,200 mg/kg PCDRUG,M,200.0,43,49,Days 43-49,Clinical Signs,No Remarkable Findings,
PC201708,PC201708-4004,4,200 mg/kg PCDRUG,M,200.0,50,56,Days 50-56,Clinical Signs,No Remarkable Findings,
PC201708,PC201708-4004,4,200 mg/kg PCDRUG,M,200.0,57,63,Days 57-63,Clinical Signs,No Remarkable Findings,
PC201708,PC201708-4004,4,200 mg/kg PCDRUG,M,200.0,64,70,Days 64-70,Clinical Signs,No Remarkable Findings,
PC201708,PC201708-4004,4,200 mg/kg PCDRUG,M,200.0,71,77,Days 71-77,Clinical Signs,No Remarkable Findings,
PC201708,PC201708-4004,4,200 mg/kg PCDRUG,M,200.0,78,84,Days 78-84,Clinical Signs,No Remarkable Findings,
PC201708,PC201708-4004,4,200 mg/kg PCDRUG,M,200.0,85,91,Days 85-91,Clinical Signs,No Remarkable Findings,
PC201708,PC201708-4004,4,200 mg/kg PCDRUG,M,200.0,85,91,Days 85-91,Ophthalmology,No Remarkable Findings,
PC201708,PC201708-4004,4,200 mg/kg PCDRUG,M,200.0,92,98,Days 92-92,Clinical Signs,No Remarkable Findings,
PC201708,PC201708-4005,4,200 mg/kg PCDRUG,M,200.0,-6,0,Days 1-7,Ophthalmology,No Remarkable Findings,
PC201708,PC201708-4005,4,200 mg/kg PCDRUG,M,200.0,1,7,Days 1-7,Clinical Signs,No Remarkable Findings,
PC201708,PC201708-4005,4,200 mg/kg PCDRUG,M,200.0,8,14,Days 8-14,Clinical Signs,No Remarkable Findings,
PC201708,PC201708-4005,4,200 mg/kg PCDRUG,M,200.0,15,21,Days 15-21,Clinical Signs,No Remarkable Findings,
PC201708,PC201708-4005,4,200 mg/kg PCDRUG,M,200.0,22,28,Days 22-28,Clinical Signs,No Remarkable Findings,
PC201708,PC201708-4005,4,200 mg/kg PCDRUG,M,200.0,29,35,Days 29-35,Clinical Signs,No Remarkable Findings,
PC201708,PC201708-4005,4,200 mg/kg PCDRUG,M,200.0,36,42,Days 36-42,Clinical Signs,No Remarkable Findings,
PC201708,PC201708-4005,4,200 mg/kg PCDRUG,M,200.0,43,49,Days 43-49,Clinical Signs,No Remarkable Findings,
PC201708,PC201708-4005,4,200 mg/kg PCDRUG,M,200.0,50,56,Days 50-56,Clinical Signs,No Remarkable Findings,
PC201708,PC201708-4005,4,200 mg/kg PCDRUG,M,200.0,57,63,Days 57-63,Clinical Signs,No Remarkable Findings,
PC201708,PC201708-4005,4,200 mg/kg PCDRUG,M,200.0,64,70,Days 64-70,Clinical Signs,No Remarkable Findings,
PC201708,PC201708-4005,4,200 mg/kg PCDRUG,M,200.0,71,77,Days 71-77,Clinical Signs,No Remarkable Findings,
PC201708,PC201708-4005,4,200 mg/kg PCDRUG,M,200.0,78,84,Days 78-84,Clinical Signs,No Remarkable Findings,
PC201708,PC201708-4005,4,200 mg/kg PCDRUG,M,200.0,85,91,Days 85-91,Clinical Signs,No Remarkable Findings,
PC201708,PC201708-4005,4,200 mg/kg PCDRUG,M,200.0,85,91,Days 85-91,Ophthalmology,No Remarkable Findings,
PC201708,PC201708-4005,4,200 mg/kg PCDRUG,M,200.0,92,98,Days 92-92,Clinical Signs,No Remarkable Findings,
PC201708,PC201708-4006,4,200 mg/kg PCDRUG,M,200.0,-6,0,Days 1-7,Ophthalmology,No Remarkable Findings,
PC201708,PC201708-4006,4,200 mg/kg PCDRUG,M,200.0,1,7,Days 1-7,Clinical Signs,No Remarkable Findings,
PC201708,PC201708-4006,4,200 mg/kg PCDRUG,M,200.0,8,14,Days 8-14,Clinical Signs,No Remarkable Findings,
PC201708,PC201708-4006,4,200 mg/kg PCDRUG,M,200.0,15,21,Days 15-21,Clinical Signs,No Remarkable Findings,
PC201708,PC201708-4006,4,200 mg/kg PCDRUG,M,200.0,22,28,Days 22-28,Clinical Signs,No Remarkable Findings,
PC201708,PC201708-4006,4,200 mg/kg PCDRUG,M,200.0,29,35,Days 29-35,Clinical Signs,No Remarkable Findings,
PC201708,PC201708-4006,4,200 mg/kg PCDRUG,M,200.0,36,42,Days 36-42,Clinical Signs,No Remarkable Findings,
PC201708,PC201708-4006,4,200 mg/kg PCDRUG,M,200.0,43,49,Days 43-49,Clinical Signs,No Remarkable Findings,
PC201708,PC201708-4006,4,200 mg/kg PCDRUG,M,200.0,50,56,Days 50-56,Clinical Signs,No Remarkable Findings,
PC201708,PC201708-4006,4,200 mg/kg PCDRUG,M,200.0,57,63,Days 57-63,Clinical Signs,No Remarkable Findings,
PC201708,PC201708-4006,4,200 mg/kg PCDRUG,M,200.0,64,70,Days 64-70,Clinical Signs,No Remarkable Findings,
PC201708,PC201708-4006,4,200 mg/kg PCDRUG,M,200.0,71,77,Days 71-77,Clinical Signs,No Remarkable Findings,
PC201708,PC201708-4006,4,200 mg/kg PCDRUG,M,200.0,78,84,Days 78-84,Clinical Signs,No Remarkable Findings,
PC201708,PC201708-4006,4,200 mg/kg PCDRUG,M,200.0,85,91,Days 85-91,Clinical Signs,No Remarkable Findings,
PC201708,PC201708-4006,4,200 mg/kg PCDRUG,M,200.0,85,91,Days 85-91,Ophthalmology,No Remarkable Findings,
PC201708,PC201708-4006,4,200 mg/kg PCDRUG,M,200.0,92,98,Days 92-92,Clinical Signs,No Remarkable Findings,
PC201708,PC201708-4007,4,200 mg/kg PCDRUG,M,200.0,-6,0,Days 1-7,Ophthalmology,No Remarkable Findings,
PC201708,PC201708-4007,4,200 mg/kg PCDRUG,M,200.0,1,7,Days 1-7,Clinical Signs,No Remarkable Findings,
PC201708,PC201708-4007,4,200 mg/kg PCDRUG,M,200.0,8,14,Days 8-14,Clinical Signs,No Remarkable Findings,
PC201708,PC201708-4007,4,200 mg/kg PCDRUG,M,200.0,15,21,Days 15-21,Clinical Signs,No Remarkable Findings,
PC201708,PC201708-4007,4,200 mg/kg PCDRUG,M,200.0,22,28,Days 22-28,Clinical Signs,No Remarkable Findings,
PC201708,PC201708-4007,4,200 mg/kg PCDRUG,M,200.0,29,35,Days 29-35,Clinical Signs,No Remarkable Findings,
PC201708,PC201708-4007,4,200 mg/kg PCDRUG,M,200.0,36,42,Days 36-42,Clinical Signs,No Remarkable Findings,
PC201708,PC201708-4007,4,200 mg/kg PCDRUG,M,200.0,43,49,Days 43-49,Clinical Signs,No Remarkable Findings,
PC201708,PC201708-4007,4,200 mg/kg PCDRUG,M,200.0,50,56,Days 50-56,Clinical Signs,No Remarkable Findings,
PC201708,PC201708-4007,4,200 mg/kg PCDRUG,M,200.0,57,63,Days 57-63,Clinical Signs,No Remarkable Findings,
PC201708,PC201708-4007,4,200 mg/kg PCDRUG,M,200.0,64,70,Days 64-70,Clinical Signs,No Remarkable Findings,
PC201708,PC201708-4007,4,200 mg/kg PCDRUG,M,200.0,71,77,Days 71-77,Clinical Signs,No Remarkable Findings,
PC201708,PC201708-4007,4,200 mg/kg PCDRUG,M,200.0,78,84,Days 78-84,Clinical Signs,No Remarkable Findings,
PC201708,PC201708-4007,4,200 mg/kg PCDRUG,M,200.0,85,91,Days 85-91,Clinical Signs,No Remarkable Findings,
PC201708,PC201708-4007,4,200 mg/kg PCDRUG,M,200.0,85,91,Days 85-91,Ophthalmology,No Remarkable Findings,
PC201708,PC201708-4007,4,200 mg/kg PCDRUG,M,200.0,92,98,Days 92-92,Clinical Signs,No Remarkable Findings,
PC201708,PC201708-4008,4,200 mg/kg PCDRUG,M,200.0,-6,0,Days 1-7,Ophthalmology,No Remarkable Findings,
PC201708,PC201708-4008,4,200 mg/kg PCDRUG,M,200.0,1,7,Days 1-7,Clinical Signs,No Remarkable Findings,
PC201708,PC201708-4008,4,200 mg/kg PCDRUG,M,200.0,8,14,Days 8-14,Clinical Signs,No Remarkable Findings,
PC201708,PC201708-4008,4,200 mg/kg PCDRUG,M,200.0,15,21,Days 15-21,Clinical Signs,No Remarkable Findings,
PC201708,PC201708-4008,4,200 mg/kg PCDRUG,M,200.0,22,28,Days 22-28,Clinical Signs,No Remarkable Findings,
PC201708,PC201708-4008,4,200 mg/kg PCDRUG,M,200.0,29,35,Days 29-35,Clinical Signs,No Remarkable Findings,
PC201708,PC201708-4008,4,200 mg/kg PCDRUG,M,200.0,36,42,Days 36-42,Clinical Signs,No Remarkable Findings,
PC201708,PC201708-4008,4,200 mg/kg PCDRUG,M,200.0,43,49,Days 43-49,Clinical Signs,No Remarkable Findings,
PC201708,PC201708-4008,4,200 mg/kg PCDRUG,M,200.0,50,56,Days 50-56,Clinical Signs,No Remarkable Findings,
PC201708,PC201708-4008,4,200 mg/kg PCDRUG,M,200.0,57,63,Days 57-63,Clinical Signs,No Remarkable Findings,
PC201708,PC201708-4008,4,200 mg/kg PCDRUG,M,200.0,64,70,Days 64-70,Clinical Signs,No Remarkable Findings,
PC201708,PC201708-4008,4,200 mg/kg PCDRUG,M,200.0,71,77,Days 71-77,Clinical Signs,No Remarkable Findings,
PC201708,PC201708-4008,4,200 mg/kg PCDRUG,M,200.0,78,84,Days 78-84,Clinical Signs,No Remarkable Findings,
PC201708,PC201708-4008,4,200 mg/kg PCDRUG,M,200.0,85,91,Days 85-91,Clinical Signs,No Remarkable Findings,
PC201708,PC201708-4008,4,200 mg/kg PCDRUG,M,200.0,85,91,Days 85-91,Ophthalmology,No Remarkable Findings,
PC201708,PC201708-4008,4,200 mg/kg PCDRUG,M,200.0,92,98,Days 92-92,Clinical Signs,No Remarkable Findings,
PC201708,PC201708-4009,4,200 mg/kg PCDRUG,M,200.0,-6,0,Days 1-7,Ophthalmology,No Remarkable Findings,
PC201708,PC201708-4009,4,200 mg/kg PCDRUG,M,200.0,1,7,Days 1-7,Clinical Signs,No Remarkable Findings,
PC201708,PC201708-4009,4,200 mg/kg PCDRUG,M,200.0,8,14,Days 8-14,Clinical Signs,No Remarkable Findings,
PC201708,PC201708-4009,4,200 mg/kg PCDRUG,M,200.0,15,21,Days 15-21,Clinical Signs,No Remarkable Findings,
PC201708,PC201708-4009,4,200 mg/kg PCDRUG,M,200.0,22,28,Days 22-28,Clinical Signs,No Remarkable Findings,
PC201708,PC201708-4009,4,200 mg/kg PCDRUG,M,200.0,29,35,Days 29-35,Clinical Signs,No Remarkable Findings,
PC201708,PC201708-4009,4,200 mg/kg PCDRUG,M,200.0,36,42,Days 36-42,Clinical Signs,No Remarkable Findings,
PC201708,PC201708-4009,4,200 mg/kg PCDRUG,M,200.0,43,49,Days 43-49,Clinical Signs,No Remarkable Findings,
PC201708,PC201708-4009,4,200 mg/kg PCDRUG,M,200.0,50,56,Days 50-56,Clinical Signs,No Remarkable Findings,
PC201708,PC201708-4009,4,200 mg/kg PCDRUG,M,200.0,57,63,Days 57-63,Clinical Signs,No Remarkable Findings,
PC201708,PC201708-4009,4,200 mg/kg PCDRUG,M,200.0,64,70,Days 64-70,Clinical Signs,No Remarkable Findings,
PC201708,PC201708-4009,4,200 mg/kg PCDRUG,M,200.0,71,77,Days 71-77,Clinical Signs,No Remarkable Findings,
PC201708,PC201708-4009,4,200 mg/kg PCDRUG,M,200.0,78,84,Days 78-84,Clinical Signs,No Remarkable Findings,
PC201708,PC201708-4009,4,200 mg/kg PCDRUG,M,200.0,85,91,Days 85-91,Clinical Signs,No Remarkable Findings,
PC201708,PC201708-4009,4,200 mg/kg PCDRUG,M,200.0,85,91,Days 85-91,Ophthalmology,No Remarkable Findings,
PC201708,PC201708-4009,4,200 mg/kg PCDRUG,M,200.0,92,98,Days 92-92,Clinical Signs,No Remarkable Findings,
PC201708,PC201708-4010,4,200 mg/kg PCDRUG,M,200.0,-6,0,Days 1-7,Ophthalmology,No Remarkable Findings,
PC201708,PC201708-4010,4,200 mg/kg PCDRUG,M,200.0,1,7,Days 1-7,Clinical Signs,No Remarkable Findings,
PC201708,PC201708-4010,4,200 mg/kg PCDRUG,M,200.0,8,14,Days 8-14,Clinical Signs,No Remarkable Findings,
PC201708,PC201708-4010,4,200 mg/kg PCDRUG,M,200.0,15,21,Days 15-21,Clinical Signs,No Remarkable Findings,
PC201708,PC201708-4010,4,200 mg/kg PCDRUG,M,200.0,22,28,Days 22-28,Clinical Signs,No Remarkable Findings,
PC201708,PC201708-4010,4,200 mg/kg PCDRUG,M,200.0,29,35,Days 29-35,Clinical Signs,No Remarkable Findings,
PC201708,PC201708-4010,4,200 mg/kg PCDRUG,M,200.0,36,42,Days 36-42,Clinical Signs,No Remarkable Findings,
PC201708,PC201708-4010,4,200 mg/kg PCDRUG,M,200.0,43,49,Days 43-49,Clinical Signs,No Remarkable Findings,
PC201708,PC201708-4010,4,200 mg/kg PCDRUG,M,200.0,50,56,Days 50-56,Clinical Signs,No Remarkable Findings,
PC201708,PC201708-4010,4,200 mg/kg PCDRUG,M,200.0,57,63,Days 57-63,Clinical Signs,No Remarkable Findings,
PC201708,PC201708-4010,4,200 mg/kg PCDRUG,M,200.0,64,70,Days 64-70,Clinical Signs,No Remarkable Findings,
PC201708,PC201708-4010,4,200 mg/kg PCDRUG,M,200.0,71,77,Days 71-77,Clinical Signs,No Remarkable Findings,
PC201708,PC201708-4010,4,200 mg/kg PCDRUG,M,200.0,78,84,Days 78-84,Clinical Signs,No Remarkable Findings,
PC201708,PC201708-4010,4,200 mg/kg PCDRUG,M,200.0,85,91,Days 85-91,Clinical Signs,No Remarkable Findings,
PC201708,PC201708-4010,4,200 mg/kg PCDRUG,M,200.0,85,91,Days 85-91,Ophthalmology,No Remarkable Findings,
PC201708,PC201708-4010,4,200 mg/kg PCDRUG,M,200.0,92,98,Days 92-92,Clinical Signs,No Remarkable Findings,
PC201708,PC201708-4010,4,200 mg/kg PCDRUG,M,200.0,99,105,Days 99-99,Clinical Signs,No Remarkable Findings,
PC201708,PC201708-4010,4,200 mg/kg PCDRUG,M,200.0,106,106,Days 106-106,Clinical Signs,No Remarkable Findings,
PC201708,PC201708-4011,4,200 mg/kg PCDRUG,M,200.0,-6,0,Days 1-7,Ophthalmology,No Remarkable Findings,
PC201708,PC201708-4011,4,200 mg/kg PCDRUG,M,200.0,1,7,Days 1-7,Clinical Signs,No Remarkable Findings,
PC201708,PC201708-4011,4,200 mg/kg PCDRUG,M,200.0,8,14,Days 8-14,Clinical Signs,No Remarkable Findings,
PC201708,PC201708-4011,4,200 mg/kg PCDRUG,M,200.0,15,21,Days 15-21,Clinical Signs,No Remarkable Findings,
PC201708,PC201708-4011,4,200 mg/kg PCDRUG,M,200.0,22,28,Days 22-28,Clinical Signs,No Remarkable Findings,
PC201708,PC201708-4011,4,200 mg/kg PCDRUG,M,200.0,29,35,Days 29-35,Clinical Signs,No Remarkable Findings,
PC201708,PC201708-4011,4,200 mg/kg PCDRUG,M,200.0,36,42,Days 36-42,Clinical Signs,No Remarkable Findings,
PC201708,PC201708-4011,4,200 mg/kg PCDRUG,M,200.0,43,49,Days 43-49,Clinical Signs,No Remarkable Findings,
PC201708,PC201708-4011,4,200 mg/kg PCDRUG,M,200.0,50,56,Days 50-56,Clinical Signs,No Remarkable Findings,
PC201708,PC201708-4011,4,200 mg/kg PCDRUG,M,200.0,57,63,Days 57-63,Clinical Signs,No Remarkable Findings,
PC201708,PC201708-4011,4,200 mg/kg PCDRUG,M,200.0,64,70,Days 64-70,Clinical Signs,No Remarkable Findings,
PC201708,PC201708-4011,4,200 mg/kg PCDRUG,M,200.0,71,77,Days 71-77,Clinical Signs,No Remarkable Findings,
PC201708,PC201708-4011,4,200 mg/kg PCDRUG,M,200.0,78,84,Days 78-84,Clinical Signs,No Remarkable Findings,
PC201708,PC201708-4011,4,200 mg/kg PCDRUG,M,200.0,85,91,Days 85-91,Clinical Signs,No Remarkable Findings,
PC201708,PC201708-4011,4,200 mg/kg PCDRUG,M,200.0,85,91,Days 85-91,Ophthalmology,No Remarkable Findings,
PC201708,PC201708-4011,4,200 mg/kg PCDRUG,M,200.0,92,98,Days 92-92,Clinical Signs,No Remarkable Findings,
PC201708,PC201708-4011,4,200 mg/kg PCDRUG,M,200.0,99,105,Days 99-99,Clinical Signs,No Remarkable Findings,
PC201708,PC201708-4011,4,200 mg/kg PCDRUG,M,200.0,106,106,Days 106-106,Clinical Signs,No Remarkable Findings,
PC201708,PC201708-4012,4,200 mg/kg PCDRUG,M,200.0,-6,0,Days 1-7,Ophthalmology,No Remarkable Findings,
PC201708,PC201708-4012,4,200 mg/kg PCDRUG,M,200.0,1,7,Days 1-7,Clinical Signs,Exudate,nose
PC201708,PC201708-4012,4,200 mg/kg PCDRUG,M,200.0,8,14,Days 8-14,Clinical Signs,No Remarkable Findings,
PC201708,PC201708-4012,4,200 mg/kg PCDRUG,M,200.0,15,21,Days 15-21,Clinical Signs,No Remarkable Findings,
PC201708,PC201708-4012,4,200 mg/kg PCDRUG,M,200.0,22,28,Days 22-28,Clinical Signs,No Remarkable Findings,
PC201708,PC201708-4012,4,200 mg/kg PCDRUG,M,200.0,29,35,Days 29-35,Clinical Signs,No Remarkable Findings,
PC201708,PC201708-4012,4,200 mg/kg PCDRUG,M,200.0,36,42,Days 36-42,Clinical Signs,No Remarkable Findings,
PC201708,PC201708-4012,4,200 mg/kg PCDRUG,M,200.0,43,49,Days 43-49,Clinical Signs,No Remarkable Findings,
PC201708,PC201708-4012,4,200 mg/kg PCDRUG,M,200.0,50,56,Days 50-56,Clinical Signs,No Remarkable Findings,
PC201708,PC201708-4012,4,200 mg/kg PCDRUG,M,200.0,57,63,Days 57-63,Clinical Signs,No Remarkable Findings,
PC201708,PC201708-4012,4,200 mg/kg PCDRUG,M,200.0,64,70,Days 64-70,Clinical Signs,No Remarkable Findings,
PC201708,PC201708-4012,4,200 mg/kg PCDRUG,M,200.0,71,77,Days 71-77,Clinical Signs,Crust,"eye, right"
PC201708,PC201708-4012,4,200 mg/kg PCDRUG,M,200.0,78,84,Days 78-84,Clinical Signs,No Remarkable Findings,
PC201708,PC201708-4012,4,200 mg/kg PCDRUG,M,200.0,85,91,Days 85-91,Clinical Signs,No Remarkable Findings,
PC201708,PC201708-4012,4,200 mg/kg PCDRUG,M,200.0,85,91,Days 85-91,Ophthalmology,No Remarkable Findings,
PC201708,PC201708-4012,4,200 mg/kg PCDRUG,M,200.0,92,98,Days 92-92,Clinical Signs,No Remarkable Findings,
PC201708,PC201708-4012,4,200 mg/kg PCDRUG,M,200.0,99,105,Days 99-99,Clinical Signs,No Remarkable Findings,
PC201708,PC201708-4012,4,200 mg/kg PCDRUG,M,200.0,106,106,Days 106-106,Clinical Signs,No Remarkable Findings,
PC201708,PC201708-4013,4,200 mg/kg PCDRUG,M,200.0,-6,0,Days 1-7,Ophthalmology,No Remarkable Findings,
PC201708,PC201708-4013,4,200 mg/kg PCDRUG,M,200.0,1,7,Days 1-7,Clinical Signs,No Remarkable Findings,
PC201708,PC201708-4013,4,200 mg/kg PCDRUG,M,200.0,8,14,Days 8-14,Clinical Signs,No Remarkable Findings,
PC201708,PC201708-4013,4,200 mg/kg PCDRUG,M,200.0,15,21,Days 15-21,Clinical Signs,No Remarkable Findings,
PC201708,PC201708-4013,4,200 mg/kg PCDRUG,M,200.0,22,28,Days 22-28,Clinical Signs,No Remarkable Findings,
PC201708,PC201708-4013,4,200 mg/kg PCDRUG,M,200.0,29,35,Days 29-35,Clinical Signs,No Remarkable Findings,
PC201708,PC201708-4013,4,200 mg/kg PCDRUG,M,200.0,36,42,Days 36-42,Clinical Signs,No Remarkable Findings,
PC201708,PC201708-4013,4,200 mg/kg PCDRUG,M,200.0,43,49,Days 43-49,Clinical Signs,No Remarkable Findings,
PC201708,PC201708-4013,4,200 mg/kg PCDRUG,M,200.0,50,56,Days 50-56,Clinical Signs,No Remarkable Findings,
PC201708,PC201708-4013,4,200 mg/kg PCDRUG,M,200.0,57,63,Days 57-63,Clinical Signs,No Remarkable Findings,
PC201708,PC201708-4013,4,200 mg/kg PCDRUG,M,200.0,64,70,Days 64-70,Clinical Signs,No Remarkable Findings,
PC201708,PC201708-4013,4,200 mg/kg PCDRUG,M,200.0,71,77,Days 71-77,Clinical Signs,Crust,"eye, left"
PC201708,PC201708-4013,4,200 mg/kg PCDRUG,M,200.0,78,84,Days 78-84,Clinical Signs,No Remarkable Findings,
PC201708,PC201708-4013,4,200 mg/kg PCDRUG,M,200.0,85,91,Days 85-91,Clinical Signs,No Remarkable Findings,
PC201708,PC201708-4013,4,200 mg/kg PCDRUG,M,200.0,85,91,Days 85-91,Ophthalmology,No Remarkable Findings,
PC201708,PC201708-4013,4,200 mg/kg PCDRUG,M,200.0,92,98,Days 92-92,Clinical Signs,No Remarkable Findings,
PC201708,PC201708-4013,4,200 mg/kg PCDRUG,M,200.0,99,105,Days 99-99,Clinical Signs,No Remarkable Findings,
PC201708,PC201708-4013,4,200 mg/kg PCDRUG,M,200.0,106,106,Days 106-106,Clinical Signs,No Remarkable Findings,
PC201708,PC201708-4014,4,200 mg/kg PCDRUG,M,200.0,-6,0,Days 1-7,Ophthalmology,No Remarkable Findings,
PC201708,PC201708-4014,4,200 mg/kg PCDRUG,M,200.0,1,7,Days 1-7,Clinical Signs,No Remarkable Findings,
PC201708,PC201708-4014,4,200 mg/kg PCDRUG,M,200.0,8,14,Days 8-14,Clinical Signs,No Remarkable Findings,
PC201708,PC201708-4014,4,200 mg/kg PCDRUG,M,200.0,15,21,Days 15-21,Clinical Signs,No Remarkable Findings,
PC201708,PC201708-4014,4,200 mg/kg PCDRUG,M,200.0,22,28,Days 22-28,Clinical Signs,No Remarkable Findings,
PC201708,PC201708-4014,4,200 mg/kg PCDRUG,M,200.0,29,35,Days 29-35,Clinical Signs,No Remarkable Findings,
PC201708,PC201708-4014,4,200 mg/kg PCDRUG,M,200.0,36,42,Days 36-42,Clinical Signs,No Remarkable Findings,
PC201708,PC201708-4014,4,200 mg/kg PCDRUG,M,200.0,43,49,Days 43-49,Clinical Signs,No Remarkable Findings,
PC201708,PC201708-4014,4,200 mg/kg PCDRUG,M,200.0,50,56,Days 50-56,Clinical Signs,No Remarkable Findings,
PC201708,PC201708-4014,4,200 mg/kg PCDRUG,M,200.0,57,63,Days 57-63,Clinical Signs,No Remarkable Findings,
PC201708,PC201708-4014,4,200 mg/kg PCDRUG,M,200.0,64,70,Days 64-70,Clinical Signs,No Remarkable Findings,
PC201708,PC201708-4014,4,200 mg/kg PCDRUG,M,200.0,71,77,Days 71-77,Clinical Signs,Exudate,nose
PC201708,PC201708-4014,4,200 mg/kg PCDRUG,M,200.0,78,84,Days 78-84,Clinical Signs,No Remarkable Findings,
PC201708,PC201708-4014,4,200 mg/kg PCDRUG,M,200.0,85,91,Days 85-91,Clinical Signs,No Remarkable Findings,
PC201708,PC201708-4014,4,200 mg/kg PCDRUG,M,200.0,85,91,Days 85-91,Ophthalmology,No Remarkable Findings,
PC201708,PC201708-4014,4,200 mg/kg PCDRUG,M,200.0,92,98,Days 92-92,Clinical Signs,No Remarkable Findings,
PC201708,PC201708-4014,4,200 mg/kg PCDRUG,M,200.0,99,105,Days 99-99,Clinical Signs,No Remarkable Findings,
PC201708,PC201708-4014,4,200 mg/kg PCDRUG,M,200.0,106,106,Days 106-106,Clinical Signs,No Remarkable Findings,
PC201708,PC201708-4015,4,200 mg/kg PCDRUG,M,200.0,-6,0,Days 1-7,Ophthalmology,No Remarkable Findings,
PC201708,PC201708-4015,4,200 mg/kg PCDRUG,M,200.0,1,7,Days 1-7,Clinical Signs,No Remarkable Findings,
PC201708,PC201708-4015,4,200 mg/kg PCDRUG,M,200.0,8,14,Days 8-14,Clinical Signs,No Remarkable Findings,
PC201708,PC201708-4015,4,200 mg/kg PCDRUG,M,200.0,15,21,Days 15-21,Clinical Signs,No Remarkable Findings,
PC201708,PC201708-4015,4,200 mg/kg PCDRUG,M,200.0,22,28,Days 22-28,Clinical Signs,No Remarkable Findings,
PC201708,PC201708-4015,4,200 mg/kg PCDRUG,M,200.0,29,35,Days 29-35,Clinical Signs,No Remarkable Findings,
PC201708,PC201708-4015,4,200 mg/kg PCDRUG,M,200.0,36,42,Days 36-42,Clinical Signs,No Remarkable Findings,
PC201708,PC201708-4015,4,200 mg/kg PCDRUG,M,200.0,43,49,Days 43-49,Clinical Signs,No Remarkable Findings,
PC201708,PC201708-4015,4,200 mg/kg PCDRUG,M,200.0,50,56,Days 50-56,Clinical Signs,No Remarkable Findings,
PC201708,PC201708-4015,4,200 mg/kg PCDRUG,M,200.0,57,63,Days 57-63,Clinical Signs,No Remarkable Findings,
PC201708,PC201708-4015,4,200 mg/kg PCDRUG,M,200.0,64,70,Days 64-70,Clinical Signs,No Remarkable Findings,
PC201708,PC201708-4015,4,200 mg/kg PCDRUG,M,200.0,71,77,Days 71-77,Clinical Signs,Red Area,mouth
PC201708,PC201708-4015,4,200 mg/kg PCDRUG,M,200.0,78,84,Days 78-84,Clinical Signs,No Remarkable Findings,
PC201708,PC201708-4015,4,200 mg/kg PCDRUG,M,200.0,85,91,Days 85-91,Clinical Signs,No Remarkable Findings,
PC201708,PC201708-4015,4,200 mg/kg PCDRUG,M,200.0,85,91,Days 85-91,Ophthalmology,No Remarkable Findings,
PC201708,PC201708-4015,4,200 mg/kg PCDRUG,M,200.0,92,98,Days 92-92,Clinical Signs,No Remarkable Findings,
PC201708,PC201708-4015,4,200 mg/kg PCDRUG,M,200.0,99,105,Days 99-99,Clinical Signs,No Remarkable Findings,
PC201708,PC201708-4015,4,200 mg/kg PCDRUG,M,200.0,106,106,Days 106-106,Clinical Signs,No Remarkable Findings,
PC201708,PC201708-4101,4,200 mg/kg PCDRUG,F,200.0,-6,0,Days 1-7,Ophthalmology,No Remarkable Findings,
PC201708,PC201708-4101,4,200 mg/kg PCDRUG,F,200.0,1,7,Days 1-7,Clinical Signs,No Remarkable Findings,
PC201708,PC201708-4101,4,200 mg/kg PCDRUG,F,200.0,8,14,Days 8-14,Clinical Signs,No Remarkable Findings,
PC201708,PC201708-4101,4,200 mg/kg PCDRUG,F,200.0,15,21,Days 15-21,Clinical Signs,No Remarkable Findings,
PC201708,PC201708-4101,4,200 mg/kg PCDRUG,F,200.0,22,28,Days 22-28,Clinical Signs,No Remarkable Findings,
PC201708,PC201708-4101,4,200 mg/kg PCDRUG,F,200.0,29,35,Days 29-35,Clinical Signs,No Remarkable Findings,
PC201708,PC201708-4101,4,200 mg/kg PCDRUG,F,200.0,36,42,Days 36-42,Clinical Signs,No Remarkable Findings,
PC201708,PC201708-4101,4,200 mg/kg PCDRUG,F,200.0,43,49,Days 43-49,Clinical Signs,No Remarkable Findings,
PC201708,PC201708-4101,4,200 mg/kg PCDRUG,F,200.0,50,56,Days 50-56,Clinical Signs,No Remarkable Findings,
PC201708,PC201708-4101,4,200 mg/kg PCDRUG,F,200.0,57,63,Days 57-63,Clinical Signs,No Remarkable Findings,
PC201708,PC201708-4101,4,200 mg/kg PCDRUG,F,200.0,64,70,Days 64-70,Clinical Signs,No Remarkable Findings,
PC201708,PC201708-4101,4,200 mg/kg PCDRUG,F,200.0,71,77,Days 71-77,Clinical Signs,No Remarkable Findings,
PC201708,PC201708-4101,4,200 mg/kg PCDRUG,F,200.0,78,84,Days 78-84,Clinical Signs,No Remarkable Findings,
PC201708,PC201708-4101,4,200 mg/kg PCDRUG,F,200.0,85,91,Days 85-91,Clinical Signs,No Remarkable Findings,
PC201708,PC201708-4101,4,200 mg/kg PCDRUG,F,200.0,85,91,Days 85-91,Ophthalmology,No Remarkable Findings,
PC201708,PC201708-4101,4,200 mg/kg PCDRUG,F,200.0,92,98,Days 92-92,Clinical Signs,No Remarkable Findings,
PC201708,PC201708-4102,4,200 mg/kg PCDRUG,F,200.0,-6,0,Days 1-7,Ophthalmology,No Remarkable Findings,
PC201708,PC201708-4102,4,200 mg/kg PCDRUG,F,200.0,1,7,Days 1-7,Clinical Signs,No Remarkable Findings,
PC201708,PC201708-4102,4,200 mg/kg PCDRUG,F,200.0,8,14,Days 8-14,Clinical Signs,No Remarkable Findings,
PC201708,PC201708-4102,4,200 mg/kg PCDRUG,F,200.0,15,21,Days 15-21,Clinical Signs,No Remarkable Findings,
PC201708,PC201708-4102,4,200 mg/kg PCDRUG,F,200.0,22,28,Days 22-28,Clinical Signs,No Remarkable Findings,
PC201708,PC201708-4102,4,200 mg/kg PCDRUG,F,200.0,29,35,Days 29-35,Clinical Signs,No Remarkable Findings,
PC201708,PC201708-4102,4,200 mg/kg PCDRUG,F,200.0,36,42,Days 36-42,Clinical Signs,No Remarkable Findings,
PC201708,PC201708-4102,4,200 mg/kg PCDRUG,F,200.0,43,49,Days 43-49,Clinical Signs,No Remarkable Findings,
PC201708,PC201708-4102,4,200 mg/kg PCDRUG,F,200.0,50,56,Days 50-56,Clinical Signs,No Remarkable Findings,
PC201708,PC201708-4102,4,200 mg/kg PCDRUG,F,200.0,57,63,Days 57-63,Clinical Signs,No Remarkable Findings,
PC201708,PC201708-4102,4,200 mg/kg PCDRUG,F,200.0,64,70,Days 64-70,Clinical Signs,No Remarkable Findings,
PC201708,PC201708-4102,4,200 mg/kg PCDRUG,F,200.0,71,77,Days 71-77,Clinical Signs,No Remarkable Findings,
PC201708,PC201708-4102,4,200 mg/kg PCDRUG,F,200.0,78,84,Days 78-84,Clinical Signs,No Remarkable Findings,
PC201708,PC201708-4102,4,200 mg/kg PCDRUG,F,200.0,85,91,Days 85-91,Clinical Signs,No Remarkable Findings,
PC201708,PC201708-4102,4,200 mg/kg PCDRUG,F,200.0,85,91,Days 85-91,Ophthalmology,No Remarkable Findings,
PC201708,PC201708-4102,4,200 mg/kg PCDRUG,F,200.0,92,98,Days 92-92,Clinical Signs,No Remarkable Findings,
PC201708,PC201708-4103,4,200 mg/kg PCDRUG,F,200.0,-6,0,Days 1-7,Ophthalmology,No Remarkable Findings,
PC201708,PC201708-4103,4,200 mg/kg PCDRUG,F,200.0,1,7,Days 1-7,Clinical Signs,No Remarkable Findings,
PC201708,PC201708-4103,4,200 mg/kg PCDRUG,F,200.0,8,14,Days 8-14,Clinical Signs,No Remarkable Findings,
PC201708,PC201708-4103,4,200 mg/kg PCDRUG,F,200.0,15,21,Days 15-21,Clinical Signs,No Remarkable Findings,
PC201708,PC201708-4103,4,200 mg/kg PCDRUG,F,200.0,22,28,Days 22-28,Clinical Signs,No Remarkable Findings,
PC201708,PC201708-4103,4,200 mg/kg PCDRUG,F,200.0,29,35,Days 29-35,Clinical Signs,No Remarkable Findings,
PC201708,PC201708-4103,4,200 mg/kg PCDRUG,F,200.0,36,42,Days 36-42,Clinical Signs,No Remarkable Findings,
PC201708,PC201708-4103,4,200 mg/kg PCDRUG,F,200.0,43,49,Days 43-49,Clinical Signs,No Remarkable Findings,
PC201708,PC201708-4103,4,200 mg/kg PCDRUG,F,200.0,50,56,Days 50-56,Clinical Signs,No Remarkable Findings,
PC201708,PC201708-4103,4,200 mg/kg PCDRUG,F,200.0,57,63,Days 57-63,Clinical Signs,No Remarkable Findings,
PC201708,PC201708-4103,4,200 mg/kg PCDRUG,F,200.0,64,70,Days 64-70,Clinical Signs,No Remarkable Findings,
PC201708,PC201708-4103,4,200 mg/kg PCDRUG,F,200.0,71,77,Days 71-77,Clinical Signs,No Remarkable Findings,
PC201708,PC201708-4103,4,200 mg/kg PCDRUG,F,200.0,78,84,Days 78-84,Clinical Signs,No Remarkable Findings,
PC201708,PC201708-4103,4,200 mg/kg PCDRUG,F,200.0,85,91,Days 85-91,Clinical Signs,No Remarkable Findings,
PC201708,PC201708-4103,4,200 mg/kg PCDRUG,F,200.0,85,91,Days 85-91,Ophthalmology,No Remarkable Findings,
PC201708,PC201708-4103,4,200 mg/kg PCDRUG,F,200.0,92,98,Days 92-92,Clinical Signs,No Remarkable Findings,
PC201708,PC201708-4104,4,200 mg/kg PCDRUG,F,200.0,-6,0,Days 1-7,Ophthalmology,No Remarkable Findings,
PC201708,PC201708-4104,4,200 mg/kg PCDRUG,F,200.0,1,7,Days 1-7,Clinical Signs,No Remarkable Findings,
PC201708,PC201708-4104,4,200 mg/kg PCDRUG,F,200.0,8,14,Days 8-14,Clinical Signs,No Remarkable Findings,
PC201708,PC201708-4104,4,200 mg/kg PCDRUG,F,200.0,15,21,Days 15-21,Clinical Signs,No Remarkable Findings,
PC201708,PC201708-4104,4,200 mg/kg PCDRUG,F,200.0,22,28,Days 22-28,Clinical Signs,No Remarkable Findings,
PC201708,PC201708-4104,4,200 mg/kg PCDRUG,F,200.0,29,35,Days 29-35,Clinical Signs,No Remarkable Findings,
PC201708,PC201708-4104,4,200 mg/kg PCDRUG,F,200.0,36,42,Days 36-42,Clinical Signs,No Remarkable Findings,
PC201708,PC201708-4104,4,200 mg/kg PCDRUG,F,200.0,43,49,Days 43-49,Clinical Signs,No Remarkable Findings,
PC201708,PC201708-4104,4,200 mg/kg PCDRUG,F,200.0,50,56,Days 50-56,Clinical Signs,No Remarkable Findings,
PC201708,PC201708-4104,4,200 mg/kg PCDRUG,F,200.0,57,63,Days 57-63,Clinical Signs,No Remarkable Findings,
PC201708,PC201708-4104,4,200 mg/kg PCDRUG,F,200.0,64,70,Days 64-70,Clinical Signs,No Remarkable Findings,
PC201708,PC201708-4104,4,200 mg/kg PCDRUG,F,200.0,71,77,Days 71-77,Clinical Signs,No Remarkable Findings,
PC201708,PC201708-4104,4,200 mg/kg PCDRUG,F,200.0,78,84,Days 78-84,Clinical Signs,No Remarkable Findings,
PC201708,PC201708-4104,4,200 mg/kg PCDRUG,F,200.0,85,91,Days 85-91,Clinical Signs,No Remarkable Findings,
PC201708,PC201708-4104,4,200 mg/kg PCDRUG,F,200.0,85,91,Days 85-91,Ophthalmology,No Remarkable Findings,
PC201708,PC201708-4104,4,200 mg/kg PCDRUG,F,200.0,92,98,Days 92-92,Clinical Signs,No Remarkable Findings,
PC201708,PC201708-4105,4,200 mg/kg PCDRUG,F,200.0,-6,0,Days 1-7,Ophthalmology,No Remarkable Findings,
PC201708,PC201708-4105,4,200 mg/kg PCDRUG,F,200.0,1,7,Days 1-7,Clinical Signs,No Remarkable Findings,
PC201708,PC201708-4105,4,200 mg/kg PCDRUG,F,200.0,8,14,Days 8-14,Clinical Signs,No Remarkable Findings,
PC201708,PC201708-4105,4,200 mg/kg PCDRUG,F,200.0,15,21,Days 15-21,Clinical Signs,No Remarkable Findings,
PC201708,PC201708-4105,4,200 mg/kg PCDRUG,F,200.0,22,28,Days 22-28,Clinical Signs,No Remarkable Findings,
PC201708,PC201708-4105,4,200 mg/kg PCDRUG,F,200.0,29,35,Days 29-35,Clinical Signs,No Remarkable Findings,
PC201708,PC201708-4105,4,200 mg/kg PCDRUG,F,200.0,36,42,Days 36-42,Clinical Signs,No Remarkable Findings,
PC201708,PC201708-4105,4,200 mg/kg PCDRUG,F,200.0,43,49,Days 43-49,Clinical Signs,No Remarkable Findings,
PC201708,PC201708-4105,4,200 mg/kg PCDRUG,F,200.0,50,56,Days 50-56,Clinical Signs,No Remarkable Findings,
PC201708,PC201708-4105,4,200 mg/kg PCDRUG,F,200.0,57,63,Days 57-63,Clinical Signs,No Remarkable Findings,
PC201708,PC201708-4105,4,200 mg/kg PCDRUG,F,200.0,64,70,Days 64-70,Clinical Signs,No Remarkable Findings,
PC201708,PC201708-4105,4,200 mg/kg PCDRUG,F,200.0,71,77,Days 71-77,Clinical Signs,No Remarkable Findings,
PC201708,PC201708-4105,4,200 mg/kg PCDRUG,F,200.0,78,84,Days 78-84,Clinical Signs,No Remarkable Findings,
PC201708,PC201708-4105,4,200 mg/kg PCDRUG,F,200.0,85,91,Days 85-91,Clinical Signs,Alopecia,"head, dorsal, caudal"
PC201708,PC201708-4105,4,200 mg/kg PCDRUG,F,200.0,85,91,Days 85-91,Ophthalmology,No Remarkable Findings,
PC201708,PC201708-4105,4,200 mg/kg PCDRUG,F,200.0,92,98,Days 92-92,Clinical Signs,Alopecia,"head, dorsal, caudal"
PC201708,PC201708-4106,4,200 mg/kg PCDRUG,F,200.0,-6,0,Days 1-7,Ophthalmology,No Remarkable Findings,
PC201708,PC201708-4106,4,200 mg/kg PCDRUG,F,200.0,1,7,Days 1-7,Clinical Signs,No Remarkable Findings,
PC201708,PC201708-4106,4,200 mg/kg PCDRUG,F,200.0,8,14,Days 8-14,Clinical Signs,No Remarkable Findings,
PC201708,PC201708-4106,4,200 mg/kg PCDRUG,F,200.0,15,21,Days 15-21,Clinical Signs,No Remarkable Findings,
PC201708,PC201708-4106,4,200 mg/kg PCDRUG,F,200.0,22,28,Days 22-28,Clinical Signs,No Remarkable Findings,
PC201708,PC201708-4106,4,200 mg/kg PCDRUG,F,200.0,29,35,Days 29-35,Clinical Signs,No Remarkable Findings,
PC201708,PC201708-4106,4,200 mg/kg PCDRUG,F,200.0,36,42,Days 36-42,Clinical Signs,No Remarkable Findings,
PC201708,PC201708-4106,4,200 mg/kg PCDRUG,F,200.0,43,49,Days 43-49,Clinical Signs,No Remarkable Findings,
PC201708,PC201708-4106,4,200 mg/kg PCDRUG,F,200.0,50,56,Days 50-56,Clinical Signs,No Remarkable Findings,
PC201708,PC201708-4106,4,200 mg/kg PCDRUG,F,200.0,57,63,Days 57-63,Clinical Signs,No Remarkable Findings,
PC201708,PC201708-4106,4,200 mg/kg PCDRUG,F,200.0,64,70,Days 64-70,Clinical Signs,No Remarkable Findings,
PC201708,PC201708-4106,4,200 mg/kg PCDRUG,F,200.0,71,77,Days 71-77,Clinical Signs,No Remarkable Findings,
PC201708,PC201708-4106,4,200 mg/kg PCDRUG,F,200.0,78,84,Days 78-84,Clinical Signs,No Remarkable Findings,
PC201708,PC201708-4106,4,200 mg/kg PCDRUG,F,200.0,85,91,Days 85-91,Clinical Signs,No Remarkable Findings,
PC201708,PC201708-4106,4,200 mg/kg PCDRUG,F,200.0,85,91,Days 85-91,Ophthalmology,No Remarkable Findings,
PC201708,PC201708-4106,4,200 mg/kg PCDRUG,F,200.0,92,98,Days 92-92,Clinical Signs,No Remarkable Findings,
PC201708,PC201708-4107,4,200 mg/kg PCDRUG,F,200.0,-6,0,Days 1-7,Ophthalmology,No Remarkable Findings,
PC201708,PC201708-4107,4,200 mg/kg PCDRUG,F,200.0,1,7,Days 1-7,Clinical Signs,No Remarkable Findings,
PC201708,PC201708-4107,4,200 mg/kg PCDRUG,F,200.0,8,14,Days 8-14,Clinical Signs,No Remarkable Findings,
PC201708,PC201708-4107,4,200 mg/kg PCDRUG,F,200.0,15,21,Days 15-21,Clinical Signs,No Remarkable Findings,
PC201708,PC201708-4107,4,200 mg/kg PCDRUG,F,200.0,22,28,Days 22-28,Clinical Signs,No Remarkable Findings,
PC201708,PC201708-4107,4,200 mg/kg PCDRUG,F,200.0,29,35,Days 29-35,Clinical Signs,No Remarkable Findings,
PC201708,PC201708-4107,4,200 mg/kg PCDRUG,F,200.0,36,42,Days 36-42,Clinical Signs,No Remarkable Findings,
PC201708,PC201708-4107,4,200 mg/kg PCDRUG,F,200.0,43,49,Days 43-49,Clinical Signs,No Remarkable Findings,
PC201708,PC201708-4107,4,200 mg/kg PCDRUG,F,200.0,50,56,Days 50-56,Clinical Signs,No Remarkable Findings,
PC201708,PC201708-4107,4,200 mg/kg PCDRUG,F,200.0,57,63,Days 57-63,Clinical Signs,No Remarkable Findings,
PC201708,PC201708-4107,4,200 mg/kg PCDRUG,F,200.0,64,70,Days 64-70,Clinical Signs,No Remarkable Findings,
PC201708,PC201708-4107,4,200 mg/kg PCDRUG,F,200.0,71,77,Days 71-77,Clinical Signs,No Remarkable Findings,
PC201708,PC201708-4107,4,200 mg/kg PCDRUG,F,200.0,78,84,Days 78-84,Clinical Signs,No Remarkable Findings,
PC201708,PC201708-4107,4,200 mg/kg PCDRUG,F,200.0,85,91,Days 85-91,Clinical Signs,No Remarkable Findings,
PC201708,PC201708-4107,4,200 mg/kg PCDRUG,F,200.0,85,91,Days 85-91,Ophthalmology,No Remarkable Findings,
PC201708,PC201708-4107,4,200 mg/kg PCDRUG,F,200.0,92,98,Days 92-92,Clinical Signs,No Remarkable Findings,
PC201708,PC201708-4108,4,200 mg/kg PCDRUG,F,200.0,-6,0,Days 1-7,Ophthalmology,No Remarkable Findings,
PC201708,PC201708-4108,4,200 mg/kg PCDRUG,F,200.0,1,7,Days 1-7,Clinical Signs,No Remarkable Findings,
PC201708,PC201708-4108,4,200 mg/kg PCDRUG,F,200.0,8,14,Days 8-14,Clinical Signs,No Remarkable Findings,
PC201708,PC201708-4108,4,200 mg/kg PCDRUG,F,200.0,15,21,Days 15-21,Clinical Signs,No Remarkable Findings,
PC201708,PC201708-4108,4,200 mg/kg PCDRUG,F,200.0,22,28,Days 22-28,Clinical Signs,No Remarkable Findings,
PC201708,PC201708-4108,4,200 mg/kg PCDRUG,F,200.0,29,35,Days 29-35,Clinical Signs,No Remarkable Findings,
PC201708,PC201708-4108,4,200 mg/kg PCDRUG,F,200.0,36,42,Days 36-42,Clinical Signs,No Remarkable Findings,
PC201708,PC201708-4108,4,200 mg/kg PCDRUG,F,200.0,43,49,Days 43-49,Clinical Signs,No Remarkable Findings,
PC201708,PC201708-4108,4,200 mg/kg PCDRUG,F,200.0,50,56,Days 50-56,Clinical Signs,No Remarkable Findings,
PC201708,PC201708-4108,4,200 mg/kg PCDRUG,F,200.0,57,63,Days 57-63,Clinical Signs,No Remarkable Findings,
PC201708,PC201708-4108,4,200 mg/kg PCDRUG,F,200.0,64,70,Days 64-70,Clinical Signs,No Remarkable Findings,
PC201708,PC201708-4108,4,200 mg/kg PCDRUG,F,200.0,71,77,Days 71-77,Clinical Signs,No Remarkable Findings,
PC201708,PC201708-4108,4,200 mg/kg PCDRUG,F,200.0,78,84,Days 78-84,Clinical Signs,No Remarkable Findings,
PC201708,PC201708-4108,4,200 mg/kg PCDRUG,F,200.0,85,91,Days 85-91,Clinical Signs,No Remarkable Findings,
PC201708,PC201708-4108,4,200 mg/kg PCDRUG,F,200.0,85,91,Days 85-91,Ophthalmology,No Remarkable Findings,
PC201708,PC201708-4108,4,200 mg/kg PCDRUG,F,200.0,92,98,Days 92-92,Clinical Signs,No Remarkable Findings,
PC201708,PC201708-4109,4,200 mg/kg PCDRUG,F,200.0,-6,0,Days 1-7,Ophthalmology,No Remarkable Findings,
PC201708,PC201708-4109,4,200 mg/kg PCDRUG,F,200.0,1,7,Days 1-7,Clinical Signs,No Remarkable Findings,
PC201708,PC201708-4109,4,200 mg/kg PCDRUG,F,200.0,8,14,Days 8-14,Clinical Signs,No Remarkable Findings,
PC201708,PC201708-4109,4,200 mg/kg PCDRUG,F,200.0,15,21,Days 15-21,Clinical Signs,No Remarkable Findings,
PC201708,PC201708-4109,4,200 mg/kg PCDRUG,F,200.0,22,28,Days 22-28,Clinical Signs,No Remarkable Findings,
PC201708,PC201708-4109,4,200 mg/kg PCDRUG,F,200.0,29,35,Days 29-35,Clinical Signs,No Remarkable Findings,
PC201708,PC201708-4109,4,200 mg/kg PCDRUG,F,200.0,36,42,Days 36-42,Clinical Signs,No Remarkable Findings,
PC201708,PC201708-4109,4,200 mg/kg PCDRUG,F,200.0,43,49,Days 43-49,Clinical Signs,No Remarkable Findings,
PC201708,PC201708-4109,4,200 mg/kg PCDRUG,F,200.0,50,56,Days 50-56,Clinical Signs,No Remarkable Findings,
PC201708,PC201708-4109,4,200 mg/kg PCDRUG,F,200.0,57,63,Days 57-63,Clinical Signs,No Remarkable Findings,
PC201708,PC201708-4109,4,200 mg/kg PCDRUG,F,200.0,64,70,Days 64-70,Clinical Signs,No Remarkable Findings,
PC201708,PC201708-4109,4,200 mg/kg PCDRUG,F,200.0,71,77,Days 71-77,Clinical Signs,No Remarkable Findings,
PC201708,PC201708-4109,4,200 mg/kg PCDRUG,F,200.0,78,84,Days 78-84,Clinical Signs,No Remarkable Findings,
PC201708,PC201708-4109,4,200 mg/kg PCDRUG,F,200.0,85,91,Days 85-91,Clinical Signs,No Remarkable Findings,
PC201708,PC201708-4109,4,200 mg/kg PCDRUG,F,200.0,85,91,Days 85-91,Ophthalmology,No Remarkable Findings,
PC201708,PC201708-4109,4,200 mg/kg PCDRUG,F,200.0,92,98,Days 92-92,Clinical Signs,No Remarkable Findings,
PC201708,PC201708-4110,4,200 mg/kg PCDRUG,F,200.0,-6,0,Days 1-7,Ophthalmology,No Remarkable Findings,
PC201708,PC201708-4110,4,200 mg/kg PCDRUG,F,200.0,1,7,Days 1-7,Clinical Signs,No Remarkable Findings,
PC201708,PC201708-4110,4,200 mg/kg PCDRUG,F,200.0,8,14,Days 8-14,Clinical Signs,No Remarkable Findings,
PC201708,PC201708-4110,4,200 mg/kg PCDRUG,F,200.0,15,21,Days 15-21,Clinical Signs,No Remarkable Findings,
PC201708,PC201708-4110,4,200 mg/kg PCDRUG,F,200.0,22,28,Days 22-28,Clinical Signs,No Remarkable Findings,
PC201708,PC201708-4110,4,200 mg/kg PCDRUG,F,200.0,29,35,Days 29-35,Clinical Signs,No Remarkable Findings,
PC201708,PC201708-4110,4,200 mg/kg PCDRUG,F,200.0,36,42,Days 36-42,Clinical Signs,No Remarkable Findings,
PC201708,PC201708-4110,4,200 mg/kg PCDRUG,F,200.0,43,49,Days 43-49,Clinical Signs,No Remarkable Findings,
PC201708,PC201708-4110,4,200 mg/kg PCDRUG,F,200.0,50,56,Days 50-56,Clinical Signs,No Remarkable Findings,
PC201708,PC201708-4110,4,200 mg/kg PCDRUG,F,200.0,57,63,Days 57-63,Clinical Signs,No Remarkable Findings,
PC201708,PC201708-4110,4,200 mg/kg PCDRUG,F,200.0,64,70,Days 64-70,Clinical Signs,No Remarkable Findings,
PC201708,PC201708-4110,4,200 mg/kg PCDRUG,F,200.0,71,77,Days 71-77,Clinical Signs,No Remarkable Findings,
PC201708,PC201708-4110,4,200 mg/kg PCDRUG,F,200.0,78,84,Days 78-84,Clinical Signs,No Remarkable Findings,
PC201708,PC201708-4110,4,200 mg/kg PCDRUG,F,200.0,85,91,Days 85-91,Clinical Signs,No Remarkable Findings,
PC201708,PC201708-4110,4,200 mg/kg PCDRUG,F,200.0,85,91,Days 85-91,Ophthalmology,No Remarkable Findings,
PC201708,PC201708-4110,4,200 mg/kg PCDRUG,F,200.0,92,98,Days 92-92,Clinical Signs,No Remarkable Findings,
PC201708,PC201708-4110,4,200 mg/kg PCDRUG,F,200.0,99,105,Days 99-99,Clinical Signs,No Remarkable Findings,
PC201708,PC201708-4110,4,200 mg/kg PCDRUG,F,200.0,106,106,Days 106-106,Clinical Signs,No Remarkable Findings,
PC201708,PC201708-4111,4,200 mg/kg PCDRUG,F,200.0,-6,0,Days 1-7,Ophthalmology,No Remarkable Findings,
PC201708,PC201708-4111,4,200 mg/kg PCDRUG,F,200.0,1,7,Days 1-7,Clinical Signs,No Remarkable Findings,
PC201708,PC201708-4111,4,200 mg/kg PCDRUG,F,200.0,8,14,Days 8-14,Clinical Signs,No Remarkable Findings,
PC201708,PC201708-4111,4,200 mg/kg PCDRUG,F,200.0,15,21,Days 15-21,Clinical Signs,No Remarkable Findings,
PC201708,PC201708-4111,4,200 mg/kg PCDRUG,F,200.0,22,28,Days 22-28,Clinical Signs,No Remarkable Findings,
PC201708,PC201708-4111,4,200 mg/kg PCDRUG,F,200.0,29,35,Days 29-35,Clinical Signs,No Remarkable Findings,
PC201708,PC201708-4111,4,200 mg/kg PCDRUG,F,200.0,36,42,Days 36-42,Clinical Signs,No Remarkable Findings,
PC201708,PC201708-4111,4,200 mg/kg PCDRUG,F,200.0,43,49,Days 43-49,Clinical Signs,No Remarkable Findings,
PC201708,PC201708-4111,4,200 mg/kg PCDRUG,F,200.0,50,56,Days 50-56,Clinical Signs,No Remarkable Findings,
PC201708,PC201708-4111,4,200 mg/kg PCDRUG,F,200.0,57,63,Days 57-63,Clinical Signs,No Remarkable Findings,
PC201708,PC201708-4111,4,200 mg/kg PCDRUG,F,200.0,64,70,Days 64-70,Clinical Signs,No Remarkable Findings,
PC201708,PC201708-4111,4,200 mg/kg PCDRUG,F,200.0,71,77,Days 71-77,Clinical Signs,No Remarkable Findings,
PC201708,PC201708-4111,4,200 mg/kg PCDRUG,F,200.0,78,84,Days 78-84,Clinical Signs,No Remarkable Findings,
PC201708,PC201708-4111,4,200 mg/kg PCDRUG,F,200.0,85,91,Days 85-91,Clinical Signs,No Remarkable Findings,
PC201708,PC201708-4111,4,200 mg/kg PCDRUG,F,200.0,85,91,Days 85-91,Ophthalmology,No Remarkable Findings,
PC201708,PC201708-4111,4,200 mg/kg PCDRUG,F,200.0,92,98,Days 92-92,Clinical Signs,No Remarkable Findings,
PC201708,PC201708-4111,4,200 mg/kg PCDRUG,F,200.0,99,105,Days 99-99,Clinical Signs,No Remarkable Findings,
PC201708,PC201708-4111,4,200 mg/kg PCDRUG,F,200.0,106,106,Days 106-106,Clinical Signs,No Remarkable Findings,
PC201708,PC201708-4112,4,200 mg/kg PCDRUG,F,200.0,-6,0,Days 1-7,Ophthalmology,No Remarkable Findings,
PC201708,PC201708-4112,4,200 mg/kg PCDRUG,F,200.0,1,7,Days 1-7,Clinical Signs,No Remarkable Findings,
PC201708,PC201708-4112,4,200 mg/kg PCDRUG,F,200.0,8,14,Days 8-14,Clinical Signs,No Remarkable Findings,
PC201708,PC201708-4112,4,200 mg/kg PCDRUG,F,200.0,15,21,Days 15-21,Clinical Signs,No Remarkable Findings,
PC201708,PC201708-4112,4,200 mg/kg PCDRUG,F,200.0,22,28,Days 22-28,Clinical Signs,No Remarkable Findings,
PC201708,PC201708-4112,4,200 mg/kg PCDRUG,F,200.0,29,35,Days 29-35,Clinical Signs,No Remarkable Findings,
PC201708,PC201708-4112,4,200 mg/kg PCDRUG,F,200.0,36,42,Days 36-42,Clinical Signs,No Remarkable Findings,
PC201708,PC201708-4112,4,200 mg/kg PCDRUG,F,200.0,43,49,Days 43-49,Clinical Signs,No Remarkable Findings,
PC201708,PC201708-4112,4,200 mg/kg PCDRUG,F,200.0,50,56,Days 50-56,Clinical Signs,Crust,"eye, right"
PC201708,PC201708-4112,4,200 mg/kg PCDRUG,F,200.0,57,63,Days 57-63,Clinical Signs,No Remarkable Findings,
PC201708,PC201708-4112,4,200 mg/kg PCDRUG,F,200.0,64,70,Days 64-70,Clinical Signs,No Remarkable Findings,
PC201708,PC201708-4112,4,200 mg/kg PCDRUG,F,200.0,71,77,Days 71-77,Clinical Signs,No Remarkable Findings,
PC201708,PC201708-4112,4,200 mg/kg PCDRUG,F,200.0,78,84,Days 78-84,Clinical Signs,No Remarkable Findings,
PC201708,PC201708-4112,4,200 mg/kg PCDRUG,F,200.0,85,91,Days 85-91,Clinical Signs,No Remarkable Findings,
PC201708,PC201708-4112,4,200 mg/kg PCDRUG,F,200.0,85,91,Days 85-91,Ophthalmology,No Remarkable Findings,
PC201708,PC201708-4112,4,200 mg/kg PCDRUG,F,200.0,92,98,Days 92-92,Clinical Signs,No Remarkable Findings,
PC201708,PC201708-4112,4,200 mg/kg PCDRUG,F,200.0,99,105,Days 99-99,Clinical Signs,No Remarkable Findings,
PC201708,PC201708-4112,4,200 mg/kg PCDRUG,F,200.0,106,106,Days 106-106,Clinical Signs,No Remarkable Findings,
PC201708,PC201708-4113,4,200 mg/kg PCDRUG,F,200.0,-6,0,Days 1-7,Ophthalmology,No Remarkable Findings,
PC201708,PC201708-4113,4,200 mg/kg PCDRUG,F,200.0,1,7,Days 1-7,Clinical Signs,No Remarkable Findings,
PC201708,PC201708-4113,4,200 mg/kg PCDRUG,F,200.0,8,14,Days 8-14,Clinical Signs,No Remarkable Findings,
PC201708,PC201708-4113,4,200 mg/kg PCDRUG,F,200.0,15,21,Days 15-21,Clinical Signs,No Remarkable Findings,
PC201708,PC201708-4113,4,200 mg/kg PCDRUG,F,200.0,22,28,Days 22-28,Clinical Signs,No Remarkable Findings,
PC201708,PC201708-4113,4,200 mg/kg PCDRUG,F,200.0,29,35,Days 29-35,Clinical Signs,No Remarkable Findings,
PC201708,PC201708-4113,4,200 mg/kg PCDRUG,F,200.0,36,42,Days 36-42,Clinical Signs,No Remarkable Findings,
PC201708,PC201708-4113,4,200 mg/kg PCDRUG,F,200.0,43,49,Days 43-49,Clinical Signs,No Remarkable Findings,
PC201708,PC201708-4113,4,200 mg/kg PCDRUG,F,200.0,50,56,Days 50-56,Clinical Signs,Crust,"eye, left"
PC201708,PC201708-4113,4,200 mg/kg PCDRUG,F,200.0,57,63,Days 57-63,Clinical Signs,No Remarkable Findings,
PC201708,PC201708-4113,4,200 mg/kg PCDRUG,F,200.0,64,70,Days 64-70,Clinical Signs,No Remarkable Findings,
PC201708,PC201708-4113,4,200 mg/kg PCDRUG,F,200.0,71,77,Days 71-77,Clinical Signs,No Remarkable Findings,
PC201708,PC201708-4113,4,200 mg/kg PCDRUG,F,200.0,78,84,Days 78-84,Clinical Signs,No Remarkable Findings,
PC201708,PC201708-4113,4,200 mg/kg PCDRUG,F,200.0,85,91,Days 85-91,Clinical Signs,No Remarkable Findings,
PC201708,PC201708-4113,4,200 mg/kg PCDRUG,F,200.0,85,91,Days 85-91,Ophthalmology,No Remarkable Findings,
PC201708,PC201708-4113,4,200 mg/kg PCDRUG,F,200.0,92,98,Days 92-92,Clinical Signs,No Remarkable Findings,
PC201708,PC201708-4114,4,200 mg/kg PCDRUG,F,200.0,-6,0,Days 1-7,Ophthalmology,No Remarkable Findings,
PC201708,PC201708-4114,4,200 mg/kg PCDRUG,F,200.0,1,7,Days 1-7,Clinical Signs,No Remarkable Findings,
PC201708,PC201708-4114,4,200 mg/kg PCDRUG,F,200.0,8,14,Days 8-14,Clinical Signs,No Remarkable Findings,
PC201708,PC201708-4114,4,200 mg/kg PCDRUG,F,200.0,15,21,Days 15-21,Clinical Signs,No Remarkable Findings,
PC201708,PC201708-4114,4,200 mg/kg PCDRUG,F,200.0,22,28,Days 22-28,Clinical Signs,No Remarkable Findings,
PC201708,PC201708-4114,4,200 mg/kg PCDRUG,F,200.0,29,35,Days 29-35,Clinical Signs,No Remarkable Findings,
PC201708,PC201708-4114,4,200 mg/kg PCDRUG,F,200.0,36,42,Days 36-42,Clinical Signs,No Remarkable Findings,
PC201708,PC201708-4114,4,200 mg/kg PCDRUG,F,200.0,43,49,Days 43-49,Clinical Signs,No Remarkable Findings,
PC201708,PC201708-4114,4,200 mg/kg PCDRUG,F,200.0,50,56,Days 50-56,Clinical Signs,Exudate,nose
PC201708,PC201708-4114,4,200 mg/kg PCDRUG,F,200.0,57,63,Days 57-63,Clinical Signs,No Remarkable Findings,
PC201708,PC201708-4114,4,200 mg/kg PCDRUG,F,200.0,64,70,Days 64-70,Clinical Signs,No Remarkable Findings,
PC201708,PC201708-4114,4,200 mg/kg PCDRUG,F,200.0,71,77,Days 71-77,Clinical Signs,No Remarkable Findings,
PC201708,PC201708-4114,4,200 mg/kg PCDRUG,F,200.0,78,84,Days 78-84,Clinical Signs,No Remarkable Findings,
PC201708,PC201708-4114,4,200 mg/kg PCDRUG,F,200.0,85,91,Days 85-91,Clinical Signs,No Remarkable Findings,
PC201708,PC201708-4114,4,200 mg/kg PCDRUG,F,200.0,85,91,Days 85-91,Ophthalmology,No Remarkable Findings,
PC201708,PC201708-4114,4,200 mg/kg PCDRUG,F,200.0,92,98,Days 92-92,Clinical Signs,No Remarkable Findings,
PC201708,PC201708-4114,4,200 mg/kg PCDRUG,F,200.0,99,105,Days 99-99,Clinical Signs,No Remarkable Findings,
PC201708,PC201708-4114,4,200 mg/kg PCDRUG,F,200.0,106,106,Days 106-106,Clinical Signs,No Remarkable Findings,
PC201708,PC201708-4115,4,200 mg/kg PCDRUG,F,200.0,-6,0,Days 1-7,Ophthalmology,No Remarkable Findings,
PC201708,PC201708-4115,4,200 mg/kg PCDRUG,F,200.0,1,7,Days 1-7,Clinical Signs,No Remarkable Findings,
PC201708,PC201708-4115,4,200 mg/kg PCDRUG,F,200.0,8,14,Days 8-14,Clinical Signs,No Remarkable Findings,
PC201708,PC201708-4115,4,200 mg/kg PCDRUG,F,200.0,15,21,Days 15-21,Clinical Signs,No Remarkable Findings,
PC201708,PC201708-4115,4,200 mg/kg PCDRUG,F,200.0,22,28,Days 22-28,Clinical Signs,No Remarkable Findings,
PC201708,PC201708-4115,4,200 mg/kg PCDRUG,F,200.0,29,35,Days 29-35,Clinical Signs,No Remarkable Findings,
PC201708,PC201708-4115,4,200 mg/kg PCDRUG,F,200.0,36,42,Days 36-42,Clinical Signs,No Remarkable Findings,
PC201708,PC201708-4115,4,200 mg/kg PCDRUG,F,200.0,43,49,Days 43-49,Clinical Signs,No Remarkable Findings,
PC201708,PC201708-4115,4,200 mg/kg PCDRUG,F,200.0,50,56,Days 50-56,Clinical Signs,Red Area,mouth
PC201708,PC201708-4115,4,200 mg/kg PCDRUG,F,200.0,57,63,Days 57-63,Clinical Signs,No Remarkable Findings,
PC201708,PC201708-4115,4,200 mg/kg PCDRUG,F,200.0,64,70,Days 64-70,Clinical Signs,No Remarkable Findings,
PC201708,PC201708-4115,4,200 mg/kg PCDRUG,F,200.0,71,77,Days 71-77,Clinical Signs,No Remarkable Findings,
PC201708,PC201708-4115,4,200 mg/kg PCDRUG,F,200.0,78,84,Days 78-84,Clinical Signs,No Remarkable Findings,
PC201708,PC201708-4115,4,200 mg/kg PCDRUG,F,200.0,85,91,Days 85-91,Clinical Signs,No Remarkable Findings,
PC201708,PC201708-4115,4,200 mg/kg PCDRUG,F,200.0,85,91,Days 85-91,Ophthalmology,No Remarkable Findings,
PC201708,PC201708-4115,4,200 mg/kg PCDRUG,F,200.0,92,98,Days 92-92,Clinical Signs,No Remarkable Findings,
PC201708,PC201708-4115,4,200 mg/kg PCDRUG,F,200.0,99,105,Days 99-99,Clinical Signs,No Remarkable Findings,
PC201708,PC201708-4115,4,200 mg/kg PCDRUG,F,200.0,106,106,Days 106-106,Clinical Signs,No Remarkable Findings,
