study_id,animal_id,group_number,group_name,sex,dose_mgkg_day,tissue,finding,grade,grade_text,distribution,comment
PC201708,PC201708-1001,1,Vehicle Control,M,0.0,"Artery, Aorta",No Remarkable Findings,,,,
PC201708,PC201708-1001,1,Vehicle Control,M,0.0,"Bone Marrow, Femur",Fat Vacuoles,1,Mild,diffuse,
PC201708,PC201708-1001,1,Vehicle Control,M,0.0,"Bone Marrow, Sternum",No Remarkable Findings,,,,
PC201708,PC201708-1001,1,Vehicle Control,M,0.0,"Bone, Sternum",No Remarkable Findings,,,,
PC201708,PC201708-1001,1,Vehicle Control,M,0.0,Brain,No Remarkable Findings,,,,
PC201708,PC201708-1001,1,Vehicle Control,M,0.0,Epididymis,No Remarkable Findings,,,,
PC201708,PC201708-1001,1,Vehicle Control,M,0.0,Esophagus,Inflammation,3,Marked,acute,
PC201708,PC201708-1001,1,Vehicle Control,M,0.0,Eye,No Remarkable Findings,,,,
PC201708,PC201708-1001,1,Vehicle Control,M,0.0,"Gland, Adrenal",No Remarkable Findings,,,,
PC201708,PC201708-1001,1,Vehicle Control,M,0.0,"Gland, Coagulating",No Remarkable Findings,,,,
PC201708,PC201708-1001,1,Vehicle Control,M,0.0,"Gland, Harderian",No Remarkable Findings,,,,
PC201708,PC201708-1001,1,Vehicle Control,M,0.0,"Gland, Mammary",No Remarkable Findings,,,,
PC201708,PC201708-1001,1,Vehicle Control,M,0.0,"Gland, Parathyroid",No Remarkable Findings,,,,
PC201708,PC201708-1001,1,Vehicle Control,M,0.0,"Gland, Pituitary",No Remarkable Findings,,,,
PC201708,PC201708-1001,1,Vehicle Control,M,0.0,"Gland, Prostate",Inflammation,1,Mild,chronic; ventral,
PC201708,PC201708-1001,1,Vehicle Control,M,0.0,"Gland, Salivary, Parotid",No Remarkable Findings,,,,
PC201708,PC201708-1001,1,Vehicle Control,M,0.0,"Gland, Salivary, Sublingual",No Remarkable Findings,,,,
PC201708,PC201708-1001,1,Vehicle Control,M,0.0,"Gland, Salivary, Submandibular",No Remarkable Findings,,,,
PC201708,PC201708-1001,1,Vehicle Control,M,0.0,"Gland, Seminal Vesicle",No Remarkable Findings,,,,
PC201708,PC201708-1001,1,Vehicle Control,M,0.0,"Gland, Thyroid",No Remarkable Findings,,,,
PC201708,PC201708-1001,1,Vehicle Control,M,0.0,Heart,No Remarkable Findings,,,,
PC201708,PC201708-1001,1,Vehicle Control,M,0.0,"Joint, Hip",No Remarkable Findings,,,,
PC201708,PC201708-1001,1,Vehicle Control,M,0.0,Kidney,No Remarkable Findings,,,,
PC201708,PC201708-1001,1,Vehicle Control,M,0.0,"Large Intestine, Cecum",No Remarkable Findings,,,,
PC201708,PC201708-1001,1,Vehicle Control,M,0.0,"Large Intestine, Colon",No Remarkable Findings,,,,
PC201708,PC201708-1001,1,Vehicle Control,M,0.0,"Large Intestine, Rectum",No Remarkable Findings,,,,
PC201708,PC201708-1001,1,Vehicle Control,M,0.0,Larynx,No Remarkable Findings,,,,
PC201708,PC201708-1001,1,Vehicle Control,M,0.0,Liver,No Remarkable Findings,,,,
PC201708,PC201708-1001,1,Vehicle Control,M,0.0,Lung,No Remarkable Findings,,,,
PC201708,PC201708-1001,1,Vehicle Control,M,0.0,"Lymph Node, Mesenteric",No Remarkable Findings,,,,
PC201708,PC201708-1001,1,Vehicle Control,M,0.0,"Lymph Node, Popliteal",No Remarkable Findings,,,,
PC201708,PC201708-1001,1,Vehicle Control,M,0.0,"Muscle, Quadriceps Femoris",No Remarkable Findings,,,,
PC201708,PC201708-1001,1,Vehicle Control,M,0.0,"Nerve, Optic",No Remarkable Findings,,,,
PC201708,PC201708-1001,1,Vehicle Control,M,0.0,"Nerve, Sciatic",No Remarkable Findings,,,,
PC201708,PC201708-1001,1,Vehicle Control,M,0.0,Pancreas,No Remarkable Findings,,,,
PC201708,PC201708-1001,1,Vehicle Control,M,0.0,Peyer'S Patch,No Remarkable Findings,,,,
PC201708,PC201708-1001,1,Vehicle Control,M,0.0,Skin,No Remarkable Findings,,,,
PC201708,PC201708-1001,1,Vehicle Control,M,0.0,"Small Intestine, Duodenum",No Remarkable Findings,,,,
PC201708,PC201708-1001,1,Vehicle Control,M,0.0,"Small Intestine, Ileum",No Remarkable Findings,,,,
PC201708,PC201708-1001,1,Vehicle Control,M,0.0,"Small Intestine, Jejunum",No Remarkable Findings,,,,
PC201708,PC201708-1001,1,Vehicle Control,M,0.0,"Spinal Cord, Cervical",No Remarkable Findings,,,,
PC201708,PC201708-1001,1,Vehicle Control,M,0.0,"Spinal Cord, Lumbar",No Remarkable Findings,,,,
PC201708,PC201708-1001,1,Vehicle Control,M,0.0,"Spinal Cord, Thoracic",No Remarkable Findings,,,,
PC201708,PC201708-1001,1,Vehicle Control,M,0.0,Spleen,No Remarkable Findings,,,,
PC201708,PC201708-1001,1,Vehicle Control,M,0.0,Stomach,No Remarkable Findings,,,,
PC201708,PC201708-1001,1,Vehicle Control,M,0.0,Testis,No Remarkable Findings,,,,
PC201708,PC201708-1001,1,Vehicle Control,M,0.0,Thymus,No Remarkable Findings,,,,
PC201708,PC201708-1001,1,Vehicle Control,M,0.0,Tongue,No Remarkable Findings,,,,
PC201708,PC201708-1001,1,Vehicle Control,M,0.0,Trachea,No Remarkable Findings,,,,
PC201708,PC201708-1001,1,Vehicle Control,M,0.0,Ureter,No Remarkable Findings,,,,
PC201708,PC201708-1001,1,Vehicle Control,M,0.0,Urinary Bladder,Inflammation,1,Mild,chronic; focal/multifocal,
PC201708,PC201708-1002,1,Vehicle Control,M,0.0,"Artery, Aorta",No Remarkable Findings,,,,
PC201708,PC201708-1002,1,Vehicle Control,M,0.0,"Bone Marrow, Femur",Fat Vacuoles,2,Moderate,diffuse,
PC201708,PC201708-1002,1,Vehicle Control,M,0.0,"Bone Marrow, Sternum",No Remarkable Findings,,,,
PC201708,PC201708-1002,1,Vehicle Control,M,0.0,"Bone, Sternum",No Remarkable Findings,,,,
PC201708,PC201708-1002,1,Vehicle Control,M,0.0,Brain,No Remarkable Findings,,,,
PC201708,PC201708-1002,1,Vehicle Control,M,0.0,Epididymis,No Remarkable Findings,,,,
PC201708,PC201708-1002,1,Vehicle Control,M,0.0,Esophagus,No Remarkable Findings,,,,
PC201708,PC201708-1002,1,Vehicle Control,M,0.0,Eye,No Remarkable Findings,,,,
PC201708,PC201708-1002,1,Vehicle Control,M,0.0,"Gland, Adrenal",No Remarkable Findings,,,,
PC201708,PC201708-1002,1,Vehicle Control,M,0.0,"Gland, Coagulating",No Remarkable Findings,,,,
PC201708,PC201708-1002,1,Vehicle Control,M,0.0,"Gland, Harderian",No Remarkable Findings,,,,
PC201708,PC201708-1002,1,Vehicle Control,M,0.0,"Gland, Mammary",No Remarkable Findings,,,,
PC201708,PC201708-1002,1,Vehicle Control,M,0.0,"Gland, Parathyroid",No Remarkable Findings,,,,
PC201708,PC201708-1002,1,Vehicle Control,M,0.0,"Gland, Pituitary",Cyst,1,Mild,focal,
PC201708,PC201708-1002,1,Vehicle Control,M,0.0,"Gland, Prostate",No Remarkable Findings,,,,
PC201708,PC201708-1002,1,Vehicle Control,M,0.0,"Gland, Salivary, Parotid",No Remarkable Findings,,,,
PC201708,PC201708-1002,1,Vehicle Control,M,0.0,"Gland, Salivary, Sublingual",No Remarkable Findings,,,,
PC201708,PC201708-1002,1,Vehicle Control,M,0.0,"Gland, Salivary, Submandibular",No Remarkable Findings,,,,
PC201708,PC201708-1002,1,Vehicle Control,M,0.0,"Gland, Seminal Vesicle",No Remarkable Findings,,,,
PC201708,PC201708-1002,1,Vehicle Control,M,0.0,"Gland, Thyroid",No Remarkable Findings,,,,
PC201708,PC201708-1002,1,Vehicle Control,M,0.0,Heart,No Remarkable Findings,,,,
PC201708,PC201708-1002,1,Vehicle Control,M,0.0,"Joint, Hip",No Remarkable Findings,,,,
PC201708,PC201708-1002,1,Vehicle Control,M,0.0,Kidney,Basophilic Tubules,1,Mild,cortex; focal/multifocal,
PC201708,PC201708-1002,1,Vehicle Control,M,0.0,"Large Intestine, Cecum",No Remarkable Findings,,,,
PC201708,PC201708-1002,1,Vehicle Control,M,0.0,"Large Intestine, Colon",No Remarkable Findings,,,,
PC201708,PC201708-1002,1,Vehicle Control,M,0.0,"Large Intestine, Rectum",No Remarkable Findings,,,,
PC201708,PC201708-1002,1,Vehicle Control,M,0.0,Larynx,No Remarkable Findings,,,,
PC201708,PC201708-1002,1,Vehicle Control,M,0.0,Liver,No Remarkable Findings,,,,
PC201708,PC201708-1002,1,Vehicle Control,M,0.0,Liver,No Remarkable Findings,,,,
PC201708,PC201708-1002,1,Vehicle Control,M,0.0,Lung,No Remarkable Findings,,,,
PC201708,PC201708-1002,1,Vehicle Control,M,0.0,"Lymph Node, Mesenteric",No Remarkable Findings,,,,
PC201708,PC201708-1002,1,Vehicle Control,M,0.0,"Lymph Node, Popliteal",No Remarkable Findings,,,,
PC201708,PC201708-1002,1,Vehicle Control,M,0.0,"Muscle, Quadriceps Femoris",No Remarkable Findings,,,,
PC201708,PC201708-1002,1,Vehicle Control,M,0.0,"Nerve, Optic",No Remarkable Findings,,,,
PC201708,PC201708-1002,1,Vehicle Control,M,0.0,"Nerve, Sciatic",No Remarkable Findings,,,,
PC201708,PC201708-1002,1,Vehicle Control,M,0.0,Pancreas,No Remarkable Findings,,,,
PC201708,PC201708-1002,1,Vehicle Control,M,0.0,Peyer'S Patch,No Remarkable Findings,,,,
PC201708,PC201708-1002,1,Vehicle Control,M,0.0,Skin,No Remarkable Findings,,,,
PC201708,PC201708-1002,1,Vehicle Control,M,0.0,"Small Intestine, Duodenum",No Remarkable Findings,,,,
PC201708,PC201708-1002,1,Vehicle Control,M,0.0,"Small Intestine, Ileum",No Remarkable Findings,,,,
PC201708,PC201708-1002,1,Vehicle Control,M,0.0,"Small Intestine, Jejunum",No Remarkable Findings,,,,
PC201708,PC201708-1002,1,Vehicle Control,M,0.0,"Spinal Cord, Cervical",No Remarkable Findings,,,,
PC201708,PC201708-1002,1,Vehicle Control,M,0.0,"Spinal Cord, Lumbar",No Remarkable Findings,,,,
PC201708,PC201708-1002,1,Vehicle Control,M,0.0,"Spinal Cord, Thoracic",No Remarkable Findings,,,,
PC201708,PC201708-1002,1,Vehicle Control,M,0.0,Spleen,No Remarkable Findings,,,,
PC201708,PC201708-1002,1,Vehicle Control,M,0.0,Stomach,No Remarkable Findings,,,,
PC201708,PC201708-1002,1,Vehicle Control,M,0.0,Testis,No Remarkable Findings,,,,
PC201708,PC201708-1002,1,Vehicle Control,M,0.0,Thymus,No Remarkable Findings,,,,
PC201708,PC201708-1002,1,Vehicle Control,M,0.0,Tongue,No Remarkable Findings,,,,
PC201708,PC201708-1002,1,Vehicle Control,M,0.0,Trachea,No Remarkable Findings,,,,
PC201708,PC201708-1002,1,Vehicle Control,M,0.0,Ureter,No Remarkable Findings,,,,
PC201708,PC201708-1002,1,Vehicle Control,M,0.0,Urinary Bladder,No Remarkable Findings,,,,
PC201708,PC201708-1003,1,Vehicle Control,M,0.0,"Artery, Aorta",No Remarkable Findings,,,,
PC201708,PC201708-1003,1,Vehicle Control,M,0.0,"Bone Marrow, Femur",Fat Vacuoles,1,Mild,diffuse,
PC201708,PC201708-1003,1,Vehicle Control,M,0.0,"Bone Marrow, Sternum",No Remarkable Findings,,,,
PC201708,PC201708-1003,1,Vehicle Control,M,0.0,"Bone, Sternum",No Remarkable Findings,,,,
PC201708,PC201708-1003,1,Vehicle Control,M,0.0,Brain,No Remarkable Findings,,,,
PC201708,PC201708-1003,1,Vehicle Control,M,0.0,Epididymis,No Remarkable Findings,,,,
PC201708,PC201708-1003,1,Vehicle Control,M,0.0,Esophagus,No Remarkable Findings,,,,
PC201708,PC201708-1003,1,Vehicle Control,M,0.0,Eye,No Remarkable Findings,,,,
PC201708,PC201708-1003,1,Vehicle Control,M,0.0,"Gland, Adrenal",No Remarkable Findings,,,,
PC201708,PC201708-1003,1,Vehicle Control,M,0.0,"Gland, Coagulating",No Remarkable Findings,,,,
PC201708,PC201708-1003,1,Vehicle Control,M,0.0,"Gland, Harderian",No Remarkable Findings,,,,
PC201708,PC201708-1003,1,Vehicle Control,M,0.0,"Gland, Mammary",No Remarkable Findings,,,,
PC201708,PC201708-1003,1,Vehicle Control,M,0.0,"Gland, Parathyroid",No Remarkable Findings,,,,
PC201708,PC201708-1003,1,Vehicle Control,M,0.0,"Gland, Pituitary",No Remarkable Findings,,,,
PC201708,PC201708-1003,1,Vehicle Control,M,0.0,"Gland, Prostate",Inflammation,2,Moderate,chronic; dorsolateral,
PC201708,PC201708-1003,1,Vehicle Control,M,0.0,"Gland, Salivary, Parotid",No Remarkable Findings,,,,
PC201708,PC201708-1003,1,Vehicle Control,M,0.0,"Gland, Salivary, Sublingual",No Remarkable Findings,,,,
PC201708,PC201708-1003,1,Vehicle Control,M,0.0,"Gland, Salivary, Submandibular",No Remarkable Findings,,,,
PC201708,PC201708-1003,1,Vehicle Control,M,0.0,"Gland, Seminal Vesicle",No Remarkable Findings,,,,
PC201708,PC201708-1003,1,Vehicle Control,M,0.0,"Gland, Thyroid",No Remarkable Findings,,,,
PC201708,PC201708-1003,1,Vehicle Control,M,0.0,Heart,No Remarkable Findings,,,,
PC201708,PC201708-1003,1,Vehicle Control,M,0.0,"Joint, Hip",No Remarkable Findings,,,,
PC201708,PC201708-1003,1,Vehicle Control,M,0.0,Kidney,No Remarkable Findings,,,,
PC201708,PC201708-1003,1,Vehicle Control,M,0.0,"Large Intestine, Cecum",No Remarkable Findings,,,,
PC201708,PC201708-1003,1,Vehicle Control,M,0.0,"Large Intestine, Colon",No Remarkable Findings,,,,
PC201708,PC201708-1003,1,Vehicle Control,M,0.0,"Large Intestine, Rectum",No Remarkable Findings,,,,
PC201708,PC201708-1003,1,Vehicle Control,M,0.0,Larynx,No Remarkable Findings,,,,
PC201708,PC201708-1003,1,Vehicle Control,M,0.0,Liver,No Remarkable Findings,,,,
PC201708,PC201708-1003,1,Vehicle Control,M,0.0,Lung,No Remarkable Findings,,,,
PC201708,PC201708-1003,1,Vehicle Control,M,0.0,Lung,No Remarkable Findings,,,,
PC201708,PC201708-1003,1,Vehicle Control,M,0.0,Lung,No Remarkable Findings,,,,
PC201708,PC201708-1003,1,Vehicle Control,M,0.0,"Lymph Node, Mesenteric",No Remarkable Findings,,,,
PC201708,PC201708-1003,1,Vehicle Control,M,0.0,"Lymph Node, Popliteal",No Remarkable Findings,,,,
PC201708,PC201708-1003,1,Vehicle Control,M,0.0,"Muscle, Quadriceps Femoris",No Remarkable Findings,,,,
PC201708,PC201708-1003,1,Vehicle Control,M,0.0,"Nerve, Optic",No Remarkable Findings,,,,
PC201708,PC201708-1003,1,Vehicle Control,M,0.0,"Nerve, Sciatic",No Remarkable Findings,,,,
PC201708,PC201708-1003,1,Vehicle Control,M,0.0,Pancreas,No Remarkable Findings,,,,
PC201708,PC201708-1003,1,Vehicle Control,M,0.0,Peyer'S Patch,No Remarkable Findings,,,,
PC201708,PC201708-1003,1,Vehicle Control,M,0.0,Skin,No Remarkable Findings,,,,
PC201708,PC201708-1003,1,Vehicle Control,M,0.0,"Small Intestine, Duodenum",No Remarkable Findings,,,,
PC201708,PC201708-1003,1,Vehicle Control,M,0.0,"Small Intestine, Ileum",No Remarkable Findings,,,,
PC201708,PC201708-1003,1,Vehicle Control,M,0.0,"Small Intestine, Jejunum",No Remarkable Findings,,,,
PC201708,PC201708-1003,1,Vehicle Control,M,0.0,"Spinal Cord, Cervical",No Remarkable Findings,,,,
PC201708,PC201708-1003,1,Vehicle Control,M,0.0,"Spinal Cord, Lumbar",No Remarkable Findings,,,,
PC201708,PC201708-1003,1,Vehicle Control,M,0.0,"Spinal Cord, Thoracic",No Remarkable Findings,,,,
PC201708,PC201708-1003,1,Vehicle Control,M,0.0,Spleen,Congestion,1,Mild,red pulp; diffuse,
PC201708,PC201708-1003,1,Vehicle Control,M,0.0,Stomach,No Remarkable Findings,,,,
PC201708,PC201708-1003,1,Vehicle Control,M,0.0,Testis,No Remarkable Findings,,,,
PC201708,PC201708-1003,1,Vehicle Control,M,0.0,Thymus,No Remarkable Findings,,,,
PC201708,PC201708-1003,1,Vehicle Control,M,0.0,Tongue,No Remarkable Findings,,,,
PC201708,PC201708-1003,1,Vehicle Control,M,0.0,Trachea,No Remarkable Findings,,,,
PC201708,PC201708-1003,1,Vehicle Control,M,0.0,Ureter,No Remarkable Findings,,,,
PC201708,PC201708-1003,1,Vehicle Control,M,0.0,Urinary Bladder,No Remarkable Findings,,,,
PC201708,PC201708-1004,1,Vehicle Control,M,0.0,"Artery, Aorta",No Remarkable Findings,,,,
PC201708,PC201708-1004,1,Vehicle Control,M,0.0,"Bone Marrow, Femur",Fat Vacuoles,1,Mild,diffuse,
PC201708,PC201708-1004,1,Vehicle Control,M,0.0,"Bone Marrow, Sternum",No Remarkable Findings,,,,
PC201708,PC201708-1004,1,Vehicle Control,M,0.0,"Bone, Sternum",No Remarkable Findings,,,,
PC201708,PC201708-1004,1,Vehicle Control,M,0.0,Brain,No Remarkable Findings,,,,
PC201708,PC201708-1004,1,Vehicle Control,M,0.0,Epididymis,No Remarkable Findings,,,,
PC201708,PC201708-1004,1,Vehicle Control,M,0.0,Esophagus,No Remarkable Findings,,,,
PC201708,PC201708-1004,1,Vehicle Control,M,0.0,Eye,Retinal Fold(S),1,Mild,,
PC201708,PC201708-1004,1,Vehicle Control,M,0.0,"Gland, Adrenal",No Remarkable Findings,,,,
PC201708,PC201708-1004,1,Vehicle Control,M,0.0,"Gland, Coagulating",No Remarkable Findings,,,,
PC201708,PC201708-1004,1,Vehicle Control,M,0.0,"Gland, Harderian",No Remarkable Findings,,,,
PC201708,PC201708-1004,1,Vehicle Control,M,0.0,"Gland, Mammary",No Remarkable Findings,,,,
PC201708,PC201708-1004,1,Vehicle Control,M,0.0,"Gland, Parathyroid",No Remarkable Findings,,,,
PC201708,PC201708-1004,1,Vehicle Control,M,0.0,"Gland, Pituitary",No Remarkable Findings,,,,
PC201708,PC201708-1004,1,Vehicle Control,M,0.0,"Gland, Prostate",No Remarkable Findings,,,,
PC201708,PC201708-1004,1,Vehicle Control,M,0.0,"Gland, Salivary, Parotid",No Remarkable Findings,,,,
PC201708,PC201708-1004,1,Vehicle Control,M,0.0,"Gland, Salivary, Sublingual",No Remarkable Findings,,,,
PC201708,PC201708-1004,1,Vehicle Control,M,0.0,"Gland, Salivary, Submandibular",No Remarkable Findings,,,,
PC201708,PC201708-1004,1,Vehicle Control,M,0.0,"Gland, Seminal Vesicle",No Remarkable Findings,,,,
PC201708,PC201708-1004,1,Vehicle Control,M,0.0,"Gland, Thyroid",No Remarkable Findings,,,,
PC201708,PC201708-1004,1,Vehicle Control,M,0.0,Heart,No Remarkable Findings,,,,
PC201708,PC201708-1004,1,Vehicle Control,M,0.0,"Joint, Hip",No Remarkable Findings,,,,
PC201708,PC201708-1004,1,Vehicle Control,M,0.0,Kidney,Basophilic Tubules,1,Mild,cortex; focal/multifocal,
PC201708,PC201708-1004,1,Vehicle Control,M,0.0,Kidney,Cyst,1,Mild,medulla,
PC201708,PC201708-1004,1,Vehicle Control,M,0.0,Kidney,Inflammation,1,Mild,chronic; cortex; focal/multifocal,
PC201708,PC201708-1004,1,Vehicle Control,M,0.0,"Large Intestine, Cecum",No Remarkable Findings,,,,
PC201708,PC201708-1004,1,Vehicle Control,M,0.0,"Large Intestine, Colon",No Remarkable Findings,,,,
PC201708,PC201708-1004,1,Vehicle Control,M,0.0,"Large Intestine, Rectum",No Remarkable Findings,,,,
PC201708,PC201708-1004,1,Vehicle Control,M,0.0,Larynx,No Remarkable Findings,,,,
PC201708,PC201708-1004,1,Vehicle Control,M,0.0,Liver,No Remarkable Findings,,,,
PC201708,PC201708-1004,1,Vehicle Control,M,0.0,Lung,No Remarkable Findings,,,,
PC201708,PC201708-1004,1,Vehicle Control,M,0.0,"Lymph Node, Mesenteric",No Remarkable Findings,,,,
PC201708,PC201708-1004,1,Vehicle Control,M,0.0,"Lymph Node, Popliteal",No Remarkable Findings,,,,
PC201708,PC201708-1004,1,Vehicle Control,M,0.0,"Muscle, Quadriceps Femoris",No Remarkable Findings,,,,
PC201708,PC201708-1004,1,Vehicle Control,M,0.0,"Nerve, Optic",No Remarkable Findings,,,,
PC201708,PC201708-1004,1,Vehicle Control,M,0.0,"Nerve, Sciatic",No Remarkable Findings,,,,
PC201708,PC201708-1004,1,Vehicle Control,M,0.0,Pancreas,No Remarkable Findings,,,,
PC201708,PC201708-1004,1,Vehicle Control,M,0.0,Peyer'S Patch,No Remarkable Findings,,,,
PC201708,PC201708-1004,1,Vehicle Control,M,0.0,Skin,No Remarkable Findings,,,,
PC201708,PC201708-1004,1,Vehicle Control,M,0.0,"Small Intestine, Duodenum",No Remarkable Findings,,,,
PC201708,PC201708-1004,1,Vehicle Control,M,0.0,"Small Intestine, Ileum",No Remarkable Findings,,,,
PC201708,PC201708-1004,1,Vehicle Control,M,0.0,"Small Intestine, Jejunum",No Remarkable Findings,,,,
PC201708,PC201708-1004,1,Vehicle Control,M,0.0,"Spinal Cord, Cervical",No Remarkable Findings,,,,
PC201708,PC201708-1004,1,Vehicle Control,M,0.0,"Spinal Cord, Lumbar",No Remarkable Findings,,,,
PC201708,PC201708-1004,1,Vehicle Control,M,0.0,"Spinal Cord, Thoracic",No Remarkable Findings,,,,
PC201708,PC201708-1004,1,Vehicle Control,M,0.0,Spleen,No Remarkable Findings,,,,
PC201708,PC201708-1004,1,Vehicle Control,M,0.0,Stomach,No Remarkable Findings,,,,
PC201708,PC201708-1004,1,Vehicle Control,M,0.0,Testis,No Remarkable Findings,,,,
PC201708,PC201708-1004,1,Vehicle Control,M,0.0,Thymus,No Remarkable Findings,,,,
PC201708,PC201708-1004,1,Vehicle Control,M,0.0,Tongue,No Remarkable Findings,,,,
PC201708,PC201708-1004,1,Vehicle Control,M,0.0,Trachea,No Remarkable Findings,,,,
PC201708,PC201708-1004,1,Vehicle Control,M,0.0,Ureter,No Remarkable Findings,,,,
PC201708,PC201708-1004,1,Vehicle Control,M,0.0,Urinary Bladder,No Remarkable Findings,,,,
PC201708,PC201708-1005,1,Vehicle Control,M,0.0,"Artery, Aorta",No Remarkable Findings,,,,
PC201708,PC201708-1005,1,Vehicle Control,M,0.0,"Bone Marrow, Femur",Fat Vacuoles,2,Moderate,diffuse,
PC201708,PC201708-1005,1,Vehicle Control,M,0.0,"Bone Marrow, Sternum",No Remarkable Findings,,,,
PC201708,PC201708-1005,1,Vehicle Control,M,0.0,"Bone, Sternum",No Remarkable Findings,,,,
PC201708,PC201708-1005,1,Vehicle Control,M,0.0,Brain,No Remarkable Findings,,,,
PC201708,PC201708-1005,1,Vehicle Control,M,0.0,Epididymis,No Remarkable Findings,,,,
PC201708,PC201708-1005,1,Vehicle Control,M,0.0,Esophagus,No Remarkable Findings,,,,
PC201708,PC201708-1005,1,Vehicle Control,M,0.0,Eye,No Remarkable Findings,,,,
PC201708,PC201708-1005,1,Vehicle Control,M,0.0,"Gland, Adrenal",No Remarkable Findings,,,,
PC201708,PC201708-1005,1,Vehicle Control,M,0.0,"Gland, Coagulating",No Remarkable Findings,,,,
PC201708,PC201708-1005,1,Vehicle Control,M,0.0,"Gland, Harderian",No Remarkable Findings,,,,
PC201708,PC201708-1005,1,Vehicle Control,M,0.0,"Gland, Mammary",No Remarkable Findings,,,,
PC201708,PC201708-1005,1,Vehicle Control,M,0.0,"Gland, Parathyroid",No Remarkable Findings,,,,
PC201708,PC201708-1005,1,Vehicle Control,M,0.0,"Gland, Pituitary",No Remarkable Findings,,,,
PC201708,PC201708-1005,1,Vehicle Control,M,0.0,"Gland, Prostate",No Remarkable Findings,,,,
PC201708,PC201708-1005,1,Vehicle Control,M,0.0,"Gland, Salivary, Parotid",No Remarkable Findings,,,,
PC201708,PC201708-1005,1,Vehicle Control,M,0.0,"Gland, Salivary, Sublingual",No Remarkable Findings,,,,
PC201708,PC201708-1005,1,Vehicle Control,M,0.0,"Gland, Salivary, Submandibular",No Remarkable Findings,,,,
PC201708,PC201708-1005,1,Vehicle Control,M,0.0,"Gland, Seminal Vesicle",No Remarkable Findings,,,,
PC201708,PC201708-1005,1,Vehicle Control,M,0.0,"Gland, Thyroid",No Remarkable Findings,,,,
PC201708,PC201708-1005,1,Vehicle Control,M,0.0,Heart,No Remarkable Findings,,,,
PC201708,PC201708-1005,1,Vehicle Control,M,0.0,"Joint, Hip",No Remarkable Findings,,,,
PC201708,PC201708-1005,1,Vehicle Control,M,0.0,Kidney,Basophilic Tubules,1,Mild,cortex; focal/multifocal,
PC201708,PC201708-1005,1,Vehicle Control,M,0.0,"Large Intestine, Cecum",No Remarkable Findings,,,,
PC201708,PC201708-1005,1,Vehicle Control,M,0.0,"Large Intestine, Colon",No Remarkable Findings,,,,
PC201708,PC201708-1005,1,Vehicle Control,M,0.0,"Large Intestine, Rectum",No Remarkable Findings,,,,
PC201708,PC201708-1005,1,Vehicle Control,M,0.0,Larynx,No Remarkable Findings,,,,
PC201708,PC201708-1005,1,Vehicle Control,M,0.0,Liver,No Remarkable Findings,,,,
PC201708,PC201708-1005,1,Vehicle Control,M,0.0,Lung,Infiltration Granulocytic,1,Mild,perivascular; focal,
PC201708,PC201708-1005,1,Vehicle Control,M,0.0,"Lymph Node, Mesenteric",No Remarkable Findings,,,,
PC201708,PC201708-1005,1,Vehicle Control,M,0.0,"Lymph Node, Popliteal",No Remarkable Findings,,,,
PC201708,PC201708-1005,1,Vehicle Control,M,0.0,"Muscle, Quadriceps Femoris",No Remarkable Findings,,,,
PC201708,PC201708-1005,1,Vehicle Control,M,0.0,"Nerve, Optic",No Remarkable Findings,,,,
PC201708,PC201708-1005,1,Vehicle Control,M,0.0,"Nerve, Sciatic",No Remarkable Findings,,,,
PC201708,PC201708-1005,1,Vehicle Control,M,0.0,Pancreas,No Remarkable Findings,,,,
PC201708,PC201708-1005,1,Vehicle Control,M,0.0,Peyer'S Patch,No Remarkable Findings,,,,
PC201708,PC201708-1005,1,Vehicle Control,M,0.0,Skin,No Remarkable Findings,,,,
PC201708,PC201708-1005,1,Vehicle Control,M,0.0,"Small Intestine, Duodenum",No Remarkable Findings,,,,
PC201708,PC201708-1005,1,Vehicle Control,M,0.0,"Small Intestine, Ileum",No Remarkable Findings,,,,
PC201708,PC201708-1005,1,Vehicle Control,M,0.0,"Small Intestine, Jejunum",No Remarkable Findings,,,,
PC201708,PC201708-1005,1,Vehicle Control,M,0.0,"Spinal Cord, Cervical",No Remarkable Findings,,,,
PC201708,PC201708-1005,1,Vehicle Control,M,0.0,"Spinal Cord, Lumbar",No Remarkable Findings,,,,
PC201708,PC201708-1005,1,Vehicle Control,M,0.0,"Spinal Cord, Thoracic",No Remarkable Findings,,,,
PC201708,PC201708-1005,1,Vehicle Control,M,0.0,Spleen,No Remarkable Findings,,,,
PC201708,PC201708-1005,1,Vehicle Control,M,0.0,Stomach,No Remarkable Findings,,,,
PC201708,PC201708-1005,1,Vehicle Control,M,0.0,Testis,No Remarkable Findings,,,,
PC201708,PC201708-1005,1,Vehicle Control,M,0.0,Thymus,No Remarkable Findings,,,,
PC201708,PC201708-1005,1,Vehicle Control,M,0.0,Tongue,No Remarkable Findings,,,,
PC201708,PC201708-1005,1,Vehicle Control,M,0.0,Trachea,No Remarkable Findings,,,,
PC201708,PC201708-1005,1,Vehicle Control,M,0.0,Ureter,No Remarkable Findings,,,,
PC201708,PC201708-1005,1,Vehicle Control,M,0.0,Urinary Bladder,No Remarkable Findings,,,,
PC201708,PC201708-1006,1,Vehicle Control,M,0.0,"Artery, Aorta",No Remarkable Findings,,,,
PC201708,PC201708-1006,1,Vehicle Control,M,0.0,"Bone Marrow, Femur",Fat Vacuoles,2,Moderate,diffuse,
PC201708,PC201708-1006,1,Vehicle Control,M,0.0,"Bone Marrow, Sternum",No Remarkable Findings,,,,
PC201708,PC201708-1006,1,Vehicle Control,M,0.0,"Bone, Sternum",No Remarkable Findings,,,,
PC201708,PC201708-1006,1,Vehicle Control,M,0.0,Brain,No Remarkable Findings,,,,
PC201708,PC201708-1006,1,Vehicle Control,M,0.0,Epididymis,No Remarkable Findings,,,,
PC201708,PC201708-1006,1,Vehicle Control,M,0.0,Esophagus,No Remarkable Findings,,,,
PC201708,PC201708-1006,1,Vehicle Control,M,0.0,Eye,No Remarkable Findings,,,,
PC201708,PC201708-1006,1,Vehicle Control,M,0.0,"Gland, Adrenal",Vacuolization,1,Mild,,
PC201708,PC201708-1006,1,Vehicle Control,M,0.0,"Gland, Coagulating",No Remarkable Findings,,,,
PC201708,PC201708-1006,1,Vehicle Control,M,0.0,"Gland, Harderian",No Remarkable Findings,,,,
PC201708,PC201708-1006,1,Vehicle Control,M,0.0,"Gland, Mammary",No Remarkable Findings,,,,
PC201708,PC201708-1006,1,Vehicle Control,M,0.0,"Gland, Parathyroid",No Remarkable Findings,,,,
PC201708,PC201708-1006,1,Vehicle Control,M,0.0,"Gland, Pituitary",No Remarkable Findings,,,,
PC201708,PC201708-1006,1,Vehicle Control,M,0.0,"Gland, Prostate",Inflammation,2,Moderate,chronic; ventral,
PC201708,PC201708-1006,1,Vehicle Control,M,0.0,"Gland, Salivary, Parotid",No Remarkable Findings,,,,
PC201708,PC201708-1006,1,Vehicle Control,M,0.0,"Gland, Salivary, Sublingual",No Remarkable Findings,,,,
PC201708,PC201708-1006,1,Vehicle Control,M,0.0,"Gland, Salivary, Submandibular",No Remarkable Findings,,,,
PC201708,PC201708-1006,1,Vehicle Control,M,0.0,"Gland, Seminal Vesicle",No Remarkable Findings,,,,
PC201708,PC201708-1006,1,Vehicle Control,M,0.0,"Gland, Thyroid",No Remarkable Findings,,,,
PC201708,PC201708-1006,1,Vehicle Control,M,0.0,Heart,No Remarkable Findings,,,,
PC201708,PC201708-1006,1,Vehicle Control,M,0.0,"Joint, Hip",No Remarkable Findings,,,,
PC201708,PC201708-1006,1,Vehicle Control,M,0.0,Kidney,Basophilic Tubules,1,Mild,cortex; focal/multifocal,
PC201708,PC201708-1006,1,Vehicle Control,M,0.0,"Large Intestine, Cecum",No Remarkable Findings,,,,
PC201708,PC201708-1006,1,Vehicle Control,M,0.0,"Large Intestine, Colon",No Remarkable Findings,,,,
PC201708,PC201708-1006,1,Vehicle Control,M,0.0,"Large Intestine, Rectum",No Remarkable Findings,,,,
PC201708,PC201708-1006,1,Vehicle Control,M,0.0,Larynx,No Remarkable Findings,,,,
PC201708,PC201708-1006,1,Vehicle Control,M,0.0,Liver,No Remarkable Findings,,,,
PC201708,PC201708-1006,1,Vehicle Control,M,0.0,Lung,No Remarkable Findings,,,,
PC201708,PC201708-1006,1,Vehicle Control,M,0.0,"Lymph Node, Mesenteric",No Remarkable Findings,,,,
PC201708,PC201708-1006,1,Vehicle Control,M,0.0,"Lymph Node, Popliteal",No Remarkable Findings,,,,
PC201708,PC201708-1006,1,Vehicle Control,M,0.0,"Muscle, Quadriceps Femoris",No Remarkable Findings,,,,
PC201708,PC201708-1006,1,Vehicle Control,M,0.0,"Nerve, Optic",No Remarkable Findings,,,,
PC201708,PC201708-1006,1,Vehicle Control,M,0.0,"Nerve, Sciatic",No Remarkable Findings,,,,
PC201708,PC201708-1006,1,Vehicle Control,M,0.0,Pancreas,No Remarkable Findings,,,,
PC201708,PC201708-1006,1,Vehicle Control,M,0.0,Peyer'S Patch,No Remarkable Findings,,,,
PC201708,PC201708-1006,1,Vehicle Control,M,0.0,Skin,No Remarkable Findings,,,,
PC201708,PC201708-1006,1,Vehicle Control,M,0.0,"Small Intestine, Duodenum",No Remarkable Findings,,,,
PC201708,PC201708-1006,1,Vehicle Control,M,0.0,"Small Intestine, Ileum",No Remarkable Findings,,,,
PC201708,PC201708-1006,1,Vehicle Control,M,0.0,"Small Intestine, Jejunum",No Remarkable Findings,,,,
PC201708,PC201708-1006,1,Vehicle Control,M,0.0,"Spinal Cord, Cervical",No Remarkable Findings,,,,
PC201708,PC201708-1006,1,Vehicle Control,M,0.0,"Spinal Cord, Lumbar",No Remarkable Findings,,,,
PC201708,PC201708-1006,1,Vehicle Control,M,0.0,"Spinal Cord, Thoracic",No Remarkable Findings,,,,
PC201708,PC201708-1006,1,Vehicle Control,M,0.0,Spleen,No Remarkable Findings,,,,
PC201708,PC201708-1006,1,Vehicle Control,M,0.0,Stomach,No Remarkable Findings,,,,
PC201708,PC201708-1006,1,Vehicle Control,M,0.0,Testis,No Remarkable Findings,,,,
PC201708,PC201708-1006,1,Vehicle Control,M,0.0,Thymus,No Remarkable Findings,,,,
PC201708,PC201708-1006,1,Vehicle Control,M,0.0,Tongue,No Remarkable Findings,,,,
PC201708,PC201708-1006,1,Vehicle Control,M,0.0,Trachea,No Remarkable Findings,,,,
PC201708,PC201708-1006,1,Vehicle Control,M,0.0,Ureter,No Remarkable Findings,,,,
PC201708,PC201708-1006,1,Vehicle Control,M,0.0,Urinary Bladder,No Remarkable Findings,,,,
PC201708,PC201708-1007,1,Vehicle Control,M,0.0,"Artery, Aorta",No Remarkable Findings,,,,
PC201708,PC201708-1007,1,Vehicle Control,M,0.0,"Bone Marrow, Femur",Fat Vacuoles,1,Mild,diffuse,
PC201708,PC201708-1007,1,Vehicle Control,M,0.0,"Bone Marrow, Sternum",No Remarkable Findings,,,,
PC201708,PC201708-1007,1,Vehicle Control,M,0.0,"Bone, Sternum",No Remarkable Findings,,,,
PC201708,PC201708-1007,1,Vehicle Control,M,0.0,Brain,No Remarkable Findings,,,,
PC201708,PC201708-1007,1,Vehicle Control,M,0.0,Epididymis,No Remarkable Findings,,,,
PC201708,PC201708-1007,1,Vehicle Control,M,0.0,Esophagus,No Remarkable Findings,,,,
PC201708,PC201708-1007,1,Vehicle Control,M,0.0,Eye,No Remarkable Findings,,,,
PC201708,PC201708-1007,1,Vehicle Control,M,0.0,"Gland, Adrenal",No Remarkable Findings,,,,
PC201708,PC201708-1007,1,Vehicle Control,M,0.0,"Gland, Coagulating",No Remarkable Findings,,,,
PC201708,PC201708-1007,1,Vehicle Control,M,0.0,"Gland, Harderian",No Remarkable Findings,,,,
PC201708,PC201708-1007,1,Vehicle Control,M,0.0,"Gland, Mammary",No Remarkable Findings,,,,
PC201708,PC201708-1007,1,Vehicle Control,M,0.0,"Gland, Parathyroid",No Remarkable Findings,,,,
PC201708,PC201708-1007,1,Vehicle Control,M,0.0,"Gland, Pituitary",No Remarkable Findings,,,,
PC201708,PC201708-1007,1,Vehicle Control,M,0.0,"Gland, Prostate",Inflammation,1,Mild,chronic; ventral; focal,
PC201708,PC201708-1007,1,Vehicle Control,M,0.0,"Gland, Prostate",Inflammation,1,Mild,acute; dorsolateral; focal,
PC201708,PC201708-1007,1,Vehicle Control,M,0.0,"Gland, Salivary, Parotid",No Remarkable Findings,,,,
PC201708,PC201708-1007,1,Vehicle Control,M,0.0,"Gland, Salivary, Sublingual",No Remarkable Findings,,,,
PC201708,PC201708-1007,1,Vehicle Control,M,0.0,"Gland, Salivary, Submandibular",No Remarkable Findings,,,,
PC201708,PC201708-1007,1,Vehicle Control,M,0.0,"Gland, Seminal Vesicle",No Remarkable Findings,,,,
PC201708,PC201708-1007,1,Vehicle Control,M,0.0,"Gland, Thyroid",No Remarkable Findings,,,,
PC201708,PC201708-1007,1,Vehicle Control,M,0.0,Heart,No Remarkable Findings,,,,
PC201708,PC201708-1007,1,Vehicle Control,M,0.0,"Joint, Hip",No Remarkable Findings,,,,
PC201708,PC201708-1007,1,Vehicle Control,M,0.0,Kidney,Basophilic Tubules,1,Mild,cortex; focal/multifocal,
PC201708,PC201708-1007,1,Vehicle Control,M,0.0,"Large Intestine, Cecum",No Remarkable Findings,,,,
PC201708,PC201708-1007,1,Vehicle Control,M,0.0,"Large Intestine, Colon",No Remarkable Findings,,,,
PC201708,PC201708-1007,1,Vehicle Control,M,0.0,"Large Intestine, Rectum",No Remarkable Findings,,,,
PC201708,PC201708-1007,1,Vehicle Control,M,0.0,Larynx,No Remarkable Findings,,,,
PC201708,PC201708-1007,1,Vehicle Control,M,0.0,Liver,No Remarkable Findings,,,,
PC201708,PC201708-1007,1,Vehicle Control,M,0.0,Lung,Infiltration Granulocytic,1,Mild,perivascular; focal,
PC201708,PC201708-1007,1,Vehicle Control,M,0.0,"Lymph Node, Mesenteric",No Remarkable Findings,,,,
PC201708,PC201708-1007,1,Vehicle Control,M,0.0,"Lymph Node, Popliteal",No Remarkable Findings,,,,
PC201708,PC201708-1007,1,Vehicle Control,M,0.0,"Muscle, Quadriceps Femoris",No Remarkable Findings,,,,
PC201708,PC201708-1007,1,Vehicle Control,M,0.0,"Nerve, Optic",No Remarkable Findings,,,,
PC201708,PC201708-1007,1,Vehicle Control,M,0.0,"Nerve, Sciatic",No Remarkable Findings,,,,
PC201708,PC201708-1007,1,Vehicle Control,M,0.0,Pancreas,No Remarkable Findings,,,,
PC201708,PC201708-1007,1,Vehicle Control,M,0.0,Peyer'S Patch,No Remarkable Findings,,,,
PC201708,PC201708-1007,1,Vehicle Control,M,0.0,Skin,No Remarkable Findings,,,,
PC201708,PC201708-1007,1,Vehicle Control,M,0.0,"Small Intestine, Duodenum",No Remarkable Findings,,,,
PC201708,PC201708-1007,1,Vehicle Control,M,0.0,"Small Intestine, Ileum",No Remarkable Findings,,,,
PC201708,PC201708-1007,1,Vehicle Control,M,0.0,"Small Intestine, Jejunum",No Remarkable Findings,,,,
PC201708,PC201708-1007,1,Vehicle Control,M,0.0,"Spinal Cord, Cervical",No Remarkable Findings,,,,
PC201708,PC201708-1007,1,Vehicle Control,M,0.0,"Spinal Cord, Lumbar",No Remarkable Findings,,,,
PC201708,PC201708-1007,1,Vehicle Control,M,0.0,"Spinal Cord, Thoracic",No Remarkable Findings,,,,
PC201708,PC201708-1007,1,Vehicle Control,M,0.0,Spleen,Congestion,1,Mild,red pulp; diffuse,
PC201708,PC201708-1007,1,Vehicle Control,M,0.0,Stomach,No Remarkable Findings,,,,
PC201708,PC201708-1007,1,Vehicle Control,M,0.0,Testis,No Remarkable Findings,,,,
PC201708,PC201708-1007,1,Vehicle Control,M,0.0,Thymus,No Remarkable Findings,,,,
PC201708,PC201708-1007,1,Vehicle Control,M,0.0,Tongue,No Remarkable Findings,,,,
PC201708,PC201708-1007,1,Vehicle Control,M,0.0,Trachea,No Remarkable Findings,,,,
PC201708,PC201708-1007,1,Vehicle Control,M,0.0,Ureter,No Remarkable Findings,,,,
PC201708,PC201708-1007,1,Vehicle Control,M,0.0,Urinary Bladder,No Remarkable Findings,,,,
PC201708,PC201708-1008,1,Vehicle Control,M,0.0,"Artery, Aorta",No Remarkable Findings,,,,
PC201708,PC201708-1008,1,Vehicle Control,M,0.0,"Bone Marrow, Femur",Fat Vacuoles,1,Mild,diffuse,
PC201708,PC201708-1008,1,Vehicle Control,M,0.0,"Bone Marrow, Sternum",No Remarkable Findings,,,,
PC201708,PC201708-1008,1,Vehicle Control,M,0.0,"Bone, Sternum",No Remarkable Findings,,,,
PC201708,PC201708-1008,1,Vehicle Control,M,0.0,Brain,No Remarkable Findings,,,,
PC201708,PC201708-1008,1,Vehicle Control,M,0.0,Epididymis,No Remarkable Findings,,,,
PC201708,PC201708-1008,1,Vehicle Control,M,0.0,Esophagus,No Remarkable Findings,,,,
PC201708,PC201708-1008,1,Vehicle Control,M,0.0,Eye,No Remarkable Findings,,,,
PC201708,PC201708-1008,1,Vehicle Control,M,0.0,"Gland, Adrenal",No Remarkable Findings,,,,
PC201708,PC201708-1008,1,Vehicle Control,M,0.0,"Gland, Coagulating",No Remarkable Findings,,,,
PC201708,PC201708-1008,1,Vehicle Control,M,0.0,"Gland, Harderian",No Remarkable Findings,,,,
PC201708,PC201708-1008,1,Vehicle Control,M,0.0,"Gland, Mammary",No Remarkable Findings,,,,
PC201708,PC201708-1008,1,Vehicle Control,M,0.0,"Gland, Parathyroid",No Remarkable Findings,,,,
PC201708,PC201708-1008,1,Vehicle Control,M,0.0,"Gland, Pituitary",No Remarkable Findings,,,,
PC201708,PC201708-1008,1,Vehicle Control,M,0.0,"Gland, Prostate",No Remarkable Findings,,,,
PC201708,PC201708-1008,1,Vehicle Control,M,0.0,"Gland, Salivary, Parotid",No Remarkable Findings,,,,
PC201708,PC201708-1008,1,Vehicle Control,M,0.0,"Gland, Salivary, Sublingual",No Remarkable Findings,,,,
PC201708,PC201708-1008,1,Vehicle Control,M,0.0,"Gland, Salivary, Submandibular",No Remarkable Findings,,,,
PC201708,PC201708-1008,1,Vehicle Control,M,0.0,"Gland, Seminal Vesicle",No Remarkable Findings,,,,
PC201708,PC201708-1008,1,Vehicle Control,M,0.0,"Gland, Thyroid",Ectopic Lymphoid Tissue,1,Mild,focal,
PC201708,PC201708-1008,1,Vehicle Control,M,0.0,Heart,No Remarkable Findings,,,,
PC201708,PC201708-1008,1,Vehicle Control,M,0.0,"Joint, Hip",No Remarkable Findings,,,,
PC201708,PC201708-1008,1,Vehicle Control,M,0.0,Kidney,Basophilic Tubules,1,Mild,cortex; focal/multifocal,
PC201708,PC201708-1008,1,Vehicle Control,M,0.0,"Large Intestine, Cecum",No Remarkable Findings,,,,
PC201708,PC201708-1008,1,Vehicle Control,M,0.0,"Large Intestine, Colon",No Remarkable Findings,,,,
PC201708,PC201708-1008,1,Vehicle Control,M,0.0,"Large Intestine, Rectum",No Remarkable Findings,,,,
PC201708,PC201708-1008,1,Vehicle Control,M,0.0,Larynx,No Remarkable Findings,,,,
PC201708,PC201708-1008,1,Vehicle Control,M,0.0,Liver,No Remarkable Findings,,,,
PC201708,PC201708-1008,1,Vehicle Control,M,0.0,Lung,No Remarkable Findings,,,,
PC201708,PC201708-1008,1,Vehicle Control,M,0.0,"Lymph Node, Mesenteric",No Remarkable Findings,,,,
PC201708,PC201708-1008,1,Vehicle Control,M,0.0,"Lymph Node, Popliteal",No Remarkable Findings,,,,
PC201708,PC201708-1008,1,Vehicle Control,M,0.0,"Muscle, Quadriceps Femoris",No Remarkable Findings,,,,
PC201708,PC201708-1008,1,Vehicle Control,M,0.0,"Nerve, Optic",No Remarkable Findings,,,,
PC201708,PC201708-1008,1,Vehicle Control,M,0.0,"Nerve, Sciatic",No Remarkable Findings,,,,
PC201708,PC201708-1008,1,Vehicle Control,M,0.0,Pancreas,No Remarkable Findings,,,,
PC201708,PC201708-1008,1,Vehicle Control,M,0.0,Peyer'S Patch,No Remarkable Findings,,,,
PC201708,PC201708-1008,1,Vehicle Control,M,0.0,Skin,No Remarkable Findings,,,,
PC201708,PC201708-1008,1,Vehicle Control,M,0.0,"Small Intestine, Duodenum",No Remarkable Findings,,,,
PC201708,PC201708-1008,1,Vehicle Control,M,0.0,"Small Intestine, Ileum",No Remarkable Findings,,,,
PC201708,PC201708-1008,1,Vehicle Control,M,0.0,"Small Intestine, Jejunum",No Remarkable Findings,,,,
PC201708,PC201708-1008,1,Vehicle Control,M,0.0,"Spinal Cord, Cervical",No Remarkable Findings,,,,
PC201708,PC201708-1008,1,Vehicle Control,M,0.0,"Spinal Cord, Lumbar",No Remarkable Findings,,,,
PC201708,PC201708-1008,1,Vehicle Control,M,0.0,"Spinal Cord, Thoracic",No Remarkable Findings,,,,
PC201708,PC201708-1008,1,Vehicle Control,M,0.0,Spleen,No Remarkable Findings,,,,
PC201708,PC201708-1008,1,Vehicle Control,M,0.0,Stomach,No Remarkable Findings,,,,
PC201708,PC201708-1008,1,Vehicle Control,M,0.0,Testis,No Remarkable Findings,,,,
PC201708,PC201708-1008,1,Vehicle Control,M,0.0,Thymus,No Remarkable Findings,,,,
PC201708,PC201708-1008,1,Vehicle Control,M,0.0,Tongue,No Remarkable Findings,,,,
PC201708,PC201708-1008,1,Vehicle Control,M,0.0,Trachea,No Remarkable Findings,,,,
PC201708,PC201708-1008,1,Vehicle Control,M,0.0,Ureter,No Remarkable Findings,,,,
PC201708,PC201708-1008,1,Vehicle Control,M,0.0,Urinary Bladder,No Remarkable Findings,,,,
PC201708,PC201708-1009,1,Vehicle Control,M,0.0,"Artery, Aorta",No Remarkable Findings,,,,
PC201708,PC201708-1009,1,Vehicle Control,M,0.0,"Bone Marrow, Femur",Fat Vacuoles,1,Mild,diffuse,
PC201708,PC201708-1009,1,Vehicle Control,M,0.0,"Bone Marrow, Sternum",No Remarkable Findings,,,,
PC201708,PC201708-1009,1,Vehicle Control,M,0.0,"Bone, Sternum",No Remarkable Findings,,,,
PC201708,PC201708-1009,1,Vehicle Control,M,0.0,Brain,No Remarkable Findings,,,,
PC201708,PC201708-1009,1,Vehicle Control,M,0.0,Epididymis,No Remarkable Findings,,,,
PC201708,PC201708-1009,1,Vehicle Control,M,0.0,Esophagus,No Remarkable Findings,,,,
PC201708,PC201708-1009,1,Vehicle Control,M,0.0,Eye,No Remarkable Findings,,,,
PC201708,PC201708-1009,1,Vehicle Control,M,0.0,"Gland, Adrenal",No Remarkable Findings,,,,
PC201708,PC201708-1009,1,Vehicle Control,M,0.0,"Gland, Coagulating",No Remarkable Findings,,,,
PC201708,PC201708-1009,1,Vehicle Control,M,0.0,"Gland, Harderian",No Remarkable Findings,,,,
PC201708,PC201708-1009,1,Vehicle Control,M,0.0,"Gland, Mammary",No Remarkable Findings,,,,
PC201708,PC201708-1009,1,Vehicle Control,M,0.0,"Gland, Parathyroid",No Remarkable Findings,,,,
PC201708,PC201708-1009,1,Vehicle Control,M,0.0,"Gland, Pituitary",No Remarkable Findings,,,,
PC201708,PC201708-1009,1,Vehicle Control,M,0.0,"Gland, Prostate",Inflammation,1,Mild,chronic; ventral,
PC201708,PC201708-1009,1,Vehicle Control,M,0.0,"Gland, Salivary, Parotid",No Remarkable Findings,,,,
PC201708,PC201708-1009,1,Vehicle Control,M,0.0,"Gland, Salivary, Sublingual",No Remarkable Findings,,,,
PC201708,PC201708-1009,1,Vehicle Control,M,0.0,"Gland, Salivary, Submandibular",No Remarkable Findings,,,,
PC201708,PC201708-1009,1,Vehicle Control,M,0.0,"Gland, Seminal Vesicle",No Remarkable Findings,,,,
PC201708,PC201708-1009,1,Vehicle Control,M,0.0,"Gland, Thyroid",No Remarkable Findings,,,,
PC201708,PC201708-1009,1,Vehicle Control,M,0.0,Heart,No Remarkable Findings,,,,
PC201708,PC201708-1009,1,Vehicle Control,M,0.0,"Joint, Hip",No Remarkable Findings,,,,
PC201708,PC201708-1009,1,Vehicle Control,M,0.0,Kidney,Basophilic Tubules,1,Mild,cortex; focal/multifocal,
PC201708,PC201708-1009,1,Vehicle Control,M,0.0,"Large Intestine, Cecum",No Remarkable Findings,,,,
PC201708,PC201708-1009,1,Vehicle Control,M,0.0,"Large Intestine, Colon",No Remarkable Findings,,,,
PC201708,PC201708-1009,1,Vehicle Control,M,0.0,"Large Intestine, Rectum",No Remarkable Findings,,,,
PC201708,PC201708-1009,1,Vehicle Control,M,0.0,Larynx,No Remarkable Findings,,,,
PC201708,PC201708-1009,1,Vehicle Control,M,0.0,Liver,No Remarkable Findings,,,,
PC201708,PC201708-1009,1,Vehicle Control,M,0.0,Lung,Macrophages Intra-Alveolar,2,Moderate,focal/multifocal; foamy,
PC201708,PC201708-1009,1,Vehicle Control,M,0.0,"Lymph Node, Mesenteric",No Remarkable Findings,,,,
PC201708,PC201708-1009,1,Vehicle Control,M,0.0,"Lymph Node, Popliteal",No Remarkable Findings,,,,
PC201708,PC201708-1009,1,Vehicle Control,M,0.0,"Muscle, Quadriceps Femoris",No Remarkable Findings,,,,
PC201708,PC201708-1009,1,Vehicle Control,M,0.0,"Nerve, Optic",No Remarkable Findings,,,,
PC201708,PC201708-1009,1,Vehicle Control,M,0.0,"Nerve, Sciatic",No Remarkable Findings,,,,
PC201708,PC201708-1009,1,Vehicle Control,M,0.0,Pancreas,No Remarkable Findings,,,,
PC201708,PC201708-1009,1,Vehicle Control,M,0.0,Peyer'S Patch,No Remarkable Findings,,,,
PC201708,PC201708-1009,1,Vehicle Control,M,0.0,Skin,No Remarkable Findings,,,,
PC201708,PC201708-1009,1,Vehicle Control,M,0.0,"Small Intestine, Duodenum",No Remarkable Findings,,,,
PC201708,PC201708-1009,1,Vehicle Control,M,0.0,"Small Intestine, Ileum",No Remarkable Findings,,,,
PC201708,PC201708-1009,1,Vehicle Control,M,0.0,"Small Intestine, Jejunum",No Remarkable Findings,,,,
PC201708,PC201708-1009,1,Vehicle Control,M,0.0,"Spinal Cord, Cervical",No Remarkable Findings,,,,
PC201708,PC201708-1009,1,Vehicle Control,M,0.0,"Spinal Cord, Lumbar",No Remarkable Findings,,,,
PC201708,PC201708-1009,1,Vehicle Control,M,0.0,"Spinal Cord, Thoracic",No Remarkable Findings,,,,
PC201708,PC201708-1009,1,Vehicle Control,M,0.0,Spleen,Congestion,1,Mild,red pulp; diffuse,
PC201708,PC201708-1009,1,Vehicle Control,M,0.0,Spleen,Pigmentation,1,Mild,red pulp; diffuse,
PC201708,PC201708-1009,1,Vehicle Control,M,0.0,Stomach,No Remarkable Findings,,,,
PC201708,PC201708-1009,1,Vehicle Control,M,0.0,Testis,No Remarkable Findings,,,,
PC201708,PC201708-1009,1,Vehicle Control,M,0.0,Thymus,No Remarkable Findings,,,,
PC201708,PC201708-1009,1,Vehicle Control,M,0.0,Tongue,No Remarkable Findings,,,,
PC201708,PC201708-1009,1,Vehicle Control,M,0.0,Trachea,Dilatation,1,Mild,gland(s),
PC201708,PC201708-1009,1,Vehicle Control,M,0.0,Ureter,No Remarkable Findings,,,,
PC201708,PC201708-1009,1,Vehicle Control,M,0.0,Urinary Bladder,No Remarkable Findings,,,,
PC201708,PC201708-1010,1,Vehicle Control,M,0.0,"Artery, Aorta",No Remarkable Findings,,,,
PC201708,PC201708-1010,1,Vehicle Control,M,0.0,"Bone Marrow, Femur",Fat Vacuoles,1,Mild,diffuse,
PC201708,PC201708-1010,1,Vehicle Control,M,0.0,"Bone Marrow, Sternum",No Remarkable Findings,,,,
PC201708,PC201708-1010,1,Vehicle Control,M,0.0,"Bone, Sternum",No Remarkable Findings,,,,
PC201708,PC201708-1010,1,Vehicle Control,M,0.0,Brain,No Remarkable Findings,,,,
PC201708,PC201708-1010,1,Vehicle Control,M,0.0,Epididymis,No Remarkable Findings,,,,
PC201708,PC201708-1010,1,Vehicle Control,M,0.0,Esophagus,No Remarkable Findings,,,,
PC201708,PC201708-1010,1,Vehicle Control,M,0.0,Eye,No Remarkable Findings,,,,
PC201708,PC201708-1010,1,Vehicle Control,M,0.0,"Gland, Adrenal",No Remarkable Findings,,,,
PC201708,PC201708-1010,1,Vehicle Control,M,0.0,"Gland, Coagulating",No Remarkable Findings,,,,
PC201708,PC201708-1010,1,Vehicle Control,M,0.0,"Gland, Harderian",No Remarkable Findings,,,,
PC201708,PC201708-1010,1,Vehicle Control,M,0.0,"Gland, Mammary",No Remarkable Findings,,,,
PC201708,PC201708-1010,1,Vehicle Control,M,0.0,"Gland, Parathyroid",No Remarkable Findings,,,,
PC201708,PC201708-1010,1,Vehicle Control,M,0.0,"Gland, Pituitary",No Remarkable Findings,,,,
PC201708,PC201708-1010,1,Vehicle Control,M,0.0,"Gland, Prostate",No Remarkable Findings,,,,
PC201708,PC201708-1010,1,Vehicle Control,M,0.0,"Gland, Salivary, Parotid",No Remarkable Findings,,,,
PC201708,PC201708-1010,1,Vehicle Control,M,0.0,"Gland, Salivary, Sublingual",No Remarkable Findings,,,,
PC201708,PC201708-1010,1,Vehicle Control,M,0.0,"Gland, Salivary, Submandibular",No Remarkable Findings,,,,
PC201708,PC201708-1010,1,Vehicle Control,M,0.0,"Gland, Seminal Vesicle",No Remarkable Findings,,,,
PC201708,PC201708-1010,1,Vehicle Control,M,0.0,"Gland, Thyroid",No Remarkable Findings,,,,
PC201708,PC201708-1010,1,Vehicle Control,M,0.0,Heart,No Remarkable Findings,,,,
PC201708,PC201708-1010,1,Vehicle Control,M,0.0,"Joint, Hip",No Remarkable Findings,,,,
PC201708,PC201708-1010,1,Vehicle Control,M,0.0,Kidney,Inflammation,1,Mild,chronic; cortex; focal/multifocal,
PC201708,PC201708-1010,1,Vehicle Control,M,0.0,"Large Intestine, Cecum",No Remarkable Findings,,,,
PC201708,PC201708-1010,1,Vehicle Control,M,0.0,"Large Intestine, Colon",No Remarkable Findings,,,,
PC201708,PC201708-1010,1,Vehicle Control,M,0.0,"Large Intestine, Rectum",No Remarkable Findings,,,,
PC201708,PC201708-1010,1,Vehicle Control,M,0.0,Larynx,Inflammation,1,Mild,chronic,
PC201708,PC201708-1010,1,Vehicle Control,M,0.0,Liver,No Remarkable Findings,,,,
PC201708,PC201708-1010,1,Vehicle Control,M,0.0,Lung,No Remarkable Findings,,,,
PC201708,PC201708-1010,1,Vehicle Control,M,0.0,"Lymph Node, Mesenteric",No Remarkable Findings,,,,
PC201708,PC201708-1010,1,Vehicle Control,M,0.0,"Lymph Node, Popliteal",No Remarkable Findings,,,,
PC201708,PC201708-1010,1,Vehicle Control,M,0.0,"Muscle, Quadriceps Femoris",No Remarkable Findings,,,,
PC201708,PC201708-1010,1,Vehicle Control,M,0.0,"Nerve, Optic",No Remarkable Findings,,,,
PC201708,PC201708-1010,1,Vehicle Control,M,0.0,"Nerve, Sciatic",No Remarkable Findings,,,,
PC201708,PC201708-1010,1,Vehicle Control,M,0.0,Pancreas,No Remarkable Findings,,,,
PC201708,PC201708-1010,1,Vehicle Control,M,0.0,Peyer'S Patch,No Remarkable Findings,,,,
PC201708,PC201708-1010,1,Vehicle Control,M,0.0,Skin,No Remarkable Findings,,,,
PC201708,PC201708-1010,1,Vehicle Control,M,0.0,"Small Intestine, Duodenum",No Remarkable Findings,,,,
PC201708,PC201708-1010,1,Vehicle Control,M,0.0,"Small Intestine, Ileum",No Remarkable Findings,,,,
PC201708,PC201708-1010,1,Vehicle Control,M,0.0,"Small Intestine, Jejunum",No Remarkable Findings,,,,
PC201708,PC201708-1010,1,Vehicle Control,M,0.0,"Spinal Cord, Cervical",No Remarkable Findings,,,,
PC201708,PC201708-1010,1,Vehicle Control,M,0.0,"Spinal Cord, Lumbar",No Remarkable Findings,,,,
PC201708,PC201708-1010,1,Vehicle Control,M,0.0,"Spinal Cord, Thoracic",No Remarkable Findings,,,,
PC201708,PC201708-1010,1,Vehicle Control,M,0.0,Spleen,Congestion,1,Mild,red pulp; diffuse,
PC201708,PC201708-1010,1,Vehicle Control,M,0.0,Spleen,Pigmentation,1,Mild,red pulp; diffuse,
PC201708,PC201708-1010,1,Vehicle Control,M,0.0,Stomach,No Remarkable Findings,,,,
PC201708,PC201708-1010,1,Vehicle Control,M,0.0,Testis,No Remarkable Findings,,,,
PC201708,PC201708-1010,1,Vehicle Control,M,0.0,Thymus,No Remarkable Findings,,,,
PC201708,PC201708-1010,1,Vehicle Control,M,0.0,Tongue,No Remarkable Findings,,,,
PC201708,PC201708-1010,1,Vehicle Control,M,0.0,Trachea,No Remarkable Findings,,,,
PC201708,PC201708-1010,1,Vehicle Control,M,0.0,Ureter,No Remarkable Findings,,,,
PC201708,PC201708-1010,1,Vehicle Control,M,0.0,Urinary Bladder,No Remarkable Findings,,,,
PC201708,PC201708-1011,1,Vehicle Control,M,0.0,"Bone Marrow, Sternum",No Remarkable Findings,,,,
PC201708,PC201708-1011,1,Vehicle Control,M,0.0,"Bone, Sternum",No Remarkable Findings,,,,
PC201708,PC201708-1011,1,Vehicle Control,M,0.0,"Gland, Adrenal",No Remarkable Findings,,,,
PC201708,PC201708-1011,1,Vehicle Control,M,0.0,"Gland, Thyroid",No Remarkable Findings,,,,
PC201708,PC201708-1011,1,Vehicle Control,M,0.0,Liver,No Remarkable Findings,,,,
PC201708,PC201708-1011,1,Vehicle Control,M,0.0,Liver,No Remarkable Findings,,,,
PC201708,PC201708-1012,1,Vehicle Control,M,0.0,"Bone Marrow, Sternum",No Remarkable Findings,,,,
PC201708,PC201708-1012,1,Vehicle Control,M,0.0,"Bone, Sternum",No Remarkable Findings,,,,
PC201708,PC201708-1012,1,Vehicle Control,M,0.0,"Gland, Adrenal",No Remarkable Findings,,,,
PC201708,PC201708-1012,1,Vehicle Control,M,0.0,"Gland, Thyroid",No Remarkable Findings,,,,
PC201708,PC201708-1012,1,Vehicle Control,M,0.0,Liver,No Remarkable Findings,,,,
PC201708,PC201708-1013,1,Vehicle Control,M,0.0,"Bone Marrow, Sternum",No Remarkable Findings,,,,
PC201708,PC201708-1013,1,Vehicle Control,M,0.0,"Bone, Sternum",No Remarkable Findings,,,,
PC201708,PC201708-1013,1,Vehicle Control,M,0.0,"Gland, Adrenal",No Remarkable Findings,,,,
PC201708,PC201708-1013,1,Vehicle Control,M,0.0,"Gland, Thyroid",No Remarkable Findings,,,,
PC201708,PC201708-1013,1,Vehicle Control,M,0.0,Liver,No Remarkable Findings,,,,
PC201708,PC201708-1014,1,Vehicle Control,M,0.0,"Bone Marrow, Sternum",No Remarkable Findings,,,,
PC201708,PC201708-1014,1,Vehicle Control,M,0.0,"Bone, Sternum",No Remarkable Findings,,,,
PC201708,PC201708-1014,1,Vehicle Control,M,0.0,"Gland, Adrenal",No Remarkable Findings,,,,
PC201708,PC201708-1014,1,Vehicle Control,M,0.0,"Gland, Thyroid",No Remarkable Findings,,,,
PC201708,PC201708-1014,1,Vehicle Control,M,0.0,Liver,No Remarkable Findings,,,,
PC201708,PC201708-1015,1,Vehicle Control,M,0.0,"Bone Marrow, Sternum",No Remarkable Findings,,,,
PC201708,PC201708-1015,1,Vehicle Control,M,0.0,"Bone, Sternum",No Remarkable Findings,,,,
PC201708,PC201708-1015,1,Vehicle Control,M,0.0,"Gland, Adrenal",Vacuolization,1,Mild,cortex; diffuse,
PC201708,PC201708-1015,1,Vehicle Control,M,0.0,"Gland, Thyroid",No Remarkable Findings,,,,
PC201708,PC201708-1015,1,Vehicle Control,M,0.0,Liver,No Remarkable Findings,,,,
PC201708,PC201708-1101,1,Vehicle Control,F,0.0,"Artery, Aorta",No Remarkable Findings,,,,
PC201708,PC201708-1101,1,Vehicle Control,F,0.0,"Bone Marrow, Femur",Fat Vacuoles,1,Mild,diffuse,
PC201708,PC201708-1101,1,Vehicle Control,F,0.0,"Bone Marrow, Sternum",No Remarkable Findings,,,,
PC201708,PC201708-1101,1,Vehicle Control,F,0.0,"Bone, Sternum",No Remarkable Findings,,,,
PC201708,PC201708-1101,1,Vehicle Control,F,0.0,Brain,No Remarkable Findings,,,,
PC201708,PC201708-1101,1,Vehicle Control,F,0.0,Esophagus,No Remarkable Findings,,,,
PC201708,PC201708-1101,1,Vehicle Control,F,0.0,Eye,No Remarkable Findings,,,,
PC201708,PC201708-1101,1,Vehicle Control,F,0.0,"Gland, Adrenal",No Remarkable Findings,,,,
PC201708,PC201708-1101,1,Vehicle Control,F,0.0,"Gland, Harderian",No Remarkable Findings,,,,
PC201708,PC201708-1101,1,Vehicle Control,F,0.0,"Gland, Mammary",No Remarkable Findings,,,,
PC201708,PC201708-1101,1,Vehicle Control,F,0.0,"Gland, Parathyroid",No Remarkable Findings,,,,
PC201708,PC201708-1101,1,Vehicle Control,F,0.0,"Gland, Pituitary",No Remarkable Findings,,,,
PC201708,PC201708-1101,1,Vehicle Control,F,0.0,"Gland, Salivary, Parotid",No Remarkable Findings,,,,
PC201708,PC201708-1101,1,Vehicle Control,F,0.0,"Gland, Salivary, Sublingual",No Remarkable Findings,,,,
PC201708,PC201708-1101,1,Vehicle Control,F,0.0,"Gland, Salivary, Submandibular",No Remarkable Findings,,,,
PC201708,PC201708-1101,1,Vehicle Control,F,0.0,"Gland, Thyroid",No Remarkable Findings,,,,
PC201708,PC201708-1101,1,Vehicle Control,F,0.0,Heart,No Remarkable Findings,,,,
PC201708,PC201708-1101,1,Vehicle Control,F,0.0,"Joint, Hip",No Remarkable Findings,,,,
PC201708,PC201708-1101,1,Vehicle Control,F,0.0,Kidney,No Remarkable Findings,,,,
PC201708,PC201708-1101,1,Vehicle Control,F,0.0,"Large Intestine, Cecum",No Remarkable Findings,,,,
PC201708,PC201708-1101,1,Vehicle Control,F,0.0,"Large Intestine, Colon",No Remarkable Findings,,,,
PC201708,PC201708-1101,1,Vehicle Control,F,0.0,"Large Intestine, Rectum",No Remarkable Findings,,,,
PC201708,PC201708-1101,1,Vehicle Control,F,0.0,Larynx,No Remarkable Findings,,,,
PC201708,PC201708-1101,1,Vehicle Control,F,0.0,Liver,No Remarkable Findings,,,,
PC201708,PC201708-1101,1,Vehicle Control,F,0.0,Lung,No Remarkable Findings,,,,
PC201708,PC201708-1101,1,Vehicle Control,F,0.0,"Lymph Node, Mesenteric",No Remarkable Findings,,,,
PC201708,PC201708-1101,1,Vehicle Control,F,0.0,"Lymph Node, Popliteal",No Remarkable Findings,,,,
PC201708,PC201708-1101,1,Vehicle Control,F,0.0,"Muscle, Quadriceps Femoris",No Remarkable Findings,,,,
PC201708,PC201708-1101,1,Vehicle Control,F,0.0,"Nerve, Optic",No Remarkable Findings,,,,
PC201708,PC201708-1101,1,Vehicle Control,F,0.0,"Nerve, Sciatic",No Remarkable Findings,,,,
PC201708,PC201708-1101,1,Vehicle Control,F,0.0,Pancreas,No Remarkable Findings,,,,
PC201708,PC201708-1101,1,Vehicle Control,F,0.0,Peyer'S Patch,No Remarkable Findings,,,,
PC201708,PC201708-1101,1,Vehicle Control,F,0.0,Skin,No Remarkable Findings,,,,
PC201708,PC201708-1101,1,Vehicle Control,F,0.0,"Small Intestine, Duodenum",No Remarkable Findings,,,,
PC201708,PC201708-1101,1,Vehicle Control,F,0.0,"Small Intestine, Ileum",No Remarkable Findings,,,,
PC201708,PC201708-1101,1,Vehicle Control,F,0.0,"Small Intestine, Jejunum",No Remarkable Findings,,,,
PC201708,PC201708-1101,1,Vehicle Control,F,0.0,"Spinal Cord, Cervical",No Remarkable Findings,,,,
PC201708,PC201708-1101,1,Vehicle Control,F,0.0,"Spinal Cord, Lumbar",No Remarkable Findings,,,,
PC201708,PC201708-1101,1,Vehicle Control,F,0.0,"Spinal Cord, Thoracic",No Remarkable Findings,,,,
PC201708,PC201708-1101,1,Vehicle Control,F,0.0,Spleen,No Remarkable Findings,,,,
PC201708,PC201708-1101,1,Vehicle Control,F,0.0,Stomach,No Remarkable Findings,,,,
PC201708,PC201708-1101,1,Vehicle Control,F,0.0,Thymus,No Remarkable Findings,,,,
PC201708,PC201708-1101,1,Vehicle Control,F,0.0,Tongue,No Remarkable Findings,,,,
PC201708,PC201708-1101,1,Vehicle Control,F,0.0,Trachea,No Remarkable Findings,,,,
PC201708,PC201708-1101,1,Vehicle Control,F,0.0,Ureter,No Remarkable Findings,,,,
PC201708,PC201708-1101,1,Vehicle Control,F,0.0,Urinary Bladder,Inflammation,1,Mild,chronic; focal/multifocal,
PC201708,PC201708-1101,1,Vehicle Control,F,0.0,Uterus,No Remarkable Findings,,,,
PC201708,PC201708-1102,1,Vehicle Control,F,0.0,"Artery, Aorta",No Remarkable Findings,,,,
PC201708,PC201708-1102,1,Vehicle Control,F,0.0,"Bone Marrow, Femur",Fat Vacuoles,2,Moderate,diffuse,
PC201708,PC201708-1102,1,Vehicle Control,F,0.0,"Bone Marrow, Sternum",No Remarkable Findings,,,,
PC201708,PC201708-1102,1,Vehicle Control,F,0.0,"Bone, Sternum",No Remarkable Findings,,,,
PC201708,PC201708-1102,1,Vehicle Control,F,0.0,Brain,No Remarkable Findings,,,,
PC201708,PC201708-1102,1,Vehicle Control,F,0.0,Esophagus,No Remarkable Findings,,,,
PC201708,PC201708-1102,1,Vehicle Control,F,0.0,Eye,No Remarkable Findings,,,,
PC201708,PC201708-1102,1,Vehicle Control,F,0.0,"Gland, Adrenal",No Remarkable Findings,,,,
PC201708,PC201708-1102,1,Vehicle Control,F,0.0,"Gland, Harderian",No Remarkable Findings,,,,
PC201708,PC201708-1102,1,Vehicle Control,F,0.0,"Gland, Mammary",No Remarkable Findings,,,,
PC201708,PC201708-1102,1,Vehicle Control,F,0.0,"Gland, Parathyroid",No Remarkable Findings,,,,
PC201708,PC201708-1102,1,Vehicle Control,F,0.0,"Gland, Pituitary",Cyst,1,Mild,focal,
PC201708,PC201708-1102,1,Vehicle Control,F,0.0,"Gland, Salivary, Parotid",No Remarkable Findings,,,,
PC201708,PC201708-1102,1,Vehicle Control,F,0.0,"Gland, Salivary, Sublingual",No Remarkable Findings,,,,
PC201708,PC201708-1102,1,Vehicle Control,F,0.0,"Gland, Salivary, Submandibular",No Remarkable Findings,,,,
PC201708,PC201708-1102,1,Vehicle Control,F,0.0,"Gland, Thyroid",No Remarkable Findings,,,,
PC201708,PC201708-1102,1,Vehicle Control,F,0.0,Heart,No Remarkable Findings,,,,
PC201708,PC201708-1102,1,Vehicle Control,F,0.0,"Joint, Hip",No Remarkable Findings,,,,
PC201708,PC201708-1102,1,Vehicle Control,F,0.0,Kidney,Basophilic Tubules,1,Mild,cortex; focal/multifocal,
PC201708,PC201708-1102,1,Vehicle Control,F,0.0,"Large Intestine, Cecum",No Remarkable Findings,,,,
PC201708,PC201708-1102,1,Vehicle Control,F,0.0,"Large Intestine, Colon",No Remarkable Findings,,,,
PC201708,PC201708-1102,1,Vehicle Control,F,0.0,"Large Intestine, Rectum",No Remarkable Findings,,,,
PC201708,PC201708-1102,1,Vehicle Control,F,0.0,Larynx,No Remarkable Findings,,,,
PC201708,PC201708-1102,1,Vehicle Control,F,0.0,Liver,No Remarkable Findings,,,,
PC201708,PC201708-1102,1,Vehicle Control,F,0.0,Liver,No Remarkable Findings,,,,
PC201708,PC201708-1102,1,Vehicle Control,F,0.0,Lung,No Remarkable Findings,,,,
PC201708,PC201708-1102,1,Vehicle Control,F,0.0,"Lymph Node, Mesenteric",No Remarkable Findings,,,,
PC201708,PC201708-1102,1,Vehicle Control,F,0.0,"Lymph Node, Popliteal",No Remarkable Findings,,,,
PC201708,PC201708-1102,1,Vehicle Control,F,0.0,"Muscle, Quadriceps Femoris",No Remarkable Findings,,,,
PC201708,PC201708-1102,1,Vehicle Control,F,0.0,"Nerve, Optic",No Remarkable Findings,,,,
PC201708,PC201708-1102,1,Vehicle Control,F,0.0,"Nerve, Sciatic",No Remarkable Findings,,,,
PC201708,PC201708-1102,1,Vehicle Control,F,0.0,Pancreas,No Remarkable Findings,,,,
PC201708,PC201708-1102,1,Vehicle Control,F,0.0,Peyer'S Patch,No Remarkable Findings,,,,
PC201708,PC201708-1102,1,Vehicle Control,F,0.0,Skin,No Remarkable Findings,,,,
PC201708,PC201708-1102,1,Vehicle Control,F,0.0,"Small Intestine, Duodenum",No Remarkable Findings,,,,
PC201708,PC201708-1102,1,Vehicle Control,F,0.0,"Small Intestine, Ileum",No Remarkable Findings,,,,
PC201708,PC201708-1102,1,Vehicle Control,F,0.0,"Small Intestine, Jejunum",No Remarkable Findings,,,,
PC201708,PC201708-1102,1,Vehicle Control,F,0.0,"Spinal Cord, Cervical",No Remarkable Findings,,,,
PC201708,PC201708-1102,1,Vehicle Control,F,0.0,"Spinal Cord, Lumbar",No Remarkable Findings,,,,
PC201708,PC201708-1102,1,Vehicle Control,F,0.0,"Spinal Cord, Thoracic",No Remarkable Findings,,,,
PC201708,PC201708-1102,1,Vehicle Control,F,0.0,Spleen,No Remarkable Findings,,,,
PC201708,PC201708-1102,1,Vehicle Control,F,0.0,Stomach,No Remarkable Findings,,,,
PC201708,PC201708-1102,1,Vehicle Control,F,0.0,Thymus,No Remarkable Findings,,,,
PC201708,PC201708-1102,1,Vehicle Control,F,0.0,Tongue,No Remarkable Findings,,,,
PC201708,PC201708-1102,1,Vehicle Control,F,0.0,Trachea,No Remarkable Findings,,,,
PC201708,PC201708-1102,1,Vehicle Control,F,0.0,Ureter,No Remarkable Findings,,,,
PC201708,PC201708-1102,1,Vehicle Control,F,0.0,Urinary Bladder,No Remarkable Findings,,,,
PC201708,PC201708-1102,1,Vehicle Control,F,0.0,Uterus,No Remarkable Findings,,,,
PC201708,PC201708-1103,1,Vehicle Control,F,0.0,"Artery, Aorta",No Remarkable Findings,,,,
PC201708,PC201708-1103,1,Vehicle Control,F,0.0,"Bone Marrow, Femur",Fat Vacuoles,1,Mild,diffuse,
PC201708,PC201708-1103,1,Vehicle Control,F,0.0,"Bone Marrow, Sternum",No Remarkable Findings,,,,
PC201708,PC201708-1103,1,Vehicle Control,F,0.0,"Bone, Sternum",No Remarkable Findings,,,,
PC201708,PC201708-1103,1,Vehicle Control,F,0.0,Brain,No Remarkable Findings,,,,
PC201708,PC201708-1103,1,Vehicle Control,F,0.0,Esophagus,No Remarkable Findings,,,,
PC201708,PC201708-1103,1,Vehicle Control,F,0.0,Eye,No Remarkable Findings,,,,
PC201708,PC201708-1103,1,Vehicle Control,F,0.0,"Gland, Adrenal",No Remarkable Findings,,,,
PC201708,PC201708-1103,1,Vehicle Control,F,0.0,"Gland, Harderian",No Remarkable Findings,,,,
PC201708,PC201708-1103,1,Vehicle Control,F,0.0,"Gland, Mammary",No Remarkable Findings,,,,
PC201708,PC201708-1103,1,Vehicle Control,F,0.0,"Gland, Parathyroid",No Remarkable Findings,,,,
PC201708,PC201708-1103,1,Vehicle Control,F,0.0,"Gland, Pituitary",No Remarkable Findings,,,,
PC201708,PC201708-1103,1,Vehicle Control,F,0.0,"Gland, Salivary, Parotid",No Remarkable Findings,,,,
PC201708,PC201708-1103,1,Vehicle Control,F,0.0,"Gland, Salivary, Sublingual",No Remarkable Findings,,,,
PC201708,PC201708-1103,1,Vehicle Control,F,0.0,"Gland, Salivary, Submandibular",No Remarkable Findings,,,,
PC201708,PC201708-1103,1,Vehicle Control,F,0.0,"Gland, Thyroid",No Remarkable Findings,,,,
PC201708,PC201708-1103,1,Vehicle Control,F,0.0,Heart,No Remarkable Findings,,,,
PC201708,PC201708-1103,1,Vehicle Control,F,0.0,"Joint, Hip",No Remarkable Findings,,,,
PC201708,PC201708-1103,1,Vehicle Control,F,0.0,Kidney,No Remarkable Findings,,,,
PC201708,PC201708-1103,1,Vehicle Control,F,0.0,"Large Intestine, Cecum",No Remarkable Findings,,,,
PC201708,PC201708-1103,1,Vehicle Control,F,0.0,"Large Intestine, Colon",No Remarkable Findings,,,,
PC201708,PC201708-1103,1,Vehicle Control,F,0.0,"Large Intestine, Rectum",No Remarkable Findings,,,,
PC201708,PC201708-1103,1,Vehicle Control,F,0.0,Larynx,No Remarkable Findings,,,,
PC201708,PC201708-1103,1,Vehicle Control,F,0.0,Liver,No Remarkable Findings,,,,
PC201708,PC201708-1103,1,Vehicle Control,F,0.0,Lung,No Remarkable Findings,,,,
PC201708,PC201708-1103,1,Vehicle Control,F,0.0,Lung,No Remarkable Findings,,,,
PC201708,PC201708-1103,1,Vehicle Control,F,0.0,Lung,No Remarkable Findings,,,,
PC201708,PC201708-1103,1,Vehicle Control,F,0.0,"Lymph Node, Mesenteric",No Remarkable Findings,,,,
PC201708,PC201708-1103,1,Vehicle Control,F,0.0,"Lymph Node, Popliteal",No Remarkable Findings,,,,
PC201708,PC201708-1103,1,Vehicle Control,F,0.0,"Muscle, Quadriceps Femoris",No Remarkable Findings,,,,
PC201708,PC201708-1103,1,Vehicle Control,F,0.0,"Nerve, Optic",No Remarkable Findings,,,,
PC201708,PC201708-1103,1,Vehicle Control,F,0.0,"Nerve, Sciatic",No Remarkable Findings,,,,
PC201708,PC201708-1103,1,Vehicle Control,F,0.0,Pancreas,No Remarkable Findings,,,,
PC201708,PC201708-1103,1,Vehicle Control,F,0.0,Peyer'S Patch,No Remarkable Findings,,,,
PC201708,PC201708-1103,1,Vehicle Control,F,0.0,Skin,No Remarkable Findings,,,,
PC201708,PC201708-1103,1,Vehicle Control,F,0.0,"Small Intestine, Duodenum",No Remarkable Findings,,,,
PC201708,PC201708-1103,1,Vehicle Control,F,0.0,"Small Intestine, Ileum",No Remarkable Findings,,,,
PC201708,PC201708-1103,1,Vehicle Control,F,0.0,"Small Intestine, Jejunum",No Remarkable Findings,,,,
PC201708,PC201708-1103,1,Vehicle Control,F,0.0,"Spinal Cord, Cervical",No Remarkable Findings,,,,
PC201708,PC201708-1103,1,Vehicle Control,F,0.0,"Spinal Cord, Lumbar",No Remarkable Findings,,,,
PC201708,PC201708-1103,1,Vehicle Control,F,0.0,"Spinal Cord, Thoracic",No Remarkable Findings,,,,
PC201708,PC201708-1103,1,Vehicle Control,F,0.0,Spleen,Congestion,1,Mild,red pulp; diffuse,
PC201708,PC201708-1103,1,Vehicle Control,F,0.0,Stomach,No Remarkable Findings,,,,
PC201708,PC201708-1103,1,Vehicle Control,F,0.0,Thymus,No Remarkable Findings,,,,
PC201708,PC201708-1103,1,Vehicle Control,F,0.0,Tongue,No Remarkable Findings,,,,
PC201708,PC201708-1103,1,Vehicle Control,F,0.0,Trachea,No Remarkable Findings,,,,
PC201708,PC201708-1103,1,Vehicle Control,F,0.0,Ureter,No Remarkable Findings,,,,
PC201708,PC201708-1103,1,Vehicle Control,F,0.0,Urinary Bladder,No Remarkable Findings,,,,
PC201708,PC201708-1103,1,Vehicle Control,F,0.0,Uterus,No Remarkable Findings,,,,
PC201708,PC201708-1104,1,Vehicle Control,F,0.0,"Artery, Aorta",No Remarkable Findings,,,,
PC201708,PC201708-1104,1,Vehicle Control,F,0.0,"Bone Marrow, Femur",Fat Vacuoles,1,Mild,diffuse,
PC201708,PC201708-1104,1,Vehicle Control,F,0.0,"Bone Marrow, Sternum",No Remarkable Findings,,,,
PC201708,PC201708-1104,1,Vehicle Control,F,0.0,"Bone, Sternum",No Remarkable Findings,,,,
PC201708,PC201708-1104,1,Vehicle Control,F,0.0,Brain,No Remarkable Findings,,,,
PC201708,PC201708-1104,1,Vehicle Control,F,0.0,Esophagus,No Remarkable Findings,,,,
PC201708,PC201708-1104,1,Vehicle Control,F,0.0,Eye,Retinal Fold(S),1,Mild,,
PC201708,PC201708-1104,1,Vehicle Control,F,0.0,"Gland, Adrenal",No Remarkable Findings,,,,
PC201708,PC201708-1104,1,Vehicle Control,F,0.0,"Gland, Harderian",No Remarkable Findings,,,,
PC201708,PC201708-1104,1,Vehicle Control,F,0.0,"Gland, Mammary",No Remarkable Findings,,,,
PC201708,PC201708-1104,1,Vehicle Control,F,0.0,"Gland, Parathyroid",No Remarkable Findings,,,,
PC201708,PC201708-1104,1,Vehicle Control,F,0.0,"Gland, Pituitary",No Remarkable Findings,,,,
PC201708,PC201708-1104,1,Vehicle Control,F,0.0,"Gland, Salivary, Parotid",No Remarkable Findings,,,,
PC201708,PC201708-1104,1,Vehicle Control,F,0.0,"Gland, Salivary, Sublingual",No Remarkable Findings,,,,
PC201708,PC201708-1104,1,Vehicle Control,F,0.0,"Gland, Salivary, Submandibular",No Remarkable Findings,,,,
PC201708,PC201708-1104,1,Vehicle Control,F,0.0,"Gland, Thyroid",No Remarkable Findings,,,,
PC201708,PC201708-1104,1,Vehicle Control,F,0.0,Heart,No Remarkable Findings,,,,
PC201708,PC201708-1104,1,Vehicle Control,F,0.0,"Joint, Hip",No Remarkable Findings,,,,
PC201708,PC201708-1104,1,Vehicle Control,F,0.0,Kidney,Basophilic Tubules,1,Mild,cortex; focal/multifocal,
PC201708,PC201708-1104,1,Vehicle Control,F,0.0,Kidney,Cyst,1,Mild,medulla,
PC201708,PC201708-1104,1,Vehicle Control,F,0.0,Kidney,Inflammation,1,Mild,chronic; cortex; focal/multifocal,
PC201708,PC201708-1104,1,Vehicle Control,F,0.0,"Large Intestine, Cecum",No Remarkable Findings,,,,
PC201708,PC201708-1104,1,Vehicle Control,F,0.0,"Large Intestine, Colon",No Remarkable Findings,,,,
PC201708,PC201708-1104,1,Vehicle Control,F,0.0,"Large Intestine, Rectum",No Remarkable Findings,,,,
PC201708,PC201708-1104,1,Vehicle Control,F,0.0,Larynx,No Remarkable Findings,,,,
PC201708,PC201708-1104,1,Vehicle Control,F,0.0,Liver,No Remarkable Findings,,,,
PC201708,PC201708-1104,1,Vehicle Control,F,0.0,Lung,No Remarkable Findings,,,,
PC201708,PC201708-1104,1,Vehicle Control,F,0.0,"Lymph Node, Mesenteric",No Remarkable Findings,,,,
PC201708,PC201708-1104,1,Vehicle Control,F,0.0,"Lymph Node, Popliteal",No Remarkable Findings,,,,
PC201708,PC201708-1104,1,Vehicle Control,F,0.0,"Muscle, Quadriceps Femoris",No Remarkable Findings,,,,
PC201708,PC201708-1104,1,Vehicle Control,F,0.0,"Nerve, Optic",No Remarkable Findings,,,,
PC201708,PC201708-1104,1,Vehicle Control,F,0.0,"Nerve, Sciatic",No Remarkable Findings,,,,
PC201708,PC201708-1104,1,Vehicle Control,F,0.0,Pancreas,No Remarkable Findings,,,,
PC201708,PC201708-1104,1,Vehicle Control,F,0.0,Peyer'S Patch,No Remarkable Findings,,,,
PC201708,PC201708-1104,1,Vehicle Control,F,0.0,Skin,No Remarkable Findings,,,,
PC201708,PC201708-1104,1,Vehicle Control,F,0.0,"Small Intestine, Duodenum",No Remarkable Findings,,,,
PC201708,PC201708-1104,1,Vehicle Control,F,0.0,"Small Intestine, Ileum",No Remarkable Findings,,,,
PC201708,PC201708-1104,1,Vehicle Control,F,0.0,"Small Intestine, Jejunum",No Remarkable Findings,,,,
PC201708,PC201708-1104,1,Vehicle Control,F,0.0,"Spinal Cord, Cervical",No Remarkable Findings,,,,
PC201708,PC201708-1104,1,Vehicle Control,F,0.0,"Spinal Cord, Lumbar",No Remarkable Findings,,,,
PC201708,PC201708-1104,1,Vehicle Control,F,0.0,"Spinal Cord, Thoracic",No Remarkable Findings,,,,
PC201708,PC201708-1104,1,Vehicle Control,F,0.0,Spleen,No Remarkable Findings,,,,
PC201708,PC201708-1104,1,Vehicle Control,F,0.0,Stomach,No Remarkable Findings,,,,
PC201708,PC201708-1104,1,Vehicle Control,F,0.0,Thymus,No Remarkable Findings,,,,
PC201708,PC201708-1104,1,Vehicle Control,F,0.0,Tongue,No Remarkable Findings,,,,
PC201708,PC201708-1104,1,Vehicle Control,F,0.0,Trachea,No Remarkable Findings,,,,
PC201708,PC201708-1104,1,Vehicle Control,F,0.0,Ureter,No Remarkable Findings,,,,
PC201708,PC201708-1104,1,Vehicle Control,F,0.0,Urinary Bladder,No Remarkable Findings,,,,
PC201708,PC201708-1104,1,Vehicle Control,F,0.0,Uterus,No Remarkable Findings,,,,
PC201708,PC201708-1105,1,Vehicle Control,F,0.0,"Artery, Aorta",No Remarkable Findings,,,,
PC201708,PC201708-1105,1,Vehicle Control,F,0.0,"Bone Marrow, Femur",Fat Vacuoles,2,Moderate,diffuse,
PC201708,PC201708-1105,1,Vehicle Control,F,0.0,"Bone Marrow, Sternum",No Remarkable Findings,,,,
PC201708,PC201708-1105,1,Vehicle Control,F,0.0,"Bone, Sternum",No Remarkable Findings,,,,
PC201708,PC201708-1105,1,Vehicle Control,F,0.0,Brain,No Remarkable Findings,,,,
PC201708,PC201708-1105,1,Vehicle Control,F,0.0,Esophagus,No Remarkable Findings,,,,
PC201708,PC201708-1105,1,Vehicle Control,F,0.0,Eye,No Remarkable Findings,,,,
PC201708,PC201708-1105,1,Vehicle Control,F,0.0,"Gland, Adrenal",No Remarkable Findings,,,,
PC201708,PC201708-1105,1,Vehicle Control,F,0.0,"Gland, Harderian",No Remarkable Findings,,,,
PC201708,PC201708-1105,1,Vehicle Control,F,0.0,"Gland, Mammary",No Remarkable Findings,,,,
PC201708,PC201708-1105,1,Vehicle Control,F,0.0,"Gland, Parathyroid",No Remarkable Findings,,,,
PC201708,PC201708-1105,1,Vehicle Control,F,0.0,"Gland, Pituitary",No Remarkable Findings,,,,
PC201708,PC201708-1105,1,Vehicle Control,F,0.0,"Gland, Salivary, Parotid",No Remarkable Findings,,,,
PC201708,PC201708-1105,1,Vehicle Control,F,0.0,"Gland, Salivary, Sublingual",No Remarkable Findings,,,,
PC201708,PC201708-1105,1,Vehicle Control,F,0.0,"Gland, Salivary, Submandibular",No Remarkable Findings,,,,
PC201708,PC201708-1105,1,Vehicle Control,F,0.0,"Gland, Thyroid",No Remarkable Findings,,,,
PC201708,PC201708-1105,1,Vehicle Control,F,0.0,Heart,No Remarkable Findings,,,,
PC201708,PC201708-1105,1,Vehicle Control,F,0.0,"Joint, Hip",No Remarkable Findings,,,,
PC201708,PC201708-1105,1,Vehicle Control,F,0.0,Kidney,Basophilic Tubules,1,Mild,cortex; focal/multifocal,
PC201708,PC201708-1105,1,Vehicle Control,F,0.0,"Large Intestine, Cecum",No Remarkable Findings,,,,
PC201708,PC201708-1105,1,Vehicle Control,F,0.0,"Large Intestine, Colon",No Remarkable Findings,,,,
PC201708,PC201708-1105,1,Vehicle Control,F,0.0,"Large Intestine, Rectum",No Remarkable Findings,,,,
PC201708,PC201708-1105,1,Vehicle Control,F,0.0,Larynx,No Remarkable Findings,,,,
PC201708,PC201708-1105,1,Vehicle Control,F,0.0,Liver,No Remarkable Findings,,,,
PC201708,PC201708-1105,1,Vehicle Control,F,0.0,Lung,Infiltration Granulocytic,1,Mild,perivascular; focal,
PC201708,PC201708-1105,1,Vehicle Control,F,0.0,"Lymph Node, Mesenteric",No Remarkable Findings,,,,
PC201708,PC201708-1105,1,Vehicle Control,F,0.0,"Lymph Node, Popliteal",No Remarkable Findings,,,,
PC201708,PC201708-1105,1,Vehicle Control,F,0.0,"Muscle, Quadriceps Femoris",No Remarkable Findings,,,,
PC201708,PC201708-1105,1,Vehicle Control,F,0.0,"Nerve, Optic",No Remarkable Findings,,,,
PC201708,PC201708-1105,1,Vehicle Control,F,0.0,"Nerve, Sciatic",No Remarkable Findings,,,,
PC201708,PC201708-1105,1,Vehicle Control,F,0.0,Pancreas,No Remarkable Findings,,,,
PC201708,PC201708-1105,1,Vehicle Control,F,0.0,Peyer'S Patch,No Remarkable Findings,,,,
PC201708,PC201708-1105,1,Vehicle Control,F,0.0,Skin,No Remarkable Findings,,,,
PC201708,PC201708-1105,1,Vehicle Control,F,0.0,"Small Intestine, Duodenum",No Remarkable Findings,,,,
PC201708,PC201708-1105,1,Vehicle Control,F,0.0,"Small Intestine, Ileum",No Remarkable Findings,,,,
PC201708,PC201708-1105,1,Vehicle Control,F,0.0,"Small Intestine, Jejunum",No Remarkable Findings,,,,
PC201708,PC201708-1105,1,Vehicle Control,F,0.0,"Spinal Cord, Cervical",No Remarkable Findings,,,,
PC201708,PC201708-1105,1,Vehicle Control,F,0.0,"Spinal Cord, Lumbar",No Remarkable Findings,,,,
PC201708,PC201708-1105,1,Vehicle Control,F,0.0,"Spinal Cord, Thoracic",No Remarkable Findings,,,,
PC201708,PC201708-1105,1,Vehicle Control,F,0.0,Spleen,No Remarkable Findings,,,,
PC201708,PC201708-1105,1,Vehicle Control,F,0.0,Stomach,No Remarkable Findings,,,,
PC201708,PC201708-1105,1,Vehicle Control,F,0.0,Thymus,No Remarkable Findings,,,,
PC201708,PC201708-1105,1,Vehicle Control,F,0.0,Tongue,No Remarkable Findings,,,,
PC201708,PC201708-1105,1,Vehicle Control,F,0.0,Trachea,No Remarkable Findings,,,,
PC201708,PC201708-1105,1,Vehicle Control,F,0.0,Ureter,No Remarkable Findings,,,,
PC201708,PC201708-1105,1,Vehicle Control,F,0.0,Urinary Bladder,No Remarkable Findings,,,,
PC201708,PC201708-1105,1,Vehicle Control,F,0.0,Uterus,No Remarkable Findings,,,,
PC201708,PC201708-1106,1,Vehicle Control,F,0.0,"Artery, Aorta",No Remarkable Findings,,,,
PC201708,PC201708-1106,1,Vehicle Control,F,0.0,"Bone Marrow, Femur",Fat Vacuoles,2,Moderate,diffuse,
PC201708,PC201708-1106,1,Vehicle Control,F,0.0,"Bone Marrow, Sternum",No Remarkable Findings,,,,
PC201708,PC201708-1106,1,Vehicle Control,F,0.0,"Bone, Sternum",No Remarkable Findings,,,,
PC201708,PC201708-1106,1,Vehicle Control,F,0.0,Brain,No Remarkable Findings,,,,
PC201708,PC201708-1106,1,Vehicle Control,F,0.0,Esophagus,No Remarkable Findings,,,,
PC201708,PC201708-1106,1,Vehicle Control,F,0.0,Eye,No Remarkable Findings,,,,
PC201708,PC201708-1106,1,Vehicle Control,F,0.0,"Gland, Adrenal",Vacuolization,1,Mild,,
PC201708,PC201708-1106,1,Vehicle Control,F,0.0,"Gland, Harderian",No Remarkable Findings,,,,
PC201708,PC201708-1106,1,Vehicle Control,F,0.0,"Gland, Mammary",No Remarkable Findings,,,,
PC201708,PC201708-1106,1,Vehicle Control,F,0.0,"Gland, Parathyroid",No Remarkable Findings,,,,
PC201708,PC201708-1106,1,Vehicle Control,F,0.0,"Gland, Pituitary",No Remarkable Findings,,,,
PC201708,PC201708-1106,1,Vehicle Control,F,0.0,"Gland, Salivary, Parotid",No Remarkable Findings,,,,
PC201708,PC201708-1106,1,Vehicle Control,F,0.0,"Gland, Salivary, Sublingual",No Remarkable Findings,,,,
PC201708,PC201708-1106,1,Vehicle Control,F,0.0,"Gland, Salivary, Submandibular",No Remarkable Findings,,,,
PC201708,PC201708-1106,1,Vehicle Control,F,0.0,"Gland, Thyroid",Hyperplasia,,,focal,
PC201708,PC201708-1106,1,Vehicle Control,F,0.0,Heart,No Remarkable Findings,,,,
PC201708,PC201708-1106,1,Vehicle Control,F,0.0,"Joint, Hip",No Remarkable Findings,,,,
PC201708,PC201708-1106,1,Vehicle Control,F,0.0,Kidney,Basophilic Tubules,1,Mild,cortex; focal/multifocal,
PC201708,PC201708-1106,1,Vehicle Control,F,0.0,"Large Intestine, Cecum",No Remarkable Findings,,,,
PC201708,PC201708-1106,1,Vehicle Control,F,0.0,"Large Intestine, Colon",No Remarkable Findings,,,,
PC201708,PC201708-1106,1,Vehicle Control,F,0.0,"Large Intestine, Rectum",No Remarkable Findings,,,,
PC201708,PC201708-1106,1,Vehicle Control,F,0.0,Larynx,No Remarkable Findings,,,,
PC201708,PC201708-1106,1,Vehicle Control,F,0.0,Liver,No Remarkable Findings,,,,
PC201708,PC201708-1106,1,Vehicle Control,F,0.0,Lung,No Remarkable Findings,,,,
PC201708,PC201708-1106,1,Vehicle Control,F,0.0,"Lymph Node, Mesenteric",No Remarkable Findings,,,,
PC201708,PC201708-1106,1,Vehicle Control,F,0.0,"Lymph Node, Popliteal",No Remarkable Findings,,,,
PC201708,PC201708-1106,1,Vehicle Control,F,0.0,"Muscle, Quadriceps Femoris",No Remarkable Findings,,,,
PC201708,PC201708-1106,1,Vehicle Control,F,0.0,"Nerve, Optic",No Remarkable Findings,,,,
PC201708,PC201708-1106,1,Vehicle Control,F,0.0,"Nerve, Sciatic",No Remarkable Findings,,,,
PC201708,PC201708-1106,1,Vehicle Control,F,0.0,Pancreas,No Remarkable Findings,,,,
PC201708,PC201708-1106,1,Vehicle Control,F,0.0,Peyer'S Patch,No Remarkable Findings,,,,
PC201708,PC201708-1106,1,Vehicle Control,F,0.0,Skin,No Remarkable Findings,,,,
PC201708,PC201708-1106,1,Vehicle Control,F,0.0,"Small Intestine, Duodenum",No Remarkable Findings,,,,
PC201708,PC201708-1106,1,Vehicle Control,F,0.0,"Small Intestine, Ileum",No Remarkable Findings,,,,
PC201708,PC201708-1106,1,Vehicle Control,F,0.0,"Small Intestine, Jejunum",No Remarkable Findings,,,,
PC201708,PC201708-1106,1,Vehicle Control,F,0.0,"Spinal Cord, Cervical",No Remarkable Findings,,,,
PC201708,PC201708-1106,1,Vehicle Control,F,0.0,"Spinal Cord, Lumbar",No Remarkable Findings,,,,
PC201708,PC201708-1106,1,Vehicle Control,F,0.0,"Spinal Cord, Thoracic",No Remarkable Findings,,,,
PC201708,PC201708-1106,1,Vehicle Control,F,0.0,Spleen,No Remarkable Findings,,,,
PC201708,PC201708-1106,1,Vehicle Control,F,0.0,Stomach,No Remarkable Findings,,,,
PC201708,PC201708-1106,1,Vehicle Control,F,0.0,Thymus,No Remarkable Findings,,,,
PC201708,PC201708-1106,1,Vehicle Control,F,0.0,Tongue,No Remarkable Findings,,,,
PC201708,PC201708-1106,1,Vehicle Control,F,0.0,Trachea,No Remarkable Findings,,,,
PC201708,PC201708-1106,1,Vehicle Control,F,0.0,Ureter,No Remarkable Findings,,,,
PC201708,PC201708-1106,1,Vehicle Control,F,0.0,Urinary Bladder,No Remarkable Findings,,,,
PC201708,PC201708-1106,1,Vehicle Control,F,0.0,Uterus,No Remarkable Findings,,,,
PC201708,PC201708-1107,1,Vehicle Control,F,0.0,"Artery, Aorta",No Remarkable Findings,,,,
PC201708,PC201708-1107,1,Vehicle Control,F,0.0,"Bone Marrow, Femur",Fat Vacuoles,1,Mild,diffuse,
PC201708,PC201708-1107,1,Vehicle Control,F,0.0,"Bone Marrow, Sternum",No Remarkable Findings,,,,
PC201708,PC201708-1107,1,Vehicle Control,F,0.0,"Bone, Sternum",No Remarkable Findings,,,,
PC201708,PC201708-1107,1,Vehicle Control,F,0.0,Brain,No Remarkable Findings,,,,
PC201708,PC201708-1107,1,Vehicle Control,F,0.0,Esophagus,No Remarkable Findings,,,,
PC201708,PC201708-1107,1,Vehicle Control,F,0.0,Eye,No Remarkable Findings,,,,
PC201708,PC201708-1107,1,Vehicle Control,F,0.0,"Gland, Adrenal",No Remarkable Findings,,,,
PC201708,PC201708-1107,1,Vehicle Control,F,0.0,"Gland, Harderian",No Remarkable Findings,,,,
PC201708,PC201708-1107,1,Vehicle Control,F,0.0,"Gland, Mammary",No Remarkable Findings,,,,
PC201708,PC201708-1107,1,Vehicle Control,F,0.0,"Gland, Parathyroid",No Remarkable Findings,,,,
PC201708,PC201708-1107,1,Vehicle Control,F,0.0,"Gland, Pituitary",No Remarkable Findings,,,,
PC201708,PC201708-1107,1,Vehicle Control,F,0.0,"Gland, Salivary, Parotid",No Remarkable Findings,,,,
PC201708,PC201708-1107,1,Vehicle Control,F,0.0,"Gland, Salivary, Sublingual",No Remarkable Findings,,,,
PC201708,PC201708-1107,1,Vehicle Control,F,0.0,"Gland, Salivary, Submandibular",No Remarkable Findings,,,,
PC201708,PC201708-1107,1,Vehicle Control,F,0.0,"Gland, Thyroid",No Remarkable Findings,,,,
PC201708,PC201708-1107,1,Vehicle Control,F,0.0,Heart,No Remarkable Findings,,,,
PC201708,PC201708-1107,1,Vehicle Control,F,0.0,"Joint, Hip",No Remarkable Findings,,,,
PC201708,PC201708-1107,1,Vehicle Control,F,0.0,Kidney,Basophilic Tubules,1,Mild,cortex; focal/multifocal,
PC201708,PC201708-1107,1,Vehicle Control,F,0.0,"Large Intestine, Cecum",No Remarkable Findings,,,,
PC201708,PC201708-1107,1,Vehicle Control,F,0.0,"Large Intestine, Colon",No Remarkable Findings,,,,
PC201708,PC201708-1107,1,Vehicle Control,F,0.0,"Large Intestine, Rectum",No Remarkable Findings,,,,
PC201708,PC201708-1107,1,Vehicle Control,F,0.0,Larynx,No Remarkable Findings,,,,
PC201708,PC201708-1107,1,Vehicle Control,F,0.0,Liver,No Remarkable Findings,,,,
PC201708,PC201708-1107,1,Vehicle Control,F,0.0,Lung,Infiltration Granulocytic,1,Mild,perivascular; focal,
PC201708,PC201708-1107,1,Vehicle Control,F,0.0,"Lymph Node, Mesenteric",No Remarkable Findings,,,,
PC201708,PC201708-1107,1,Vehicle Control,F,0.0,"Lymph Node, Popliteal",No Remarkable Findings,,,,
PC201708,PC201708-1107,1,Vehicle Control,F,0.0,"Muscle, Quadriceps Femoris",No Remarkable Findings,,,,
PC201708,PC201708-1107,1,Vehicle Control,F,0.0,"Nerve, Optic",No Remarkable Findings,,,,
PC201708,PC201708-1107,1,Vehicle Control,F,0.0,"Nerve, Sciatic",No Remarkable Findings,,,,
PC201708,PC201708-1107,1,Vehicle Control,F,0.0,Pancreas,No Remarkable Findings,,,,
PC201708,PC201708-1107,1,Vehicle Control,F,0.0,Peyer'S Patch,No Remarkable Findings,,,,
PC201708,PC201708-1107,1,Vehicle Control,F,0.0,Skin,No Remarkable Findings,,,,
PC201708,PC201708-1107,1,Vehicle Control,F,0.0,"Small Intestine, Duodenum",No Remarkable Findings,,,,
PC201708,PC201708-1107,1,Vehicle Control,F,0.0,"Small Intestine, Ileum",No Remarkable Findings,,,,
PC201708,PC201708-1107,1,Vehicle Control,F,0.0,"Small Intestine, Jejunum",No Remarkable Findings,,,,
PC201708,PC201708-1107,1,Vehicle Control,F,0.0,"Spinal Cord, Cervical",No Remarkable Findings,,,,
PC201708,PC201708-1107,1,Vehicle Control,F,0.0,"Spinal Cord, Lumbar",No Remarkable Findings,,,,
PC201708,PC201708-1107,1,Vehicle Control,F,0.0,"Spinal Cord, Thoracic",No Remarkable Findings,,,,
PC201708,PC201708-1107,1,Vehicle Control,F,0.0,Spleen,Congestion,1,Mild,red pulp; diffuse,
PC201708,PC201708-1107,1,Vehicle Control,F,0.0,Stomach,No Remarkable Findings,,,,
PC201708,PC201708-1107,1,Vehicle Control,F,0.0,Thymus,No Remarkable Findings,,,,
PC201708,PC201708-1107,1,Vehicle Control,F,0.0,Tongue,No Remarkable Findings,,,,
PC201708,PC201708-1107,1,Vehicle Control,F,0.0,Trachea,No Remarkable Findings,,,,
PC201708,PC201708-1107,1,Vehicle Control,F,0.0,Ureter,No Remarkable Findings,,,,
PC201708,PC201708-1107,1,Vehicle Control,F,0.0,Urinary Bladder,No Remarkable Findings,,,,
PC201708,PC201708-1107,1,Vehicle Control,F,0.0,Uterus,No Remarkable Findings,,,,
PC201708,PC201708-1108,1,Vehicle Control,F,0.0,"Artery, Aorta",No Remarkable Findings,,,,
PC201708,PC201708-1108,1,Vehicle Control,F,0.0,"Bone Marrow, Femur",Fat Vacuoles,1,Mild,diffuse,
PC201708,PC201708-1108,1,Vehicle Control,F,0.0,"Bone Marrow, Sternum",No Remarkable Findings,,,,
PC201708,PC201708-1108,1,Vehicle Control,F,0.0,"Bone, Sternum",No Remarkable Findings,,,,
PC201708,PC201708-1108,1,Vehicle Control,F,0.0,Brain,No Remarkable Findings,,,,
PC201708,PC201708-1108,1,Vehicle Control,F,0.0,Esophagus,No Remarkable Findings,,,,
PC201708,PC201708-1108,1,Vehicle Control,F,0.0,Eye,No Remarkable Findings,,,,
PC201708,PC201708-1108,1,Vehicle Control,F,0.0,"Gland, Adrenal",No Remarkable Findings,,,,
PC201708,PC201708-1108,1,Vehicle Control,F,0.0,"Gland, Harderian",No Remarkable Findings,,,,
PC201708,PC201708-1108,1,Vehicle Control,F,0.0,"Gland, Mammary",No Remarkable Findings,,,,
PC201708,PC201708-1108,1,Vehicle Control,F,0.0,"Gland, Parathyroid",No Remarkable Findings,,,,
PC201708,PC201708-1108,1,Vehicle Control,F,0.0,"Gland, Pituitary",No Remarkable Findings,,,,
PC201708,PC201708-1108,1,Vehicle Control,F,0.0,"Gland, Salivary, Parotid",No Remarkable Findings,,,,
PC201708,PC201708-1108,1,Vehicle Control,F,0.0,"Gland, Salivary, Sublingual",No Remarkable Findings,,,,
PC201708,PC201708-1108,1,Vehicle Control,F,0.0,"Gland, Salivary, Submandibular",No Remarkable Findings,,,,
PC201708,PC201708-1108,1,Vehicle Control,F,0.0,"Gland, Thyroid",Ectopic Lymphoid Tissue,1,Mild,focal,
PC201708,PC201708-1108,1,Vehicle Control,F,0.0,Heart,No Remarkable Findings,,,,
PC201708,PC201708-1108,1,Vehicle Control,F,0.0,"Joint, Hip",No Remarkable Findings,,,,
PC201708,PC201708-1108,1,Vehicle Control,F,0.0,Kidney,Basophilic Tubules,1,Mild,cortex; focal/multifocal,
PC201708,PC201708-1108,1,Vehicle Control,F,0.0,"Large Intestine, Cecum",No Remarkable Findings,,,,
PC201708,PC201708-1108,1,Vehicle Control,F,0.0,"Large Intestine, Colon",No Remarkable Findings,,,,
PC201708,PC201708-1108,1,Vehicle Control,F,0.0,"Large Intestine, Rectum",No Remarkable Findings,,,,
PC201708,PC201708-1108,1,Vehicle Control,F,0.0,Larynx,No Remarkable Findings,,,,
PC201708,PC201708-1108,1,Vehicle Control,F,0.0,Liver,No Remarkable Findings,,,,
PC201708,PC201708-1108,1,Vehicle Control,F,0.0,Lung,No Remarkable Findings,,,,
PC201708,PC201708-1108,1,Vehicle Control,F,0.0,"Lymph Node, Mesenteric",No Remarkable Findings,,,,
PC201708,PC201708-1108,1,Vehicle Control,F,0.0,"Lymph Node, Popliteal",No Remarkable Findings,,,,
PC201708,PC201708-1108,1,Vehicle Control,F,0.0,"Muscle, Quadriceps Femoris",No Remarkable Findings,,,,
PC201708,PC201708-1108,1,Vehicle Control,F,0.0,"Nerve, Optic",No Remarkable Findings,,,,
PC201708,PC201708-1108,1,Vehicle Control,F,0.0,"Nerve, Sciatic",No Remarkable Findings,,,,
PC201708,PC201708-1108,1,Vehicle Control,F,0.0,Pancreas,No Remarkable Findings,,,,
PC201708,PC201708-1108,1,Vehicle Control,F,0.0,Peyer'S Patch,No Remarkable Findings,,,,
PC201708,PC201708-1108,1,Vehicle Control,F,0.0,Skin,No Remarkable Findings,,,,
PC201708,PC201708-1108,1,Vehicle Control,F,0.0,"Small Intestine, Duodenum",No Remarkable Findings,,,,
PC201708,PC201708-1108,1,Vehicle Control,F,0.0,"Small Intestine, Ileum",No Remarkable Findings,,,,
PC201708,PC201708-1108,1,Vehicle Control,F,0.0,"Small Intestine, Jejunum",No Remarkable Findings,,,,
PC201708,PC201708-1108,1,Vehicle Control,F,0.0,"Spinal Cord, Cervical",No Remarkable Findings,,,,
PC201708,PC201708-1108,1,Vehicle Control,F,0.0,"Spinal Cord, Lumbar",No Remarkable Findings,,,,
PC201708,PC201708-1108,1,Vehicle Control,F,0.0,"Spinal Cord, Thoracic",No Remarkable Findings,,,,
PC201708,PC201708-1108,1,Vehicle Control,F,0.0,Spleen,No Remarkable Findings,,,,
PC201708,PC201708-1108,1,Vehicle Control,F,0.0,Stomach,No Remarkable Findings,,,,
PC201708,PC201708-1108,1,Vehicle Control,F,0.0,Thymus,No Remarkable Findings,,,,
PC201708,PC201708-1108,1,Vehicle Control,F,0.0,Tongue,No Remarkable Findings,,,,
PC201708,PC201708-1108,1,Vehicle Control,F,0.0,Trachea,No Remarkable Findings,,,,
PC201708,PC201708-1108,1,Vehicle Control,F,0.0,Ureter,No Remarkable Findings,,,,
PC201708,PC201708-1108,1,Vehicle Control,F,0.0,Urinary Bladder,No Remarkable Findings,,,,
PC201708,PC201708-1108,1,Vehicle Control,F,0.0,Uterus,No Remarkable Findings,,,,
PC201708,PC201708-1109,1,Vehicle Control,F,0.0,"Artery, Aorta",No Remarkable Findings,,,,
PC201708,PC201708-1109,1,Vehicle Control,F,0.0,"Bone Marrow, Femur",Fat Vacuoles,1,Mild,diffuse,
PC201708,PC201708-1109,1,Vehicle Control,F,0.0,"Bone Marrow, Sternum",No Remarkable Findings,,,,
PC201708,PC201708-1109,1,Vehicle Control,F,0.0,"Bone, Sternum",No Remarkable Findings,,,,
PC201708,PC201708-1109,1,Vehicle Control,F,0.0,Brain,No Remarkable Findings,,,,
PC201708,PC201708-1109,1,Vehicle Control,F,0.0,Esophagus,No Remarkable Findings,,,,
PC201708,PC201708-1109,1,Vehicle Control,F,0.0,Eye,No Remarkable Findings,,,,
PC201708,PC201708-1109,1,Vehicle Control,F,0.0,"Gland, Adrenal",No Remarkable Findings,,,,
PC201708,PC201708-1109,1,Vehicle Control,F,0.0,"Gland, Harderian",No Remarkable Findings,,,,
PC201708,PC201708-1109,1,Vehicle Control,F,0.0,"Gland, Mammary",No Remarkable Findings,,,,
PC201708,PC201708-1109,1,Vehicle Control,F,0.0,"Gland, Parathyroid",No Remarkable Findings,,,,
PC201708,PC201708-1109,1,Vehicle Control,F,0.0,"Gland, Pituitary",No Remarkable Findings,,,,
PC201708,PC201708-1109,1,Vehicle Control,F,0.0,"Gland, Salivary, Parotid",No Remarkable Findings,,,,
PC201708,PC201708-1109,1,Vehicle Control,F,0.0,"Gland, Salivary, Sublingual",No Remarkable Findings,,,,
PC201708,PC201708-1109,1,Vehicle Control,F,0.0,"Gland, Salivary, Submandibular",No Remarkable Findings,,,,
PC201708,PC201708-1109,1,Vehicle Control,F,0.0,"Gland, Thyroid",Hyperplasia,1,Mild,diffuse,
PC201708,PC201708-1109,1,Vehicle Control,F,0.0,Heart,No Remarkable Findings,,,,
PC201708,PC201708-1109,1,Vehicle Control,F,0.0,"Joint, Hip",No Remarkable Findings,,,,
PC201708,PC201708-1109,1,Vehicle Control,F,0.0,Kidney,Basophilic Tubules,1,Mild,cortex; focal/multifocal,
PC201708,PC201708-1109,1,Vehicle Control,F,0.0,"Large Intestine, Cecum",No Remarkable Findings,,,,
PC201708,PC201708-1109,1,Vehicle Control,F,0.0,"Large Intestine, Colon",No Remarkable Findings,,,,
PC201708,PC201708-1109,1,Vehicle Control,F,0.0,"Large Intestine, Rectum",No Remarkable Findings,,,,
PC201708,PC201708-1109,1,Vehicle Control,F,0.0,Larynx,No Remarkable Findings,,,,
PC201708,PC201708-1109,1,Vehicle Control,F,0.0,Liver,No Remarkable Findings,,,,
PC201708,PC201708-1109,1,Vehicle Control,F,0.0,Lung,Macrophages Intra-Alveolar,2,Moderate,focal/multifocal; foamy,
PC201708,PC201708-1109,1,Vehicle Control,F,0.0,"Lymph Node, Mesenteric",No Remarkable Findings,,,,
PC201708,PC201708-1109,1,Vehicle Control,F,0.0,"Lymph Node, Popliteal",No Remarkable Findings,,,,
PC201708,PC201708-1109,1,Vehicle Control,F,0.0,"Muscle, Quadriceps Femoris",No Remarkable Findings,,,,
PC201708,PC201708-1109,1,Vehicle Control,F,0.0,"Nerve, Optic",No Remarkable Findings,,,,
PC201708,PC201708-1109,1,Vehicle Control,F,0.0,"Nerve, Sciatic",No Remarkable Findings,,,,
PC201708,PC201708-1109,1,Vehicle Control,F,0.0,Pancreas,No Remarkable Findings,,,,
PC201708,PC201708-1109,1,Vehicle Control,F,0.0,Peyer'S Patch,No Remarkable Findings,,,,
PC201708,PC201708-1109,1,Vehicle Control,F,0.0,Skin,No Remarkable Findings,,,,
PC201708,PC201708-1109,1,Vehicle Control,F,0.0,"Small Intestine, Duodenum",No Remarkable Findings,,,,
PC201708,PC201708-1109,1,Vehicle Control,F,0.0,"Small Intestine, Ileum",No Remarkable Findings,,,,
PC201708,PC201708-1109,1,Vehicle Control,F,0.0,"Small Intestine, Jejunum",No Remarkable Findings,,,,
PC201708,PC201708-1109,1,Vehicle Control,F,0.0,"Spinal Cord, Cervical",No Remarkable Findings,,,,
PC201708,PC201708-1109,1,Vehicle Control,F,0.0,"Spinal Cord, Lumbar",No Remarkable Findings,,,,
PC201708,PC201708-1109,1,Vehicle Control,F,0.0,"Spinal Cord, Thoracic",No Remarkable Findings,,,,
PC201708,PC201708-1109,1,Vehicle Control,F,0.0,Spleen,Congestion,1,Mild,red pulp; diffuse,
PC201708,PC201708-1109,1,Vehicle Control,F,0.0,Spleen,Pigmentation,1,Mild,red pulp; diffuse,
PC201708,PC201708-1109,1,Vehicle Control,F,0.0,Stomach,No Remarkable Findings,,,,
PC201708,PC201708-1109,1,Vehicle Control,F,0.0,Thymus,No Remarkable Findings,,,,
PC201708,PC201708-1109,1,Vehicle Control,F,0.0,Tongue,No Remarkable Findings,,,,
PC201708,PC201708-1109,1,Vehicle Control,F,0.0,Trachea,Dilatation,1,Mild,gland(s),
PC201708,PC201708-1109,1,Vehicle Control,F,0.0,Ureter,No Remarkable Findings,,,,
PC201708,PC201708-1109,1,Vehicle Control,F,0.0,Urinary Bladder,No Remarkable Findings,,,,
PC201708,PC201708-1109,1,Vehicle Control,F,0.0,Uterus,No Remarkable Findings,,,,
PC201708,PC201708-1110,1,Vehicle Control,F,0.0,"Artery, Aorta",No Remarkable Findings,,,,
PC201708,PC201708-1110,1,Vehicle Control,F,0.0,"Bone Marrow, Femur",Fat Vacuoles,1,Mild,diffuse,
PC201708,PC201708-1110,1,Vehicle Control,F,0.0,"Bone Marrow, Sternum",No Remarkable Findings,,,,
PC201708,PC201708-1110,1,Vehicle Control,F,0.0,"Bone, Sternum",No Remarkable Findings,,,,
PC201708,PC201708-1110,1,Vehicle Control,F,0.0,Brain,No Remarkable Findings,,,,
PC201708,PC201708-1110,1,Vehicle Control,F,0.0,Esophagus,No Remarkable Findings,,,,
PC201708,PC201708-1110,1,Vehicle Control,F,0.0,Eye,No Remarkable Findings,,,,
PC201708,PC201708-1110,1,Vehicle Control,F,0.0,"Gland, Adrenal",No Remarkable Findings,,,,
PC201708,PC201708-1110,1,Vehicle Control,F,0.0,"Gland, Harderian",No Remarkable Findings,,,,
PC201708,PC201708-1110,1,Vehicle Control,F,0.0,"Gland, Mammary",No Remarkable Findings,,,,
PC201708,PC201708-1110,1,Vehicle Control,F,0.0,"Gland, Parathyroid",No Remarkable Findings,,,,
PC201708,PC201708-1110,1,Vehicle Control,F,0.0,"Gland, Pituitary",No Remarkable Findings,,,,
PC201708,PC201708-1110,1,Vehicle Control,F,0.0,"Gland, Salivary, Parotid",No Remarkable Findings,,,,
PC201708,PC201708-1110,1,Vehicle Control,F,0.0,"Gland, Salivary, Sublingual",No Remarkable Findings,,,,
PC201708,PC201708-1110,1,Vehicle Control,F,0.0,"Gland, Salivary, Submandibular",No Remarkable Findings,,,,
PC201708,PC201708-1110,1,Vehicle Control,F,0.0,"Gland, Thyroid",No Remarkable Findings,,,,
PC201708,PC201708-1110,1,Vehicle Control,F,0.0,Heart,No Remarkable Findings,,,,
PC201708,PC201708-1110,1,Vehicle Control,F,0.0,"Joint, Hip",No Remarkable Findings,,,,
PC201708,PC201708-1110,1,Vehicle Control,F,0.0,Kidney,Inflammation,1,Mild,chronic; cortex; focal/multifocal,
PC201708,PC201708-1110,1,Vehicle Control,F,0.0,"Large Intestine, Cecum",No Remarkable Findings,,,,
PC201708,PC201708-1110,1,Vehicle Control,F,0.0,"Large Intestine, Colon",No Remarkable Findings,,,,
PC201708,PC201708-1110,1,Vehicle Control,F,0.0,"Large Intestine, Rectum",No Remarkable Findings,,,,
PC201708,PC201708-1110,1,Vehicle Control,F,0.0,Larynx,Inflammation,1,Mild,chronic,
PC201708,PC201708-1110,1,Vehicle Control,F,0.0,Liver,No Remarkable Findings,,,,
PC201708,PC201708-1110,1,Vehicle Control,F,0.0,Lung,No Remarkable Findings,,,,
PC201708,PC201708-1110,1,Vehicle Control,F,0.0,"Lymph Node, Mesenteric",No Remarkable Findings,,,,
PC201708,PC201708-1110,1,Vehicle Control,F,0.0,"Lymph Node, Popliteal",No Remarkable Findings,,,,
PC201708,PC201708-1110,1,Vehicle Control,F,0.0,"Muscle, Quadriceps Femoris",No Remarkable Findings,,,,
PC201708,PC201708-1110,1,Vehicle Control,F,0.0,"Nerve, Optic",No Remarkable Findings,,,,
PC201708,PC201708-1110,1,Vehicle Control,F,0.0,"Nerve, Sciatic",No Remarkable Findings,,,,
PC201708,PC201708-1110,1,Vehicle Control,F,0.0,Pancreas,No Remarkable Findings,,,,
PC201708,PC201708-1110,1,Vehicle Control,F,0.0,Peyer'S Patch,No Remarkable Findings,,,,
PC201708,PC201708-1110,1,Vehicle Control,F,0.0,Skin,No Remarkable Findings,,,,
PC201708,PC201708-1110,1,Vehicle Control,F,0.0,"Small Intestine, Duodenum",No Remarkable Findings,,,,
PC201708,PC201708-1110,1,Vehicle Control,F,0.0,"Small Intestine, Ileum",No Remarkable Findings,,,,
PC201708,PC201708-1110,1,Vehicle Control,F,0.0,"Small Intestine, Jejunum",No Remarkable Findings,,,,
PC201708,PC201708-1110,1,Vehicle Control,F,0.0,"Spinal Cord, Cervical",No Remarkable Findings,,,,
PC201708,PC201708-1110,1,Vehicle Control,F,0.0,"Spinal Cord, Lumbar",No Remarkable Findings,,,,
PC201708,PC201708-1110,1,Vehicle Control,F,0.0,"Spinal Cord, Thoracic",No Remarkable Findings,,,,
PC201708,PC201708-1110,1,Vehicle Control,F,0.0,Spleen,Congestion,1,Mild,red pulp; diffuse,
PC201708,PC201708-1110,1,Vehicle Control,F,0.0,Spleen,Pigmentation,1,Mild,red pulp; diffuse,
PC201708,PC201708-1110,1,Vehicle Control,F,0.0,Stomach,No Remarkable Findings,,,,
PC201708,PC201708-1110,1,Vehicle Control,F,0.0,Thymus,No Remarkable Findings,,,,
PC201708,PC201708-1110,1,Vehicle Control,F,0.0,Tongue,No Remarkable Findings,,,,
PC201708,PC201708-1110,1,Vehicle Control,F,0.0,Trachea,No Remarkable Findings,,,,
PC201708,PC201708-1110,1,Vehicle Control,F,0.0,Ureter,No Remarkable Findings,,,,
PC201708,PC201708-1110,1,Vehicle Control,F,0.0,Urinary Bladder,No Remarkable Findings,,,,
PC201708,PC201708-1110,1,Vehicle Control,F,0.0,Uterus,No Remarkable Findings,,,,
PC201708,PC201708-1111,1,Vehicle Control,F,0.0,"Bone Marrow, Sternum",No Remarkable Findings,,,,
PC201708,PC201708-1111,1,Vehicle Control,F,0.0,"Bone, Sternum",No Remarkable Findings,,,,
PC201708,PC201708-1111,1,Vehicle Control,F,0.0,"Gland, Adrenal",No Remarkable Findings,,,,
PC201708,PC201708-1111,1,Vehicle Control,F,0.0,"Gland, Thyroid",No Remarkable Findings,,,,
PC201708,PC201708-1111,1,Vehicle Control,F,0.0,Liver,No Remarkable Findings,,,,
PC201708,PC201708-1111,1,Vehicle Control,F,0.0,Liver,No Remarkable Findings,,,,
PC201708,PC201708-1112,1,Vehicle Control,F,0.0,"Bone Marrow, Sternum",No Remarkable Findings,,,,
PC201708,PC201708-1112,1,Vehicle Control,F,0.0,"Bone, Sternum",No Remarkable Findings,,,,
PC201708,PC201708-1112,1,Vehicle Control,F,0.0,"Gland, Adrenal",No Remarkable Findings,,,,
PC201708,PC201708-1112,1,Vehicle Control,F,0.0,"Gland, Thyroid",No Remarkable Findings,,,,
PC201708,PC201708-1112,1,Vehicle Control,F,0.0,Liver,No Remarkable Findings,,,,
PC201708,PC201708-1113,1,Vehicle Control,F,0.0,"Bone Marrow, Sternum",No Remarkable Findings,,,,
PC201708,PC201708-1113,1,Vehicle Control,F,0.0,"Bone, Sternum",No Remarkable Findings,,,,
PC201708,PC201708-1113,1,Vehicle Control,F,0.0,"Gland, Adrenal",No Remarkable Findings,,,,
PC201708,PC201708-1113,1,Vehicle Control,F,0.0,"Gland, Thyroid",No Remarkable Findings,,,,
PC201708,PC201708-1113,1,Vehicle Control,F,0.0,Liver,No Remarkable Findings,,,,
PC201708,PC201708-1114,1,Vehicle Control,F,0.0,"Bone Marrow, Sternum",No Remarkable Findings,,,,
PC201708,PC201708-1114,1,Vehicle Control,F,0.0,"Bone, Sternum",No Remarkable Findings,,,,
PC201708,PC201708-1114,1,Vehicle Control,F,0.0,"Gland, Adrenal",No Remarkable Findings,,,,
PC201708,PC201708-1114,1,Vehicle Control,F,0.0,"Gland, Thyroid",No Remarkable Findings,,,,
PC201708,PC201708-1114,1,Vehicle Control,F,0.0,Liver,No Remarkable Findings,,,,
PC201708,PC201708-1115,1,Vehicle Control,F,0.0,"Bone Marrow, Sternum",No Remarkable Findings,,,,
PC201708,PC201708-1115,1,Vehicle Control,F,0.0,"Bone, Sternum",No Remarkable Findings,,,,
PC201708,PC201708-1115,1,Vehicle Control,F,0.0,"Gland, Adrenal",Vacuolization,1,Mild,cortex; diffuse,
PC201708,PC201708-1115,1,Vehicle Control,F,0.0,"Gland, Thyroid",No Remarkable Findings,,,,
PC201708,PC201708-1115,1,Vehicle Control,F,0.0,Liver,No Remarkable Findings,,,,
PC201708,PC201708-2001,2,2 mg/kg PCDRUG,M,2.0,"Artery, Aorta",No Remarkable Findings,,,,
PC201708,PC201708-2001,2,2 mg/kg PCDRUG,M,2.0,"Bone Marrow, Femur",Fat Vacuoles,1,Mild,diffuse,
PC201708,PC201708-2001,2,2 mg/kg PCDRUG,M,2.0,"Bone Marrow, Femur",Hyperplasia,1,Mild,diffuse,
PC201708,PC201708-2001,2,2 mg/kg PCDRUG,M,2.0,"Bone Marrow, Sternum",Hyperplasia,1,Mild,diffuse,
PC201708,PC201708-2001,2,2 mg/kg PCDRUG,M,2.0,"Bone, Sternum",No Remarkable Findings,,,,
PC201708,PC201708-2001,2,2 mg/kg PCDRUG,M,2.0,Brain,No Remarkable Findings,,,,
PC201708,PC201708-2001,2,2 mg/kg PCDRUG,M,2.0,Epididymis,No Remarkable Findings,,,,
PC201708,PC201708-2001,2,2 mg/kg PCDRUG,M,2.0,Esophagus,No Remarkable Findings,,,,
PC201708,PC201708-2001,2,2 mg/kg PCDRUG,M,2.0,Eye,No Remarkable Findings,,,,
PC201708,PC201708-2001,2,2 mg/kg PCDRUG,M,2.0,"Gland, Adrenal",Vacuolization,1,Mild,cortex; diffuse,
PC201708,PC201708-2001,2,2 mg/kg PCDRUG,M,2.0,"Gland, Coagulating",No Remarkable Findings,,,,
PC201708,PC201708-2001,2,2 mg/kg PCDRUG,M,2.0,"Gland, Harderian",No Remarkable Findings,,,,
PC201708,PC201708-2001,2,2 mg/kg PCDRUG,M,2.0,"Gland, Mammary",No Remarkable Findings,,,,
PC201708,PC201708-2001,2,2 mg/kg PCDRUG,M,2.0,"Gland, Parathyroid",No Remarkable Findings,,,,
PC201708,PC201708-2001,2,2 mg/kg PCDRUG,M,2.0,"Gland, Pituitary",No Remarkable Findings,,,,
PC201708,PC201708-2001,2,2 mg/kg PCDRUG,M,2.0,"Gland, Prostate",Inflammation,1,Mild,chronic; ventral,
PC201708,PC201708-2001,2,2 mg/kg PCDRUG,M,2.0,"Gland, Salivary, Parotid",No Remarkable Findings,,,,
PC201708,PC201708-2001,2,2 mg/kg PCDRUG,M,2.0,"Gland, Salivary, Sublingual",No Remarkable Findings,,,,
PC201708,PC201708-2001,2,2 mg/kg PCDRUG,M,2.0,"Gland, Salivary, Submandibular",No Remarkable Findings,,,,
PC201708,PC201708-2001,2,2 mg/kg PCDRUG,M,2.0,"Gland, Seminal Vesicle",No Remarkable Findings,,,,
PC201708,PC201708-2001,2,2 mg/kg PCDRUG,M,2.0,"Gland, Thyroid",No Remarkable Findings,,,,
PC201708,PC201708-2001,2,2 mg/kg PCDRUG,M,2.0,Heart,No Remarkable Findings,,,,
PC201708,PC201708-2001,2,2 mg/kg PCDRUG,M,2.0,"Joint, Hip",No Remarkable Findings,,,,
PC201708,PC201708-2001,2,2 mg/kg PCDRUG,M,2.0,Kidney,Basophilic Tubules,1,Mild,cortex; focal/multifocal,
PC201708,PC201708-2001,2,2 mg/kg PCDRUG,M,2.0,Kidney,Inflammation,1,Mild,chronic; cortex; focal/multifocal,
PC201708,PC201708-2001,2,2 mg/kg PCDRUG,M,2.0,"Large Intestine, Cecum",No Remarkable Findings,,,,
PC201708,PC201708-2001,2,2 mg/kg PCDRUG,M,2.0,"Large Intestine, Colon",No Remarkable Findings,,,,
PC201708,PC201708-2001,2,2 mg/kg PCDRUG,M,2.0,"Large Intestine, Rectum",No Remarkable Findings,,,,
PC201708,PC201708-2001,2,2 mg/kg PCDRUG,M,2.0,Larynx,Inflammation,1,Mild,chronic,
PC201708,PC201708-2001,2,2 mg/kg PCDRUG,M,2.0,Liver,No Remarkable Findings,,,,
PC201708,PC201708-2001,2,2 mg/kg PCDRUG,M,2.0,Lung,Macrophages Intra-Alveolar,1,Mild,focal/multifocal,
PC201708,PC201708-2001,2,2 mg/kg PCDRUG,M,2.0,"Lymph Node, Mesenteric",No Remarkable Findings,,,,
PC201708,PC201708-2001,2,2 mg/kg PCDRUG,M,2.0,"Lymph Node, Popliteal",No Remarkable Findings,,,,
PC201708,PC201708-2001,2,2 mg/kg PCDRUG,M,2.0,"Muscle, Quadriceps Femoris",No Remarkable Findings,,,,
PC201708,PC201708-2001,2,2 mg/kg PCDRUG,M,2.0,"Nerve, Optic",No Remarkable Findings,,,,
PC201708,PC201708-2001,2,2 mg/kg PCDRUG,M,2.0,"Nerve, Sciatic",No Remarkable Findings,,,,
PC201708,PC201708-2001,2,2 mg/kg PCDRUG,M,2.0,Pancreas,No Remarkable Findings,,,,
PC201708,PC201708-2001,2,2 mg/kg PCDRUG,M,2.0,Peyer'S Patch,No Remarkable Findings,,,,
PC201708,PC201708-2001,2,2 mg/kg PCDRUG,M,2.0,Skin,No Remarkable Findings,,,,
PC201708,PC201708-2001,2,2 mg/kg PCDRUG,M,2.0,"Small Intestine, Duodenum",No Remarkable Findings,,,,
PC201708,PC201708-2001,2,2 mg/kg PCDRUG,M,2.0,"Small Intestine, Ileum",No Remarkable Findings,,,,
PC201708,PC201708-2001,2,2 mg/kg PCDRUG,M,2.0,"Small Intestine, Jejunum",No Remarkable Findings,,,,
PC201708,PC201708-2001,2,2 mg/kg PCDRUG,M,2.0,"Spinal Cord, Cervical",No Remarkable Findings,,,,
PC201708,PC201708-2001,2,2 mg/kg PCDRUG,M,2.0,"Spinal Cord, Lumbar",No Remarkable Findings,,,,
PC201708,PC201708-2001,2,2 mg/kg PCDRUG,M,2.0,"Spinal Cord, Thoracic",No Remarkable Findings,,,,
PC201708,PC201708-2001,2,2 mg/kg PCDRUG,M,2.0,Spleen,Congestion,1,Mild,red pulp; diffuse,
PC201708,PC201708-2001,2,2 mg/kg PCDRUG,M,2.0,Stomach,No Remarkable Findings,,,,
PC201708,PC201708-2001,2,2 mg/kg PCDRUG,M,2.0,Testis,No Remarkable Findings,,,,
PC201708,PC201708-2001,2,2 mg/kg PCDRUG,M,2.0,Thymus,No Remarkable Findings,,,,
PC201708,PC201708-2001,2,2 mg/kg PCDRUG,M,2.0,Tongue,No Remarkable Findings,,,,
PC201708,PC201708-2001,2,2 mg/kg PCDRUG,M,2.0,Trachea,No Remarkable Findings,,,,
PC201708,PC201708-2001,2,2 mg/kg PCDRUG,M,2.0,Ureter,No Remarkable Findings,,,,
PC201708,PC201708-2001,2,2 mg/kg PCDRUG,M,2.0,Urinary Bladder,No Remarkable Findings,,,,
PC201708,PC201708-2002,2,2 mg/kg PCDRUG,M,2.0,"Artery, Aorta",No Remarkable Findings,,,,
PC201708,PC201708-2002,2,2 mg/kg PCDRUG,M,2.0,"Bone Marrow, Femur",Fat Vacuoles,2,Moderate,diffuse,
PC201708,PC201708-2002,2,2 mg/kg PCDRUG,M,2.0,"Bone Marrow, Sternum",No Remarkable Findings,,,,
PC201708,PC201708-2002,2,2 mg/kg PCDRUG,M,2.0,"Bone, Sternum",No Remarkable Findings,,,,
PC201708,PC201708-2002,2,2 mg/kg PCDRUG,M,2.0,Brain,No Remarkable Findings,,,,
PC201708,PC201708-2002,2,2 mg/kg PCDRUG,M,2.0,Epididymis,No Remarkable Findings,,,,
PC201708,PC201708-2002,2,2 mg/kg PCDRUG,M,2.0,Esophagus,No Remarkable Findings,,,,
PC201708,PC201708-2002,2,2 mg/kg PCDRUG,M,2.0,Eye,No Remarkable Findings,,,,
PC201708,PC201708-2002,2,2 mg/kg PCDRUG,M,2.0,"Gland, Adrenal",Vacuolization,1,Mild,cortex; diffuse,
PC201708,PC201708-2002,2,2 mg/kg PCDRUG,M,2.0,"Gland, Coagulating",No Remarkable Findings,,,,
PC201708,PC201708-2002,2,2 mg/kg PCDRUG,M,2.0,"Gland, Harderian",No Remarkable Findings,,,,
PC201708,PC201708-2002,2,2 mg/kg PCDRUG,M,2.0,"Gland, Mammary",No Remarkable Findings,,,,
PC201708,PC201708-2002,2,2 mg/kg PCDRUG,M,2.0,"Gland, Parathyroid",No Remarkable Findings,,,,
PC201708,PC201708-2002,2,2 mg/kg PCDRUG,M,2.0,"Gland, Pituitary",No Remarkable Findings,,,,
PC201708,PC201708-2002,2,2 mg/kg PCDRUG,M,2.0,"Gland, Prostate",Inflammation,2,Moderate,chronic; ventral + dorsolateral,
PC201708,PC201708-2002,2,2 mg/kg PCDRUG,M,2.0,"Gland, Salivary, Parotid",No Remarkable Findings,,,,
PC201708,PC201708-2002,2,2 mg/kg PCDRUG,M,2.0,"Gland, Salivary, Sublingual",No Remarkable Findings,,,,
PC201708,PC201708-2002,2,2 mg/kg PCDRUG,M,2.0,"Gland, Salivary, Submandibular",No Remarkable Findings,,,,
PC201708,PC201708-2002,2,2 mg/kg PCDRUG,M,2.0,"Gland, Seminal Vesicle",No Remarkable Findings,,,,
PC201708,PC201708-2002,2,2 mg/kg PCDRUG,M,2.0,"Gland, Thyroid",Inflammation,1,Mild,chronic; adventitia; focal,
PC201708,PC201708-2002,2,2 mg/kg PCDRUG,M,2.0,Heart,No Remarkable Findings,,,,
PC201708,PC201708-2002,2,2 mg/kg PCDRUG,M,2.0,"Joint, Hip",No Remarkable Findings,,,,
PC201708,PC201708-2002,2,2 mg/kg PCDRUG,M,2.0,Kidney,Necrosis,2,Moderate,proximal tubule; focal,
PC201708,PC201708-2002,2,2 mg/kg PCDRUG,M,2.0,"Large Intestine, Cecum",No Remarkable Findings,,,,
PC201708,PC201708-2002,2,2 mg/kg PCDRUG,M,2.0,"Large Intestine, Colon",No Remarkable Findings,,,,
PC201708,PC201708-2002,2,2 mg/kg PCDRUG,M,2.0,"Large Intestine, Rectum",No Remarkable Findings,,,,
PC201708,PC201708-2002,2,2 mg/kg PCDRUG,M,2.0,Larynx,No Remarkable Findings,,,,
PC201708,PC201708-2002,2,2 mg/kg PCDRUG,M,2.0,Liver,Vacuolization,1,Mild,centrilobular,
PC201708,PC201708-2002,2,2 mg/kg PCDRUG,M,2.0,Lung,Macrophages Intra-Alveolar,1,Mild,focal/multifocal,
PC201708,PC201708-2002,2,2 mg/kg PCDRUG,M,2.0,"Lymph Node, Mesenteric",No Remarkable Findings,,,,
PC201708,PC201708-2002,2,2 mg/kg PCDRUG,M,2.0,"Lymph Node, Popliteal",No Remarkable Findings,,,,
PC201708,PC201708-2002,2,2 mg/kg PCDRUG,M,2.0,"Muscle, Quadriceps Femoris",No Remarkable Findings,,,,
PC201708,PC201708-2002,2,2 mg/kg PCDRUG,M,2.0,"Nerve, Optic",No Remarkable Findings,,,,
PC201708,PC201708-2002,2,2 mg/kg PCDRUG,M,2.0,"Nerve, Sciatic",No Remarkable Findings,,,,
PC201708,PC201708-2002,2,2 mg/kg PCDRUG,M,2.0,Pancreas,Inflammation,1,Mild,acute,
PC201708,PC201708-2002,2,2 mg/kg PCDRUG,M,2.0,Peyer'S Patch,No Remarkable Findings,,,,
PC201708,PC201708-2002,2,2 mg/kg PCDRUG,M,2.0,Skin,No Remarkable Findings,,,,
PC201708,PC201708-2002,2,2 mg/kg PCDRUG,M,2.0,"Small Intestine, Duodenum",No Remarkable Findings,,,,
PC201708,PC201708-2002,2,2 mg/kg PCDRUG,M,2.0,"Small Intestine, Ileum",No Remarkable Findings,,,,
PC201708,PC201708-2002,2,2 mg/kg PCDRUG,M,2.0,"Small Intestine, Jejunum",No Remarkable Findings,,,,
PC201708,PC201708-2002,2,2 mg/kg PCDRUG,M,2.0,"Spinal Cord, Cervical",No Remarkable Findings,,,,
PC201708,PC201708-2002,2,2 mg/kg PCDRUG,M,2.0,"Spinal Cord, Lumbar",No Remarkable Findings,,,,
PC201708,PC201708-2002,2,2 mg/kg PCDRUG,M,2.0,"Spinal Cord, Thoracic",No Remarkable Findings,,,,
PC201708,PC201708-2002,2,2 mg/kg PCDRUG,M,2.0,Spleen,Congestion,1,Mild,red pulp; diffuse,
PC201708,PC201708-2002,2,2 mg/kg PCDRUG,M,2.0,Stomach,Erosion,1,Mild,,
PC201708,PC201708-2002,2,2 mg/kg PCDRUG,M,2.0,Testis,No Remarkable Findings,,,,
PC201708,PC201708-2002,2,2 mg/kg PCDRUG,M,2.0,Thymus,No Remarkable Findings,,,,
PC201708,PC201708-2002,2,2 mg/kg PCDRUG,M,2.0,Tongue,No Remarkable Findings,,,,
PC201708,PC201708-2002,2,2 mg/kg PCDRUG,M,2.0,Trachea,No Remarkable Findings,,,,
PC201708,PC201708-2002,2,2 mg/kg PCDRUG,M,2.0,Ureter,No Remarkable Findings,,,,
PC201708,PC201708-2002,2,2 mg/kg PCDRUG,M,2.0,Urinary Bladder,Inflammation,1,Mild,chronic; focal/multifocal,
PC201708,PC201708-2003,2,2 mg/kg PCDRUG,M,2.0,"Artery, Aorta",No Remarkable Findings,,,,
PC201708,PC201708-2003,2,2 mg/kg PCDRUG,M,2.0,"Bone Marrow, Femur",Fat Vacuoles,1,Mild,diffuse,
PC201708,PC201708-2003,2,2 mg/kg PCDRUG,M,2.0,"Bone Marrow, Sternum",No Remarkable Findings,,,,
PC201708,PC201708-2003,2,2 mg/kg PCDRUG,M,2.0,"Bone, Sternum",No Remarkable Findings,,,,
PC201708,PC201708-2003,2,2 mg/kg PCDRUG,M,2.0,Brain,No Remarkable Findings,,,,
PC201708,PC201708-2003,2,2 mg/kg PCDRUG,M,2.0,Epididymis,Aspermia,,,,
PC201708,PC201708-2003,2,2 mg/kg PCDRUG,M,2.0,Esophagus,No Remarkable Findings,,,,
PC201708,PC201708-2003,2,2 mg/kg PCDRUG,M,2.0,Eye,No Remarkable Findings,,,,
PC201708,PC201708-2003,2,2 mg/kg PCDRUG,M,2.0,"Gland, Adrenal",Vacuolization,1,Mild,cortex; diffuse,
PC201708,PC201708-2003,2,2 mg/kg PCDRUG,M,2.0,"Gland, Coagulating",No Remarkable Findings,,,,
PC201708,PC201708-2003,2,2 mg/kg PCDRUG,M,2.0,"Gland, Harderian",No Remarkable Findings,,,,
PC201708,PC201708-2003,2,2 mg/kg PCDRUG,M,2.0,"Gland, Mammary",No Remarkable Findings,,,,
PC201708,PC201708-2003,2,2 mg/kg PCDRUG,M,2.0,"Gland, Parathyroid",No Remarkable Findings,,,,
PC201708,PC201708-2003,2,2 mg/kg PCDRUG,M,2.0,"Gland, Pituitary",No Remarkable Findings,,,,
PC201708,PC201708-2003,2,2 mg/kg PCDRUG,M,2.0,"Gland, Prostate",Inflammation,1,Mild,chronic; ventral,
PC201708,PC201708-2003,2,2 mg/kg PCDRUG,M,2.0,"Gland, Salivary, Parotid",No Remarkable Findings,,,,
PC201708,PC201708-2003,2,2 mg/kg PCDRUG,M,2.0,"Gland, Salivary, Sublingual",No Remarkable Findings,,,,
PC201708,PC201708-2003,2,2 mg/kg PCDRUG,M,2.0,"Gland, Salivary, Submandibular",No Remarkable Findings,,,,
PC201708,PC201708-2003,2,2 mg/kg PCDRUG,M,2.0,"Gland, Seminal Vesicle",No Remarkable Findings,,,,
PC201708,PC201708-2003,2,2 mg/kg PCDRUG,M,2.0,"Gland, Thyroid",Ectopic Lymphoid Tissue,1,Mild,focus,
PC201708,PC201708-2003,2,2 mg/kg PCDRUG,M,2.0,Heart,No Remarkable Findings,,,,
PC201708,PC201708-2003,2,2 mg/kg PCDRUG,M,2.0,"Joint, Hip",No Remarkable Findings,,,,
PC201708,PC201708-2003,2,2 mg/kg PCDRUG,M,2.0,Kidney,Basophilic Tubules,1,Mild,cortex; focal/multifocal,
PC201708,PC201708-2003,2,2 mg/kg PCDRUG,M,2.0,"Large Intestine, Cecum",No Remarkable Findings,,,,
PC201708,PC201708-2003,2,2 mg/kg PCDRUG,M,2.0,"Large Intestine, Colon",No Remarkable Findings,,,,
PC201708,PC201708-2003,2,2 mg/kg PCDRUG,M,2.0,"Large Intestine, Rectum",No Remarkable Findings,,,,
PC201708,PC201708-2003,2,2 mg/kg PCDRUG,M,2.0,Larynx,No Remarkable Findings,,,,
PC201708,PC201708-2003,2,2 mg/kg PCDRUG,M,2.0,Liver,No Remarkable Findings,,,,
PC201708,PC201708-2003,2,2 mg/kg PCDRUG,M,2.0,Lung,Inflammation,1,Mild,chronic; focal,
PC201708,PC201708-2003,2,2 mg/kg PCDRUG,M,2.0,Lung,Macrophages Intra-Alveolar,1,Mild,focal/multifocal,
PC201708,PC201708-2003,2,2 mg/kg PCDRUG,M,2.0,Lung,Metaplasia,1,Mild,chondro-osseous; focal,
PC201708,PC201708-2003,2,2 mg/kg PCDRUG,M,2.0,"Lymph Node, Mesenteric",No Remarkable Findings,,,,
PC201708,PC201708-2003,2,2 mg/kg PCDRUG,M,2.0,"Lymph Node, Popliteal",No Remarkable Findings,,,,
PC201708,PC201708-2003,2,2 mg/kg PCDRUG,M,2.0,"Muscle, Quadriceps Femoris",No Remarkable Findings,,,,
PC201708,PC201708-2003,2,2 mg/kg PCDRUG,M,2.0,"Nerve, Optic",No Remarkable Findings,,,,
PC201708,PC201708-2003,2,2 mg/kg PCDRUG,M,2.0,"Nerve, Sciatic",No Remarkable Findings,,,,
PC201708,PC201708-2003,2,2 mg/kg PCDRUG,M,2.0,Pancreas,No Remarkable Findings,,,,
PC201708,PC201708-2003,2,2 mg/kg PCDRUG,M,2.0,Peyer'S Patch,No Remarkable Findings,,,,
PC201708,PC201708-2003,2,2 mg/kg PCDRUG,M,2.0,Skin,No Remarkable Findings,,,,
PC201708,PC201708-2003,2,2 mg/kg PCDRUG,M,2.0,"Small Intestine, Duodenum",No Remarkable Findings,,,,
PC201708,PC201708-2003,2,2 mg/kg PCDRUG,M,2.0,"Small Intestine, Ileum",No Remarkable Findings,,,,
PC201708,PC201708-2003,2,2 mg/kg PCDRUG,M,2.0,"Small Intestine, Jejunum",No Remarkable Findings,,,,
PC201708,PC201708-2003,2,2 mg/kg PCDRUG,M,2.0,"Spinal Cord, Cervical",No Remarkable Findings,,,,
PC201708,PC201708-2003,2,2 mg/kg PCDRUG,M,2.0,"Spinal Cord, Lumbar",No Remarkable Findings,,,,
PC201708,PC201708-2003,2,2 mg/kg PCDRUG,M,2.0,"Spinal Cord, Thoracic",No Remarkable Findings,,,,
PC201708,PC201708-2003,2,2 mg/kg PCDRUG,M,2.0,Spleen,Congestion,1,Mild,red pulp; diffuse,
PC201708,PC201708-2003,2,2 mg/kg PCDRUG,M,2.0,Stomach,No Remarkable Findings,,,,
PC201708,PC201708-2003,2,2 mg/kg PCDRUG,M,2.0,Testis,Azoospermia,,,,
PC201708,PC201708-2003,2,2 mg/kg PCDRUG,M,2.0,Thymus,No Remarkable Findings,,,,
PC201708,PC201708-2003,2,2 mg/kg PCDRUG,M,2.0,Tongue,No Remarkable Findings,,,,
PC201708,PC201708-2003,2,2 mg/kg PCDRUG,M,2.0,Trachea,Infiltration Mononuclear Cell,1,Mild,submucosa,
PC201708,PC201708-2003,2,2 mg/kg PCDRUG,M,2.0,Ureter,No Remarkable Findings,,,,
PC201708,PC201708-2003,2,2 mg/kg PCDRUG,M,2.0,Urinary Bladder,No Remarkable Findings,,,,
PC201708,PC201708-2004,2,2 mg/kg PCDRUG,M,2.0,"Artery, Aorta",No Remarkable Findings,,,,
PC201708,PC201708-2004,2,2 mg/kg PCDRUG,M,2.0,"Bone Marrow, Femur",Fat Vacuoles,1,Mild,diffuse,
PC201708,PC201708-2004,2,2 mg/kg PCDRUG,M,2.0,"Bone Marrow, Sternum",No Remarkable Findings,,,,
PC201708,PC201708-2004,2,2 mg/kg PCDRUG,M,2.0,"Bone, Sternum",No Remarkable Findings,,,,
PC201708,PC201708-2004,2,2 mg/kg PCDRUG,M,2.0,Brain,No Remarkable Findings,,,,
PC201708,PC201708-2004,2,2 mg/kg PCDRUG,M,2.0,Epididymis,No Remarkable Findings,,,,
PC201708,PC201708-2004,2,2 mg/kg PCDRUG,M,2.0,Esophagus,No Remarkable Findings,,,,
PC201708,PC201708-2004,2,2 mg/kg PCDRUG,M,2.0,Eye,No Remarkable Findings,,,,
PC201708,PC201708-2004,2,2 mg/kg PCDRUG,M,2.0,"Gland, Adrenal",Vacuolization,1,Mild,cortex; diffuse,
PC201708,PC201708-2004,2,2 mg/kg PCDRUG,M,2.0,"Gland, Coagulating",No Remarkable Findings,,,,
PC201708,PC201708-2004,2,2 mg/kg PCDRUG,M,2.0,"Gland, Harderian",No Remarkable Findings,,,,
PC201708,PC201708-2004,2,2 mg/kg PCDRUG,M,2.0,"Gland, Mammary",No Remarkable Findings,,,,
PC201708,PC201708-2004,2,2 mg/kg PCDRUG,M,2.0,"Gland, Parathyroid",No Remarkable Findings,,,,
PC201708,PC201708-2004,2,2 mg/kg PCDRUG,M,2.0,"Gland, Pituitary",No Remarkable Findings,,,,
PC201708,PC201708-2004,2,2 mg/kg PCDRUG,M,2.0,"Gland, Prostate",No Remarkable Findings,,,,
PC201708,PC201708-2004,2,2 mg/kg PCDRUG,M,2.0,"Gland, Salivary, Parotid",Inflammation,1,Mild,chronic; multifocal,
PC201708,PC201708-2004,2,2 mg/kg PCDRUG,M,2.0,"Gland, Salivary, Sublingual",No Remarkable Findings,,,,
PC201708,PC201708-2004,2,2 mg/kg PCDRUG,M,2.0,"Gland, Salivary, Submandibular",No Remarkable Findings,,,,
PC201708,PC201708-2004,2,2 mg/kg PCDRUG,M,2.0,"Gland, Seminal Vesicle",No Remarkable Findings,,,,
PC201708,PC201708-2004,2,2 mg/kg PCDRUG,M,2.0,"Gland, Thyroid",No Remarkable Findings,,,,
PC201708,PC201708-2004,2,2 mg/kg PCDRUG,M,2.0,Heart,No Remarkable Findings,,,,
PC201708,PC201708-2004,2,2 mg/kg PCDRUG,M,2.0,"Joint, Hip",No Remarkable Findings,,,,
PC201708,PC201708-2004,2,2 mg/kg PCDRUG,M,2.0,Kidney,Necrosis,2,Moderate,proximal tubule; focal,
PC201708,PC201708-2004,2,2 mg/kg PCDRUG,M,2.0,"Large Intestine, Cecum",No Remarkable Findings,,,,
PC201708,PC201708-2004,2,2 mg/kg PCDRUG,M,2.0,"Large Intestine, Colon",No Remarkable Findings,,,,
PC201708,PC201708-2004,2,2 mg/kg PCDRUG,M,2.0,"Large Intestine, Rectum",No Remarkable Findings,,,,
PC201708,PC201708-2004,2,2 mg/kg PCDRUG,M,2.0,Larynx,No Remarkable Findings,,,,
PC201708,PC201708-2004,2,2 mg/kg PCDRUG,M,2.0,Liver,No Remarkable Findings,,,,
PC201708,PC201708-2004,2,2 mg/kg PCDRUG,M,2.0,Lung,Infiltration Granulocytic,1,Mild,perivascular; focal,
PC201708,PC201708-2004,2,2 mg/kg PCDRUG,M,2.0,Lung,Macrophages Intra-Alveolar,1,Mild,focal/multifocal,
PC201708,PC201708-2004,2,2 mg/kg PCDRUG,M,2.0,"Lymph Node, Mesenteric",No Remarkable Findings,,,,
PC201708,PC201708-2004,2,2 mg/kg PCDRUG,M,2.0,"Lymph Node, Popliteal",No Remarkable Findings,,,,
PC201708,PC201708-2004,2,2 mg/kg PCDRUG,M,2.0,"Muscle, Quadriceps Femoris",No Remarkable Findings,,,,
PC201708,PC201708-2004,2,2 mg/kg PCDRUG,M,2.0,"Nerve, Optic",No Remarkable Findings,,,,
PC201708,PC201708-2004,2,2 mg/kg PCDRUG,M,2.0,"Nerve, Sciatic",No Remarkable Findings,,,,
PC201708,PC201708-2004,2,2 mg/kg PCDRUG,M,2.0,Pancreas,Inflammation,1,Mild,acute,
PC201708,PC201708-2004,2,2 mg/kg PCDRUG,M,2.0,Peyer'S Patch,No Remarkable Findings,,,,
PC201708,PC201708-2004,2,2 mg/kg PCDRUG,M,2.0,Skin,No Remarkable Findings,,,,
PC201708,PC201708-2004,2,2 mg/kg PCDRUG,M,2.0,"Small Intestine, Duodenum",No Remarkable Findings,,,,
PC201708,PC201708-2004,2,2 mg/kg PCDRUG,M,2.0,"Small Intestine, Ileum",No Remarkable Findings,,,,
PC201708,PC201708-2004,2,2 mg/kg PCDRUG,M,2.0,"Small Intestine, Jejunum",No Remarkable Findings,,,,
PC201708,PC201708-2004,2,2 mg/kg PCDRUG,M,2.0,"Spinal Cord, Cervical",No Remarkable Findings,,,,
PC201708,PC201708-2004,2,2 mg/kg PCDRUG,M,2.0,"Spinal Cord, Lumbar",No Remarkable Findings,,,,
PC201708,PC201708-2004,2,2 mg/kg PCDRUG,M,2.0,"Spinal Cord, Thoracic",No Remarkable Findings,,,,
PC201708,PC201708-2004,2,2 mg/kg PCDRUG,M,2.0,Spleen,No Remarkable Findings,,,,
PC201708,PC201708-2004,2,2 mg/kg PCDRUG,M,2.0,Stomach,Edema,1,Mild,nonglandular region; submucosa,
PC201708,PC201708-2004,2,2 mg/kg PCDRUG,M,2.0,Testis,No Remarkable Findings,,,,
PC201708,PC201708-2004,2,2 mg/kg PCDRUG,M,2.0,Thymus,No Remarkable Findings,,,,
PC201708,PC201708-2004,2,2 mg/kg PCDRUG,M,2.0,Tongue,No Remarkable Findings,,,,
PC201708,PC201708-2004,2,2 mg/kg PCDRUG,M,2.0,Trachea,No Remarkable Findings,,,,
PC201708,PC201708-2004,2,2 mg/kg PCDRUG,M,2.0,Ureter,No Remarkable Findings,,,,
PC201708,PC201708-2004,2,2 mg/kg PCDRUG,M,2.0,Urinary Bladder,No Remarkable Findings,,,,
PC201708,PC201708-2005,2,2 mg/kg PCDRUG,M,2.0,"Artery, Aorta",No Remarkable Findings,,,,
PC201708,PC201708-2005,2,2 mg/kg PCDRUG,M,2.0,"Bone Marrow, Femur",Fat Vacuoles,2,Moderate,diffuse,
PC201708,PC201708-2005,2,2 mg/kg PCDRUG,M,2.0,"Bone Marrow, Sternum",No Remarkable Findings,,,,
PC201708,PC201708-2005,2,2 mg/kg PCDRUG,M,2.0,"Bone, Sternum",No Remarkable Findings,,,,
PC201708,PC201708-2005,2,2 mg/kg PCDRUG,M,2.0,Brain,No Remarkable Findings,,,,
PC201708,PC201708-2005,2,2 mg/kg PCDRUG,M,2.0,Epididymis,No Remarkable Findings,,,,
PC201708,PC201708-2005,2,2 mg/kg PCDRUG,M,2.0,Esophagus,No Remarkable Findings,,,,
PC201708,PC201708-2005,2,2 mg/kg PCDRUG,M,2.0,Eye,No Remarkable Findings,,,,
PC201708,PC201708-2005,2,2 mg/kg PCDRUG,M,2.0,"Gland, Adrenal",No Remarkable Findings,,,,
PC201708,PC201708-2005,2,2 mg/kg PCDRUG,M,2.0,"Gland, Coagulating",No Remarkable Findings,,,,
PC201708,PC201708-2005,2,2 mg/kg PCDRUG,M,2.0,"Gland, Harderian",No Remarkable Findings,,,,
PC201708,PC201708-2005,2,2 mg/kg PCDRUG,M,2.0,"Gland, Mammary",No Remarkable Findings,,,,
PC201708,PC201708-2005,2,2 mg/kg PCDRUG,M,2.0,"Gland, Parathyroid",No Remarkable Findings,,,,
PC201708,PC201708-2005,2,2 mg/kg PCDRUG,M,2.0,"Gland, Pituitary",No Remarkable Findings,,,,
PC201708,PC201708-2005,2,2 mg/kg PCDRUG,M,2.0,"Gland, Prostate",Inflammation,2,Moderate,chronic; ventral,
PC201708,PC201708-2005,2,2 mg/kg PCDRUG,M,2.0,"Gland, Salivary, Parotid",No Remarkable Findings,,,,
PC201708,PC201708-2005,2,2 mg/kg PCDRUG,M,2.0,"Gland, Salivary, Sublingual",No Remarkable Findings,,,,
PC201708,PC201708-2005,2,2 mg/kg PCDRUG,M,2.0,"Gland, Salivary, Submandibular",No Remarkable Findings,,,,
PC201708,PC201708-2005,2,2 mg/kg PCDRUG,M,2.0,"Gland, Seminal Vesicle",No Remarkable Findings,,,,
PC201708,PC201708-2005,2,2 mg/kg PCDRUG,M,2.0,"Gland, Thyroid",No Remarkable Findings,,,,
PC201708,PC201708-2005,2,2 mg/kg PCDRUG,M,2.0,Heart,No Remarkable Findings,,,,
PC201708,PC201708-2005,2,2 mg/kg PCDRUG,M,2.0,"Joint, Hip",No Remarkable Findings,,,,
PC201708,PC201708-2005,2,2 mg/kg PCDRUG,M,2.0,Kidney,No Remarkable Findings,,,,
PC201708,PC201708-2005,2,2 mg/kg PCDRUG,M,2.0,"Large Intestine, Cecum",No Remarkable Findings,,,,
PC201708,PC201708-2005,2,2 mg/kg PCDRUG,M,2.0,"Large Intestine, Colon",No Remarkable Findings,,,,
PC201708,PC201708-2005,2,2 mg/kg PCDRUG,M,2.0,"Large Intestine, Rectum",No Remarkable Findings,,,,
PC201708,PC201708-2005,2,2 mg/kg PCDRUG,M,2.0,Larynx,No Remarkable Findings,,,,
PC201708,PC201708-2005,2,2 mg/kg PCDRUG,M,2.0,Liver,No Remarkable Findings,,,,
PC201708,PC201708-2005,2,2 mg/kg PCDRUG,M,2.0,Lung,Infiltration Granulocytic,1,Mild,perivascular; focal,
PC201708,PC201708-2005,2,2 mg/kg PCDRUG,M,2.0,Lung,Metaplasia,1,Mild,chondro-osseous; focal,
PC201708,PC201708-2005,2,2 mg/kg PCDRUG,M,2.0,"Lymph Node, Mesenteric",No Remarkable Findings,,,,
PC201708,PC201708-2005,2,2 mg/kg PCDRUG,M,2.0,"Lymph Node, Popliteal",No Remarkable Findings,,,,
PC201708,PC201708-2005,2,2 mg/kg PCDRUG,M,2.0,"Muscle, Quadriceps Femoris",No Remarkable Findings,,,,
PC201708,PC201708-2005,2,2 mg/kg PCDRUG,M,2.0,"Nerve, Optic",No Remarkable Findings,,,,
PC201708,PC201708-2005,2,2 mg/kg PCDRUG,M,2.0,"Nerve, Sciatic",No Remarkable Findings,,,,
PC201708,PC201708-2005,2,2 mg/kg PCDRUG,M,2.0,Pancreas,No Remarkable Findings,,,,
PC201708,PC201708-2005,2,2 mg/kg PCDRUG,M,2.0,Peyer'S Patch,No Remarkable Findings,,,,
PC201708,PC201708-2005,2,2 mg/kg PCDRUG,M,2.0,Skin,No Remarkable Findings,,,,
PC201708,PC201708-2005,2,2 mg/kg PCDRUG,M,2.0,"Small Intestine, Duodenum",No Remarkable Findings,,,,
PC201708,PC201708-2005,2,2 mg/kg PCDRUG,M,2.0,"Small Intestine, Ileum",No Remarkable Findings,,,,
PC201708,PC201708-2005,2,2 mg/kg PCDRUG,M,2.0,"Small Intestine, Jejunum",No Remarkable Findings,,,,
PC201708,PC201708-2005,2,2 mg/kg PCDRUG,M,2.0,"Spinal Cord, Cervical",No Remarkable Findings,,,,
PC201708,PC201708-2005,2,2 mg/kg PCDRUG,M,2.0,"Spinal Cord, Lumbar",No Remarkable Findings,,,,
PC201708,PC201708-2005,2,2 mg/kg PCDRUG,M,2.0,"Spinal Cord, Thoracic",No Remarkable Findings,,,,
PC201708,PC201708-2005,2,2 mg/kg PCDRUG,M,2.0,Spleen,Pigmentation,1,Mild,red pulp; diffuse,
PC201708,PC201708-2005,2,2 mg/kg PCDRUG,M,2.0,Stomach,No Remarkable Findings,,,,
PC201708,PC201708-2005,2,2 mg/kg PCDRUG,M,2.0,Testis,No Remarkable Findings,,,,
PC201708,PC201708-2005,2,2 mg/kg PCDRUG,M,2.0,Thymus,No Remarkable Findings,,,,
PC201708,PC201708-2005,2,2 mg/kg PCDRUG,M,2.0,Tongue,Hemorrhage,1,Mild,,
PC201708,PC201708-2005,2,2 mg/kg PCDRUG,M,2.0,Trachea,No Remarkable Findings,,,,
PC201708,PC201708-2005,2,2 mg/kg PCDRUG,M,2.0,Ureter,No Remarkable Findings,,,,
PC201708,PC201708-2005,2,2 mg/kg PCDRUG,M,2.0,Urinary Bladder,No Remarkable Findings,,,,
PC201708,PC201708-2006,2,2 mg/kg PCDRUG,M,2.0,"Artery, Aorta",No Remarkable Findings,,,,
PC201708,PC201708-2006,2,2 mg/kg PCDRUG,M,2.0,"Bone Marrow, Femur",Fat Vacuoles,1,Mild,diffuse,
PC201708,PC201708-2006,2,2 mg/kg PCDRUG,M,2.0,"Bone Marrow, Sternum",No Remarkable Findings,,,,
PC201708,PC201708-2006,2,2 mg/kg PCDRUG,M,2.0,"Bone, Sternum",No Remarkable Findings,,,,
PC201708,PC201708-2006,2,2 mg/kg PCDRUG,M,2.0,Brain,No Remarkable Findings,,,,
PC201708,PC201708-2006,2,2 mg/kg PCDRUG,M,2.0,Epididymis,No Remarkable Findings,,,,
PC201708,PC201708-2006,2,2 mg/kg PCDRUG,M,2.0,Esophagus,No Remarkable Findings,,,,
PC201708,PC201708-2006,2,2 mg/kg PCDRUG,M,2.0,Eye,No Remarkable Findings,,,,
PC201708,PC201708-2006,2,2 mg/kg PCDRUG,M,2.0,"Gland, Adrenal",Vacuolization,1,Mild,cortex; diffuse,
PC201708,PC201708-2006,2,2 mg/kg PCDRUG,M,2.0,"Gland, Coagulating",No Remarkable Findings,,,,
PC201708,PC201708-2006,2,2 mg/kg PCDRUG,M,2.0,"Gland, Harderian",No Remarkable Findings,,,,
PC201708,PC201708-2006,2,2 mg/kg PCDRUG,M,2.0,"Gland, Mammary",No Remarkable Findings,,,,
PC201708,PC201708-2006,2,2 mg/kg PCDRUG,M,2.0,"Gland, Parathyroid",No Remarkable Findings,,,,
PC201708,PC201708-2006,2,2 mg/kg PCDRUG,M,2.0,"Gland, Pituitary",No Remarkable Findings,,,,
PC201708,PC201708-2006,2,2 mg/kg PCDRUG,M,2.0,"Gland, Prostate",No Remarkable Findings,,,,
PC201708,PC201708-2006,2,2 mg/kg PCDRUG,M,2.0,"Gland, Salivary, Parotid",Calculus,1,Mild,single; minifocus,
PC201708,PC201708-2006,2,2 mg/kg PCDRUG,M,2.0,"Gland, Salivary, Sublingual",No Remarkable Findings,,,,
PC201708,PC201708-2006,2,2 mg/kg PCDRUG,M,2.0,"Gland, Salivary, Submandibular",No Remarkable Findings,,,,
PC201708,PC201708-2006,2,2 mg/kg PCDRUG,M,2.0,"Gland, Seminal Vesicle",No Remarkable Findings,,,,
PC201708,PC201708-2006,2,2 mg/kg PCDRUG,M,2.0,"Gland, Thyroid",No Remarkable Findings,,,,
PC201708,PC201708-2006,2,2 mg/kg PCDRUG,M,2.0,Heart,No Remarkable Findings,,,,
PC201708,PC201708-2006,2,2 mg/kg PCDRUG,M,2.0,"Joint, Hip",No Remarkable Findings,,,,
PC201708,PC201708-2006,2,2 mg/kg PCDRUG,M,2.0,Kidney,Basophilic Tubules,1,Mild,cortex; focal/multifocal,
PC201708,PC201708-2006,2,2 mg/kg PCDRUG,M,2.0,"Large Intestine, Cecum",No Remarkable Findings,,,,
PC201708,PC201708-2006,2,2 mg/kg PCDRUG,M,2.0,"Large Intestine, Colon",No Remarkable Findings,,,,
PC201708,PC201708-2006,2,2 mg/kg PCDRUG,M,2.0,"Large Intestine, Rectum",No Remarkable Findings,,,,
PC201708,PC201708-2006,2,2 mg/kg PCDRUG,M,2.0,Larynx,No Remarkable Findings,,,,
PC201708,PC201708-2006,2,2 mg/kg PCDRUG,M,2.0,Liver,No Remarkable Findings,,,,
PC201708,PC201708-2006,2,2 mg/kg PCDRUG,M,2.0,Lung,No Remarkable Findings,,,,
PC201708,PC201708-2006,2,2 mg/kg PCDRUG,M,2.0,"Lymph Node, Mesenteric",No Remarkable Findings,,,,
PC201708,PC201708-2006,2,2 mg/kg PCDRUG,M,2.0,"Lymph Node, Popliteal",No Remarkable Findings,,,,
PC201708,PC201708-2006,2,2 mg/kg PCDRUG,M,2.0,"Muscle, Quadriceps Femoris",No Remarkable Findings,,,,
PC201708,PC201708-2006,2,2 mg/kg PCDRUG,M,2.0,"Nerve, Optic",No Remarkable Findings,,,,
PC201708,PC201708-2006,2,2 mg/kg PCDRUG,M,2.0,"Nerve, Sciatic",No Remarkable Findings,,,,
PC201708,PC201708-2006,2,2 mg/kg PCDRUG,M,2.0,Pancreas,No Remarkable Findings,,,,
PC201708,PC201708-2006,2,2 mg/kg PCDRUG,M,2.0,Peyer'S Patch,No Remarkable Findings,,,,
PC201708,PC201708-2006,2,2 mg/kg PCDRUG,M,2.0,Skin,No Remarkable Findings,,,,
PC201708,PC201708-2006,2,2 mg/kg PCDRUG,M,2.0,"Small Intestine, Duodenum",No Remarkable Findings,,,,
PC201708,PC201708-2006,2,2 mg/kg PCDRUG,M,2.0,"Small Intestine, Ileum",No Remarkable Findings,,,,
PC201708,PC201708-2006,2,2 mg/kg PCDRUG,M,2.0,"Small Intestine, Jejunum",No Remarkable Findings,,,,
PC201708,PC201708-2006,2,2 mg/kg PCDRUG,M,2.0,"Spinal Cord, Cervical",No Remarkable Findings,,,,
PC201708,PC201708-2006,2,2 mg/kg PCDRUG,M,2.0,"Spinal Cord, Lumbar",No Remarkable Findings,,,,
PC201708,PC201708-2006,2,2 mg/kg PCDRUG,M,2.0,"Spinal Cord, Thoracic",No Remarkable Findings,,,,
PC201708,PC201708-2006,2,2 mg/kg PCDRUG,M,2.0,Spleen,Congestion,1,Mild,red pulp; diffuse,
PC201708,PC201708-2006,2,2 mg/kg PCDRUG,M,2.0,Stomach,No Remarkable Findings,,,,
PC201708,PC201708-2006,2,2 mg/kg PCDRUG,M,2.0,Testis,No Remarkable Findings,,,,
PC201708,PC201708-2006,2,2 mg/kg PCDRUG,M,2.0,Thymus,No Remarkable Findings,,,,
PC201708,PC201708-2006,2,2 mg/kg PCDRUG,M,2.0,Tongue,No Remarkable Findings,,,,
PC201708,PC201708-2006,2,2 mg/kg PCDRUG,M,2.0,Trachea,No Remarkable Findings,,,,
PC201708,PC201708-2006,2,2 mg/kg PCDRUG,M,2.0,Ureter,No Remarkable Findings,,,,
PC201708,PC201708-2006,2,2 mg/kg PCDRUG,M,2.0,Urinary Bladder,No Remarkable Findings,,,,
PC201708,PC201708-2007,2,2 mg/kg PCDRUG,M,2.0,"Artery, Aorta",No Remarkable Findings,,,,
PC201708,PC201708-2007,2,2 mg/kg PCDRUG,M,2.0,"Bone Marrow, Femur",Fat Vacuoles,2,Moderate,diffuse,
PC201708,PC201708-2007,2,2 mg/kg PCDRUG,M,2.0,"Bone Marrow, Sternum",No Remarkable Findings,,,,
PC201708,PC201708-2007,2,2 mg/kg PCDRUG,M,2.0,"Bone, Sternum",No Remarkable Findings,,,,
PC201708,PC201708-2007,2,2 mg/kg PCDRUG,M,2.0,Brain,No Remarkable Findings,,,,
PC201708,PC201708-2007,2,2 mg/kg PCDRUG,M,2.0,Epididymis,No Remarkable Findings,,,,
PC201708,PC201708-2007,2,2 mg/kg PCDRUG,M,2.0,Esophagus,No Remarkable Findings,,,,
PC201708,PC201708-2007,2,2 mg/kg PCDRUG,M,2.0,Eye,No Remarkable Findings,,,,
PC201708,PC201708-2007,2,2 mg/kg PCDRUG,M,2.0,"Gland, Adrenal",Vacuolization,1,Mild,cortex; diffuse,
PC201708,PC201708-2007,2,2 mg/kg PCDRUG,M,2.0,"Gland, Coagulating",No Remarkable Findings,,,,
PC201708,PC201708-2007,2,2 mg/kg PCDRUG,M,2.0,"Gland, Harderian",No Remarkable Findings,,,,
PC201708,PC201708-2007,2,2 mg/kg PCDRUG,M,2.0,"Gland, Mammary",No Remarkable Findings,,,,
PC201708,PC201708-2007,2,2 mg/kg PCDRUG,M,2.0,"Gland, Parathyroid",No Remarkable Findings,,,,
PC201708,PC201708-2007,2,2 mg/kg PCDRUG,M,2.0,"Gland, Pituitary",No Remarkable Findings,,,,
PC201708,PC201708-2007,2,2 mg/kg PCDRUG,M,2.0,"Gland, Prostate",Inflammation,1,Mild,acute; dorsolateral; focal,
PC201708,PC201708-2007,2,2 mg/kg PCDRUG,M,2.0,"Gland, Salivary, Parotid",No Remarkable Findings,,,,
PC201708,PC201708-2007,2,2 mg/kg PCDRUG,M,2.0,"Gland, Salivary, Sublingual",No Remarkable Findings,,,,
PC201708,PC201708-2007,2,2 mg/kg PCDRUG,M,2.0,"Gland, Salivary, Submandibular",No Remarkable Findings,,,,
PC201708,PC201708-2007,2,2 mg/kg PCDRUG,M,2.0,"Gland, Seminal Vesicle",No Remarkable Findings,,,,
PC201708,PC201708-2007,2,2 mg/kg PCDRUG,M,2.0,"Gland, Thyroid",No Remarkable Findings,,,,
PC201708,PC201708-2007,2,2 mg/kg PCDRUG,M,2.0,Heart,No Remarkable Findings,,,,
PC201708,PC201708-2007,2,2 mg/kg PCDRUG,M,2.0,"Joint, Hip",No Remarkable Findings,,,,
PC201708,PC201708-2007,2,2 mg/kg PCDRUG,M,2.0,Kidney,Necrosis,2,Moderate,proximal tubule; focal,
PC201708,PC201708-2007,2,2 mg/kg PCDRUG,M,2.0,"Large Intestine, Cecum",No Remarkable Findings,,,,
PC201708,PC201708-2007,2,2 mg/kg PCDRUG,M,2.0,"Large Intestine, Colon",No Remarkable Findings,,,,
PC201708,PC201708-2007,2,2 mg/kg PCDRUG,M,2.0,"Large Intestine, Rectum",No Remarkable Findings,,,,
PC201708,PC201708-2007,2,2 mg/kg PCDRUG,M,2.0,Larynx,No Remarkable Findings,,,,
PC201708,PC201708-2007,2,2 mg/kg PCDRUG,M,2.0,Liver,No Remarkable Findings,,,,
PC201708,PC201708-2007,2,2 mg/kg PCDRUG,M,2.0,Lung,No Remarkable Findings,,,,
PC201708,PC201708-2007,2,2 mg/kg PCDRUG,M,2.0,"Lymph Node, Mesenteric",No Remarkable Findings,,,,
PC201708,PC201708-2007,2,2 mg/kg PCDRUG,M,2.0,"Lymph Node, Popliteal",No Remarkable Findings,,,,
PC201708,PC201708-2007,2,2 mg/kg PCDRUG,M,2.0,"Muscle, Quadriceps Femoris",No Remarkable Findings,,,,
PC201708,PC201708-2007,2,2 mg/kg PCDRUG,M,2.0,"Nerve, Optic",No Remarkable Findings,,,,
PC201708,PC201708-2007,2,2 mg/kg PCDRUG,M,2.0,"Nerve, Sciatic",No Remarkable Findings,,,,
PC201708,PC201708-2007,2,2 mg/kg PCDRUG,M,2.0,Pancreas,Inflammation,1,Mild,acute,
PC201708,PC201708-2007,2,2 mg/kg PCDRUG,M,2.0,Peyer'S Patch,Mineralization,1,Mild,multifocal,
PC201708,PC201708-2007,2,2 mg/kg PCDRUG,M,2.0,Skin,No Remarkable Findings,,,,
PC201708,PC201708-2007,2,2 mg/kg PCDRUG,M,2.0,"Small Intestine, Duodenum",No Remarkable Findings,,,,
PC201708,PC201708-2007,2,2 mg/kg PCDRUG,M,2.0,"Small Intestine, Ileum",No Remarkable Findings,,,,
PC201708,PC201708-2007,2,2 mg/kg PCDRUG,M,2.0,"Small Intestine, Jejunum",No Remarkable Findings,,,,
PC201708,PC201708-2007,2,2 mg/kg PCDRUG,M,2.0,"Spinal Cord, Cervical",No Remarkable Findings,,,,
PC201708,PC201708-2007,2,2 mg/kg PCDRUG,M,2.0,"Spinal Cord, Lumbar",No Remarkable Findings,,,,
PC201708,PC201708-2007,2,2 mg/kg PCDRUG,M,2.0,"Spinal Cord, Thoracic",No Remarkable Findings,,,,
PC201708,PC201708-2007,2,2 mg/kg PCDRUG,M,2.0,Spleen,No Remarkable Findings,,,,
PC201708,PC201708-2007,2,2 mg/kg PCDRUG,M,2.0,Stomach,No Remarkable Findings,,,,
PC201708,PC201708-2007,2,2 mg/kg PCDRUG,M,2.0,Testis,No Remarkable Findings,,,,
PC201708,PC201708-2007,2,2 mg/kg PCDRUG,M,2.0,Thymus,No Remarkable Findings,,,,
PC201708,PC201708-2007,2,2 mg/kg PCDRUG,M,2.0,Tongue,No Remarkable Findings,,,,
PC201708,PC201708-2007,2,2 mg/kg PCDRUG,M,2.0,Trachea,Infiltration Mononuclear Cell,1,Mild,submucosa,
PC201708,PC201708-2007,2,2 mg/kg PCDRUG,M,2.0,Ureter,No Remarkable Findings,,,,
PC201708,PC201708-2007,2,2 mg/kg PCDRUG,M,2.0,Urinary Bladder,No Remarkable Findings,,,,
PC201708,PC201708-2008,2,2 mg/kg PCDRUG,M,2.0,"Artery, Aorta",No Remarkable Findings,,,,
PC201708,PC201708-2008,2,2 mg/kg PCDRUG,M,2.0,"Bone Marrow, Femur",Fat Vacuoles,2,Moderate,diffuse,
PC201708,PC201708-2008,2,2 mg/kg PCDRUG,M,2.0,"Bone Marrow, Sternum",No Remarkable Findings,,,,
PC201708,PC201708-2008,2,2 mg/kg PCDRUG,M,2.0,"Bone, Sternum",No Remarkable Findings,,,,
PC201708,PC201708-2008,2,2 mg/kg PCDRUG,M,2.0,Brain,No Remarkable Findings,,,,
PC201708,PC201708-2008,2,2 mg/kg PCDRUG,M,2.0,Epididymis,No Remarkable Findings,,,,
PC201708,PC201708-2008,2,2 mg/kg PCDRUG,M,2.0,Esophagus,No Remarkable Findings,,,,
PC201708,PC201708-2008,2,2 mg/kg PCDRUG,M,2.0,Eye,No Remarkable Findings,,,,
PC201708,PC201708-2008,2,2 mg/kg PCDRUG,M,2.0,"Gland, Adrenal",Vacuolization,1,Mild,cortex; diffuse,
PC201708,PC201708-2008,2,2 mg/kg PCDRUG,M,2.0,"Gland, Coagulating",No Remarkable Findings,,,,
PC201708,PC201708-2008,2,2 mg/kg PCDRUG,M,2.0,"Gland, Harderian",No Remarkable Findings,,,,
PC201708,PC201708-2008,2,2 mg/kg PCDRUG,M,2.0,"Gland, Mammary",No Remarkable Findings,,,,
PC201708,PC201708-2008,2,2 mg/kg PCDRUG,M,2.0,"Gland, Parathyroid",No Remarkable Findings,,,,
PC201708,PC201708-2008,2,2 mg/kg PCDRUG,M,2.0,"Gland, Pituitary",No Remarkable Findings,,,,
PC201708,PC201708-2008,2,2 mg/kg PCDRUG,M,2.0,"Gland, Prostate",Inflammation,1,Mild,chronic; ventral + dorsolateral,
PC201708,PC201708-2008,2,2 mg/kg PCDRUG,M,2.0,"Gland, Salivary, Parotid",No Remarkable Findings,,,,
PC201708,PC201708-2008,2,2 mg/kg PCDRUG,M,2.0,"Gland, Salivary, Sublingual",No Remarkable Findings,,,,
PC201708,PC201708-2008,2,2 mg/kg PCDRUG,M,2.0,"Gland, Salivary, Submandibular",No Remarkable Findings,,,,
PC201708,PC201708-2008,2,2 mg/kg PCDRUG,M,2.0,"Gland, Seminal Vesicle",No Remarkable Findings,,,,
PC201708,PC201708-2008,2,2 mg/kg PCDRUG,M,2.0,"Gland, Thyroid",No Remarkable Findings,,,,
PC201708,PC201708-2008,2,2 mg/kg PCDRUG,M,2.0,Heart,No Remarkable Findings,,,,
PC201708,PC201708-2008,2,2 mg/kg PCDRUG,M,2.0,"Joint, Hip",No Remarkable Findings,,,,
PC201708,PC201708-2008,2,2 mg/kg PCDRUG,M,2.0,Kidney,No Remarkable Findings,,,,
PC201708,PC201708-2008,2,2 mg/kg PCDRUG,M,2.0,"Large Intestine, Cecum",No Remarkable Findings,,,,
PC201708,PC201708-2008,2,2 mg/kg PCDRUG,M,2.0,"Large Intestine, Colon",No Remarkable Findings,,,,
PC201708,PC201708-2008,2,2 mg/kg PCDRUG,M,2.0,"Large Intestine, Rectum",No Remarkable Findings,,,,
PC201708,PC201708-2008,2,2 mg/kg PCDRUG,M,2.0,Larynx,No Remarkable Findings,,,,
PC201708,PC201708-2008,2,2 mg/kg PCDRUG,M,2.0,Liver,No Remarkable Findings,,,,
PC201708,PC201708-2008,2,2 mg/kg PCDRUG,M,2.0,Lung,Inflammation,1,Mild,chronic; focal; with hemoglobin crystals,
PC201708,PC201708-2008,2,2 mg/kg PCDRUG,M,2.0,"Lymph Node, Mesenteric",No Remarkable Findings,,,,
PC201708,PC201708-2008,2,2 mg/kg PCDRUG,M,2.0,"Lymph Node, Popliteal",No Remarkable Findings,,,,
PC201708,PC201708-2008,2,2 mg/kg PCDRUG,M,2.0,"Muscle, Quadriceps Femoris",No Remarkable Findings,,,,
PC201708,PC201708-2008,2,2 mg/kg PCDRUG,M,2.0,"Nerve, Optic",No Remarkable Findings,,,,
PC201708,PC201708-2008,2,2 mg/kg PCDRUG,M,2.0,"Nerve, Sciatic",No Remarkable Findings,,,,
PC201708,PC201708-2008,2,2 mg/kg PCDRUG,M,2.0,Pancreas,No Remarkable Findings,,,,
PC201708,PC201708-2008,2,2 mg/kg PCDRUG,M,2.0,Peyer'S Patch,Mineralization,1,Mild,focal,
PC201708,PC201708-2008,2,2 mg/kg PCDRUG,M,2.0,Skin,No Remarkable Findings,,,,
PC201708,PC201708-2008,2,2 mg/kg PCDRUG,M,2.0,"Small Intestine, Duodenum",No Remarkable Findings,,,,
PC201708,PC201708-2008,2,2 mg/kg PCDRUG,M,2.0,"Small Intestine, Ileum",No Remarkable Findings,,,,
PC201708,PC201708-2008,2,2 mg/kg PCDRUG,M,2.0,"Small Intestine, Jejunum",No Remarkable Findings,,,,
PC201708,PC201708-2008,2,2 mg/kg PCDRUG,M,2.0,"Spinal Cord, Cervical",No Remarkable Findings,,,,
PC201708,PC201708-2008,2,2 mg/kg PCDRUG,M,2.0,"Spinal Cord, Lumbar",No Remarkable Findings,,,,
PC201708,PC201708-2008,2,2 mg/kg PCDRUG,M,2.0,"Spinal Cord, Thoracic",No Remarkable Findings,,,,
PC201708,PC201708-2008,2,2 mg/kg PCDRUG,M,2.0,Spleen,No Remarkable Findings,,,,
PC201708,PC201708-2008,2,2 mg/kg PCDRUG,M,2.0,Stomach,No Remarkable Findings,,,,
PC201708,PC201708-2008,2,2 mg/kg PCDRUG,M,2.0,Testis,No Remarkable Findings,,,,
PC201708,PC201708-2008,2,2 mg/kg PCDRUG,M,2.0,Thymus,No Remarkable Findings,,,,
PC201708,PC201708-2008,2,2 mg/kg PCDRUG,M,2.0,Tongue,No Remarkable Findings,,,,
PC201708,PC201708-2008,2,2 mg/kg PCDRUG,M,2.0,Trachea,No Remarkable Findings,,,,
PC201708,PC201708-2008,2,2 mg/kg PCDRUG,M,2.0,Ureter,No Remarkable Findings,,,,
PC201708,PC201708-2008,2,2 mg/kg PCDRUG,M,2.0,Urinary Bladder,No Remarkable Findings,,,,
PC201708,PC201708-2009,2,2 mg/kg PCDRUG,M,2.0,"Artery, Aorta",No Remarkable Findings,,,,
PC201708,PC201708-2009,2,2 mg/kg PCDRUG,M,2.0,"Bone Marrow, Femur",Fat Vacuoles,1,Mild,diffuse,
PC201708,PC201708-2009,2,2 mg/kg PCDRUG,M,2.0,"Bone Marrow, Sternum",No Remarkable Findings,,,,
PC201708,PC201708-2009,2,2 mg/kg PCDRUG,M,2.0,"Bone, Sternum",No Remarkable Findings,,,,
PC201708,PC201708-2009,2,2 mg/kg PCDRUG,M,2.0,Brain,No Remarkable Findings,,,,
PC201708,PC201708-2009,2,2 mg/kg PCDRUG,M,2.0,Epididymis,No Remarkable Findings,,,,
PC201708,PC201708-2009,2,2 mg/kg PCDRUG,M,2.0,Esophagus,No Remarkable Findings,,,,
PC201708,PC201708-2009,2,2 mg/kg PCDRUG,M,2.0,Eye,No Remarkable Findings,,,,
PC201708,PC201708-2009,2,2 mg/kg PCDRUG,M,2.0,"Gland, Adrenal",Vacuolization,1,Mild,diffuse,
PC201708,PC201708-2009,2,2 mg/kg PCDRUG,M,2.0,"Gland, Coagulating",No Remarkable Findings,,,,
PC201708,PC201708-2009,2,2 mg/kg PCDRUG,M,2.0,"Gland, Harderian",No Remarkable Findings,,,,
PC201708,PC201708-2009,2,2 mg/kg PCDRUG,M,2.0,"Gland, Mammary",No Remarkable Findings,,,,
PC201708,PC201708-2009,2,2 mg/kg PCDRUG,M,2.0,"Gland, Parathyroid",No Remarkable Findings,,,,
PC201708,PC201708-2009,2,2 mg/kg PCDRUG,M,2.0,"Gland, Pituitary",No Remarkable Findings,,,,
PC201708,PC201708-2009,2,2 mg/kg PCDRUG,M,2.0,"Gland, Prostate",No Remarkable Findings,,,,
PC201708,PC201708-2009,2,2 mg/kg PCDRUG,M,2.0,"Gland, Salivary, Parotid",No Remarkable Findings,,,,
PC201708,PC201708-2009,2,2 mg/kg PCDRUG,M,2.0,"Gland, Salivary, Sublingual",No Remarkable Findings,,,,
PC201708,PC201708-2009,2,2 mg/kg PCDRUG,M,2.0,"Gland, Salivary, Submandibular",No Remarkable Findings,,,,
PC201708,PC201708-2009,2,2 mg/kg PCDRUG,M,2.0,"Gland, Seminal Vesicle",No Remarkable Findings,,,,
PC201708,PC201708-2009,2,2 mg/kg PCDRUG,M,2.0,"Gland, Thyroid",Hypertrophy,1,Mild,follicular cell(s); diffuse,
PC201708,PC201708-2009,2,2 mg/kg PCDRUG,M,2.0,Heart,No Remarkable Findings,,,,
PC201708,PC201708-2009,2,2 mg/kg PCDRUG,M,2.0,"Joint, Hip",No Remarkable Findings,,,,
PC201708,PC201708-2009,2,2 mg/kg PCDRUG,M,2.0,Kidney,Basophilic Tubules,1,Mild,cortex; focal/multifocal,
PC201708,PC201708-2009,2,2 mg/kg PCDRUG,M,2.0,"Large Intestine, Cecum",No Remarkable Findings,,,,
PC201708,PC201708-2009,2,2 mg/kg PCDRUG,M,2.0,"Large Intestine, Colon",No Remarkable Findings,,,,
PC201708,PC201708-2009,2,2 mg/kg PCDRUG,M,2.0,"Large Intestine, Rectum",No Remarkable Findings,,,,
PC201708,PC201708-2009,2,2 mg/kg PCDRUG,M,2.0,Larynx,No Remarkable Findings,,,,
PC201708,PC201708-2009,2,2 mg/kg PCDRUG,M,2.0,Liver,No Remarkable Findings,,,,
PC201708,PC201708-2009,2,2 mg/kg PCDRUG,M,2.0,Lung,No Remarkable Findings,,,,
PC201708,PC201708-2009,2,2 mg/kg PCDRUG,M,2.0,"Lymph Node, Mesenteric",No Remarkable Findings,,,,
PC201708,PC201708-2009,2,2 mg/kg PCDRUG,M,2.0,"Lymph Node, Popliteal",No Remarkable Findings,,,,
PC201708,PC201708-2009,2,2 mg/kg PCDRUG,M,2.0,"Muscle, Quadriceps Femoris",No Remarkable Findings,,,,
PC201708,PC201708-2009,2,2 mg/kg PCDRUG,M,2.0,"Nerve, Optic",No Remarkable Findings,,,,
PC201708,PC201708-2009,2,2 mg/kg PCDRUG,M,2.0,"Nerve, Sciatic",No Remarkable Findings,,,,
PC201708,PC201708-2009,2,2 mg/kg PCDRUG,M,2.0,Pancreas,No Remarkable Findings,,,,
PC201708,PC201708-2009,2,2 mg/kg PCDRUG,M,2.0,Peyer'S Patch,Mineralization,1,Mild,multifocal,
PC201708,PC201708-2009,2,2 mg/kg PCDRUG,M,2.0,Skin,No Remarkable Findings,,,,
PC201708,PC201708-2009,2,2 mg/kg PCDRUG,M,2.0,"Small Intestine, Duodenum",No Remarkable Findings,,,,
PC201708,PC201708-2009,2,2 mg/kg PCDRUG,M,2.0,"Small Intestine, Ileum",No Remarkable Findings,,,,
PC201708,PC201708-2009,2,2 mg/kg PCDRUG,M,2.0,"Small Intestine, Jejunum",No Remarkable Findings,,,,
PC201708,PC201708-2009,2,2 mg/kg PCDRUG,M,2.0,"Spinal Cord, Cervical",No Remarkable Findings,,,,
PC201708,PC201708-2009,2,2 mg/kg PCDRUG,M,2.0,"Spinal Cord, Lumbar",No Remarkable Findings,,,,
PC201708,PC201708-2009,2,2 mg/kg PCDRUG,M,2.0,"Spinal Cord, Thoracic",No Remarkable Findings,,,,
PC201708,PC201708-2009,2,2 mg/kg PCDRUG,M,2.0,Spleen,No Remarkable Findings,,,,
PC201708,PC201708-2009,2,2 mg/kg PCDRUG,M,2.0,Stomach,No Remarkable Findings,,,,
PC201708,PC201708-2009,2,2 mg/kg PCDRUG,M,2.0,Testis,No Remarkable Findings,,,,
PC201708,PC201708-2009,2,2 mg/kg PCDRUG,M,2.0,Thymus,No Remarkable Findings,,,,
PC201708,PC201708-2009,2,2 mg/kg PCDRUG,M,2.0,Tongue,No Remarkable Findings,,,,
PC201708,PC201708-2009,2,2 mg/kg PCDRUG,M,2.0,Trachea,No Remarkable Findings,,,,
PC201708,PC201708-2009,2,2 mg/kg PCDRUG,M,2.0,Ureter,No Remarkable Findings,,,,
PC201708,PC201708-2009,2,2 mg/kg PCDRUG,M,2.0,Urinary Bladder,No Remarkable Findings,,,,
PC201708,PC201708-2010,2,2 mg/kg PCDRUG,M,2.0,"Artery, Aorta",No Remarkable Findings,,,,
PC201708,PC201708-2010,2,2 mg/kg PCDRUG,M,2.0,"Bone Marrow, Femur",Fat Vacuoles,2,Moderate,diffuse,
PC201708,PC201708-2010,2,2 mg/kg PCDRUG,M,2.0,"Bone Marrow, Sternum",No Remarkable Findings,,,,
PC201708,PC201708-2010,2,2 mg/kg PCDRUG,M,2.0,"Bone, Sternum",No Remarkable Findings,,,,
PC201708,PC201708-2010,2,2 mg/kg PCDRUG,M,2.0,Brain,No Remarkable Findings,,,,
PC201708,PC201708-2010,2,2 mg/kg PCDRUG,M,2.0,Epididymis,Aspermia,,,,
PC201708,PC201708-2010,2,2 mg/kg PCDRUG,M,2.0,Esophagus,No Remarkable Findings,,,,
PC201708,PC201708-2010,2,2 mg/kg PCDRUG,M,2.0,Eye,No Remarkable Findings,,,,
PC201708,PC201708-2010,2,2 mg/kg PCDRUG,M,2.0,"Gland, Adrenal",Vacuolization,1,Mild,cortex; diffuse,
PC201708,PC201708-2010,2,2 mg/kg PCDRUG,M,2.0,"Gland, Coagulating",No Remarkable Findings,,,,
PC201708,PC201708-2010,2,2 mg/kg PCDRUG,M,2.0,"Gland, Harderian",No Remarkable Findings,,,,
PC201708,PC201708-2010,2,2 mg/kg PCDRUG,M,2.0,"Gland, Mammary",No Remarkable Findings,,,,
PC201708,PC201708-2010,2,2 mg/kg PCDRUG,M,2.0,"Gland, Parathyroid",No Remarkable Findings,,,,
PC201708,PC201708-2010,2,2 mg/kg PCDRUG,M,2.0,"Gland, Pituitary",No Remarkable Findings,,,,
PC201708,PC201708-2010,2,2 mg/kg PCDRUG,M,2.0,"Gland, Prostate",No Remarkable Findings,,,,
PC201708,PC201708-2010,2,2 mg/kg PCDRUG,M,2.0,"Gland, Salivary, Parotid",No Remarkable Findings,,,,
PC201708,PC201708-2010,2,2 mg/kg PCDRUG,M,2.0,"Gland, Salivary, Sublingual",No Remarkable Findings,,,,
PC201708,PC201708-2010,2,2 mg/kg PCDRUG,M,2.0,"Gland, Salivary, Submandibular",No Remarkable Findings,,,,
PC201708,PC201708-2010,2,2 mg/kg PCDRUG,M,2.0,"Gland, Seminal Vesicle",No Remarkable Findings,,,,
PC201708,PC201708-2010,2,2 mg/kg PCDRUG,M,2.0,"Gland, Thyroid",Hypertrophy,1,Mild,follicular cell(s); diffuse,
PC201708,PC201708-2010,2,2 mg/kg PCDRUG,M,2.0,Heart,No Remarkable Findings,,,,
PC201708,PC201708-2010,2,2 mg/kg PCDRUG,M,2.0,"Joint, Hip",No Remarkable Findings,,,,
PC201708,PC201708-2010,2,2 mg/kg PCDRUG,M,2.0,Kidney,Basophilic Tubules,1,Mild,cortex; focal/multifocal,
PC201708,PC201708-2010,2,2 mg/kg PCDRUG,M,2.0,Kidney,Cast,1,Mild,hyaline; medulla; focal/multifocal,
PC201708,PC201708-2010,2,2 mg/kg PCDRUG,M,2.0,"Large Intestine, Cecum",No Remarkable Findings,,,,
PC201708,PC201708-2010,2,2 mg/kg PCDRUG,M,2.0,"Large Intestine, Colon",No Remarkable Findings,,,,
PC201708,PC201708-2010,2,2 mg/kg PCDRUG,M,2.0,"Large Intestine, Rectum",No Remarkable Findings,,,,
PC201708,PC201708-2010,2,2 mg/kg PCDRUG,M,2.0,Larynx,No Remarkable Findings,,,,
PC201708,PC201708-2010,2,2 mg/kg PCDRUG,M,2.0,Liver,No Remarkable Findings,,,,
PC201708,PC201708-2010,2,2 mg/kg PCDRUG,M,2.0,Lung,No Remarkable Findings,,,,
PC201708,PC201708-2010,2,2 mg/kg PCDRUG,M,2.0,"Lymph Node, Mesenteric",No Remarkable Findings,,,,
PC201708,PC201708-2010,2,2 mg/kg PCDRUG,M,2.0,"Lymph Node, Popliteal",No Remarkable Findings,,,,
PC201708,PC201708-2010,2,2 mg/kg PCDRUG,M,2.0,"Muscle, Quadriceps Femoris",No Remarkable Findings,,,,
PC201708,PC201708-2010,2,2 mg/kg PCDRUG,M,2.0,"Nerve, Optic",No Remarkable Findings,,,,
PC201708,PC201708-2010,2,2 mg/kg PCDRUG,M,2.0,"Nerve, Sciatic",No Remarkable Findings,,,,
PC201708,PC201708-2010,2,2 mg/kg PCDRUG,M,2.0,Pancreas,No Remarkable Findings,,,,
PC201708,PC201708-2010,2,2 mg/kg PCDRUG,M,2.0,Peyer'S Patch,No Remarkable Findings,,,,
PC201708,PC201708-2010,2,2 mg/kg PCDRUG,M,2.0,Skin,No Remarkable Findings,,,,
PC201708,PC201708-2010,2,2 mg/kg PCDRUG,M,2.0,"Small Intestine, Duodenum",No Remarkable Findings,,,,
PC201708,PC201708-2010,2,2 mg/kg PCDRUG,M,2.0,"Small Intestine, Ileum",No Remarkable Findings,,,,
PC201708,PC201708-2010,2,2 mg/kg PCDRUG,M,2.0,"Small Intestine, Jejunum",No Remarkable Findings,,,,
PC201708,PC201708-2010,2,2 mg/kg PCDRUG,M,2.0,"Spinal Cord, Cervical",No Remarkable Findings,,,,
PC201708,PC201708-2010,2,2 mg/kg PCDRUG,M,2.0,"Spinal Cord, Lumbar",No Remarkable Findings,,,,
PC201708,PC201708-2010,2,2 mg/kg PCDRUG,M,2.0,"Spinal Cord, Thoracic",No Remarkable Findings,,,,
PC201708,PC201708-2010,2,2 mg/kg PCDRUG,M,2.0,Spleen,Congestion,1,Mild,red pulp; diffuse,
PC201708,PC201708-2010,2,2 mg/kg PCDRUG,M,2.0,Stomach,No Remarkable Findings,,,,
PC201708,PC201708-2010,2,2 mg/kg PCDRUG,M,2.0,Testis,Atrophy,3,Marked,diffuse,
PC201708,PC201708-2010,2,2 mg/kg PCDRUG,M,2.0,Thymus,No Remarkable Findings,,,,
PC201708,PC201708-2010,2,2 mg/kg PCDRUG,M,2.0,Tongue,Hemorrhage,1,Mild,,
PC201708,PC201708-2010,2,2 mg/kg PCDRUG,M,2.0,Trachea,No Remarkable Findings,,,,
PC201708,PC201708-2010,2,2 mg/kg PCDRUG,M,2.0,Ureter,No Remarkable Findings,,,,
PC201708,PC201708-2010,2,2 mg/kg PCDRUG,M,2.0,Urinary Bladder,No Remarkable Findings,,,,
PC201708,PC201708-2011,2,2 mg/kg PCDRUG,M,2.0,"Bone Marrow, Sternum",No Remarkable Findings,,,,
PC201708,PC201708-2011,2,2 mg/kg PCDRUG,M,2.0,"Bone, Sternum",No Remarkable Findings,,,,
PC201708,PC201708-2011,2,2 mg/kg PCDRUG,M,2.0,"Gland, Adrenal",No Remarkable Findings,,,,
PC201708,PC201708-2011,2,2 mg/kg PCDRUG,M,2.0,"Gland, Thyroid",No Remarkable Findings,,,,
PC201708,PC201708-2011,2,2 mg/kg PCDRUG,M,2.0,Liver,No Remarkable Findings,,,,
PC201708,PC201708-2012,2,2 mg/kg PCDRUG,M,2.0,"Bone Marrow, Sternum",No Remarkable Findings,,,,
PC201708,PC201708-2012,2,2 mg/kg PCDRUG,M,2.0,"Bone, Sternum",No Remarkable Findings,,,,
PC201708,PC201708-2012,2,2 mg/kg PCDRUG,M,2.0,"Gland, Adrenal",No Remarkable Findings,,,,
PC201708,PC201708-2012,2,2 mg/kg PCDRUG,M,2.0,"Gland, Thyroid",No Remarkable Findings,,,,
PC201708,PC201708-2012,2,2 mg/kg PCDRUG,M,2.0,Liver,No Remarkable Findings,,,,
PC201708,PC201708-2013,2,2 mg/kg PCDRUG,M,2.0,"Bone Marrow, Sternum",No Remarkable Findings,,,,
PC201708,PC201708-2013,2,2 mg/kg PCDRUG,M,2.0,"Bone, Sternum",No Remarkable Findings,,,,
PC201708,PC201708-2013,2,2 mg/kg PCDRUG,M,2.0,"Gland, Adrenal",Hypertrophy,1,Mild,zona glomerulosa; focal/multifocal,
PC201708,PC201708-2013,2,2 mg/kg PCDRUG,M,2.0,"Gland, Thyroid",No Remarkable Findings,,,,
PC201708,PC201708-2013,2,2 mg/kg PCDRUG,M,2.0,Liver,No Remarkable Findings,,,,
PC201708,PC201708-2014,2,2 mg/kg PCDRUG,M,2.0,"Bone Marrow, Sternum",No Remarkable Findings,,,,
PC201708,PC201708-2014,2,2 mg/kg PCDRUG,M,2.0,"Bone, Sternum",No Remarkable Findings,,,,
PC201708,PC201708-2014,2,2 mg/kg PCDRUG,M,2.0,"Gland, Adrenal",No Remarkable Findings,,,,
PC201708,PC201708-2014,2,2 mg/kg PCDRUG,M,2.0,"Gland, Thyroid",No Remarkable Findings,,,,
PC201708,PC201708-2014,2,2 mg/kg PCDRUG,M,2.0,Liver,No Remarkable Findings,,,,
PC201708,PC201708-2014,2,2 mg/kg PCDRUG,M,2.0,"Lymph Node, Popliteal",No Remarkable Findings,,,,
PC201708,PC201708-2015,2,2 mg/kg PCDRUG,M,2.0,"Bone Marrow, Sternum",No Remarkable Findings,,,,
PC201708,PC201708-2015,2,2 mg/kg PCDRUG,M,2.0,"Bone, Sternum",No Remarkable Findings,,,,
PC201708,PC201708-2015,2,2 mg/kg PCDRUG,M,2.0,"Gland, Adrenal",No Remarkable Findings,,,,
PC201708,PC201708-2015,2,2 mg/kg PCDRUG,M,2.0,"Gland, Thyroid",No Remarkable Findings,,,,
PC201708,PC201708-2015,2,2 mg/kg PCDRUG,M,2.0,Liver,No Remarkable Findings,,,,
PC201708,PC201708-2101,2,2 mg/kg PCDRUG,F,2.0,"Artery, Aorta",No Remarkable Findings,,,,
PC201708,PC201708-2101,2,2 mg/kg PCDRUG,F,2.0,"Bone Marrow, Femur",Fat Vacuoles,1,Mild,diffuse,
PC201708,PC201708-2101,2,2 mg/kg PCDRUG,F,2.0,"Bone Marrow, Femur",Hyperplasia,1,Mild,diffuse,
PC201708,PC201708-2101,2,2 mg/kg PCDRUG,F,2.0,"Bone Marrow, Sternum",Hyperplasia,1,Mild,diffuse,
PC201708,PC201708-2101,2,2 mg/kg PCDRUG,F,2.0,"Bone, Sternum",No Remarkable Findings,,,,
PC201708,PC201708-2101,2,2 mg/kg PCDRUG,F,2.0,Brain,No Remarkable Findings,,,,
PC201708,PC201708-2101,2,2 mg/kg PCDRUG,F,2.0,Esophagus,No Remarkable Findings,,,,
PC201708,PC201708-2101,2,2 mg/kg PCDRUG,F,2.0,Eye,No Remarkable Findings,,,,
PC201708,PC201708-2101,2,2 mg/kg PCDRUG,F,2.0,"Gland, Adrenal",Vacuolization,1,Mild,cortex; diffuse,
PC201708,PC201708-2101,2,2 mg/kg PCDRUG,F,2.0,"Gland, Harderian",No Remarkable Findings,,,,
PC201708,PC201708-2101,2,2 mg/kg PCDRUG,F,2.0,"Gland, Mammary",No Remarkable Findings,,,,
PC201708,PC201708-2101,2,2 mg/kg PCDRUG,F,2.0,"Gland, Parathyroid",No Remarkable Findings,,,,
PC201708,PC201708-2101,2,2 mg/kg PCDRUG,F,2.0,"Gland, Pituitary",No Remarkable Findings,,,,
PC201708,PC201708-2101,2,2 mg/kg PCDRUG,F,2.0,"Gland, Salivary, Parotid",No Remarkable Findings,,,,
PC201708,PC201708-2101,2,2 mg/kg PCDRUG,F,2.0,"Gland, Salivary, Sublingual",No Remarkable Findings,,,,
PC201708,PC201708-2101,2,2 mg/kg PCDRUG,F,2.0,"Gland, Salivary, Submandibular",No Remarkable Findings,,,,
PC201708,PC201708-2101,2,2 mg/kg PCDRUG,F,2.0,"Gland, Thyroid",No Remarkable Findings,,,,
PC201708,PC201708-2101,2,2 mg/kg PCDRUG,F,2.0,Heart,No Remarkable Findings,,,,
PC201708,PC201708-2101,2,2 mg/kg PCDRUG,F,2.0,"Joint, Hip",No Remarkable Findings,,,,
PC201708,PC201708-2101,2,2 mg/kg PCDRUG,F,2.0,Kidney,Basophilic Tubules,1,Mild,cortex; focal/multifocal,
PC201708,PC201708-2101,2,2 mg/kg PCDRUG,F,2.0,Kidney,Inflammation,1,Mild,chronic; cortex; focal/multifocal,
PC201708,PC201708-2101,2,2 mg/kg PCDRUG,F,2.0,"Large Intestine, Cecum",No Remarkable Findings,,,,
PC201708,PC201708-2101,2,2 mg/kg PCDRUG,F,2.0,"Large Intestine, Colon",No Remarkable Findings,,,,
PC201708,PC201708-2101,2,2 mg/kg PCDRUG,F,2.0,"Large Intestine, Rectum",No Remarkable Findings,,,,
PC201708,PC201708-2101,2,2 mg/kg PCDRUG,F,2.0,Larynx,Inflammation,1,Mild,chronic,
PC201708,PC201708-2101,2,2 mg/kg PCDRUG,F,2.0,Liver,No Remarkable Findings,,,,
PC201708,PC201708-2101,2,2 mg/kg PCDRUG,F,2.0,Lung,Macrophages Intra-Alveolar,1,Mild,focal/multifocal,
PC201708,PC201708-2101,2,2 mg/kg PCDRUG,F,2.0,"Lymph Node, Mesenteric",No Remarkable Findings,,,,
PC201708,PC201708-2101,2,2 mg/kg PCDRUG,F,2.0,"Lymph Node, Popliteal",No Remarkable Findings,,,,
PC201708,PC201708-2101,2,2 mg/kg PCDRUG,F,2.0,"Muscle, Quadriceps Femoris",No Remarkable Findings,,,,
PC201708,PC201708-2101,2,2 mg/kg PCDRUG,F,2.0,"Nerve, Optic",No Remarkable Findings,,,,
PC201708,PC201708-2101,2,2 mg/kg PCDRUG,F,2.0,"Nerve, Sciatic",No Remarkable Findings,,,,
PC201708,PC201708-2101,2,2 mg/kg PCDRUG,F,2.0,Pancreas,No Remarkable Findings,,,,
PC201708,PC201708-2101,2,2 mg/kg PCDRUG,F,2.0,Peyer'S Patch,No Remarkable Findings,,,,
PC201708,PC201708-2101,2,2 mg/kg PCDRUG,F,2.0,Skin,No Remarkable Findings,,,,
PC201708,PC201708-2101,2,2 mg/kg PCDRUG,F,2.0,"Small Intestine, Duodenum",No Remarkable Findings,,,,
PC201708,PC201708-2101,2,2 mg/kg PCDRUG,F,2.0,"Small Intestine, Ileum",No Remarkable Findings,,,,
PC201708,PC201708-2101,2,2 mg/kg PCDRUG,F,2.0,"Small Intestine, Jejunum",No Remarkable Findings,,,,
PC201708,PC201708-2101,2,2 mg/kg PCDRUG,F,2.0,"Spinal Cord, Cervical",No Remarkable Findings,,,,
PC201708,PC201708-2101,2,2 mg/kg PCDRUG,F,2.0,"Spinal Cord, Lumbar",No Remarkable Findings,,,,
PC201708,PC201708-2101,2,2 mg/kg PCDRUG,F,2.0,"Spinal Cord, Thoracic",No Remarkable Findings,,,,
PC201708,PC201708-2101,2,2 mg/kg PCDRUG,F,2.0,Spleen,Congestion,1,Mild,red pulp; diffuse,
PC201708,PC201708-2101,2,2 mg/kg PCDRUG,F,2.0,Stomach,No Remarkable Findings,,,,
PC201708,PC201708-2101,2,2 mg/kg PCDRUG,F,2.0,Thymus,No Remarkable Findings,,,,
PC201708,PC201708-2101,2,2 mg/kg PCDRUG,F,2.0,Tongue,No Remarkable Findings,,,,
PC201708,PC201708-2101,2,2 mg/kg PCDRUG,F,2.0,Trachea,No Remarkable Findings,,,,
PC201708,PC201708-2101,2,2 mg/kg PCDRUG,F,2.0,Ureter,No Remarkable Findings,,,,
PC201708,PC201708-2101,2,2 mg/kg PCDRUG,F,2.0,Urinary Bladder,No Remarkable Findings,,,,
PC201708,PC201708-2101,2,2 mg/kg PCDRUG,F,2.0,Uterus,No Remarkable Findings,,,,
PC201708,PC201708-2102,2,2 mg/kg PCDRUG,F,2.0,"Artery, Aorta",No Remarkable Findings,,,,
PC201708,PC201708-2102,2,2 mg/kg PCDRUG,F,2.0,"Bone Marrow, Femur",Fat Vacuoles,2,Moderate,diffuse,
PC201708,PC201708-2102,2,2 mg/kg PCDRUG,F,2.0,"Bone Marrow, Sternum",No Remarkable Findings,,,,
PC201708,PC201708-2102,2,2 mg/kg PCDRUG,F,2.0,"Bone, Sternum",No Remarkable Findings,,,,
PC201708,PC201708-2102,2,2 mg/kg PCDRUG,F,2.0,Brain,No Remarkable Findings,,,,
PC201708,PC201708-2102,2,2 mg/kg PCDRUG,F,2.0,Esophagus,No Remarkable Findings,,,,
PC201708,PC201708-2102,2,2 mg/kg PCDRUG,F,2.0,Eye,No Remarkable Findings,,,,
PC201708,PC201708-2102,2,2 mg/kg PCDRUG,F,2.0,"Gland, Adrenal",Vacuolization,1,Mild,cortex; diffuse,
PC201708,PC201708-2102,2,2 mg/kg PCDRUG,F,2.0,"Gland, Harderian",No Remarkable Findings,,,,
PC201708,PC201708-2102,2,2 mg/kg PCDRUG,F,2.0,"Gland, Mammary",No Remarkable Findings,,,,
PC201708,PC201708-2102,2,2 mg/kg PCDRUG,F,2.0,"Gland, Parathyroid",No Remarkable Findings,,,,
PC201708,PC201708-2102,2,2 mg/kg PCDRUG,F,2.0,"Gland, Pituitary",No Remarkable Findings,,,,
PC201708,PC201708-2102,2,2 mg/kg PCDRUG,F,2.0,"Gland, Salivary, Parotid",No Remarkable Findings,,,,
PC201708,PC201708-2102,2,2 mg/kg PCDRUG,F,2.0,"Gland, Salivary, Sublingual",No Remarkable Findings,,,,
PC201708,PC201708-2102,2,2 mg/kg PCDRUG,F,2.0,"Gland, Salivary, Submandibular",No Remarkable Findings,,,,
PC201708,PC201708-2102,2,2 mg/kg PCDRUG,F,2.0,"Gland, Thyroid",Inflammation,1,Mild,chronic; adventitia; focal,
PC201708,PC201708-2102,2,2 mg/kg PCDRUG,F,2.0,Heart,No Remarkable Findings,,,,
PC201708,PC201708-2102,2,2 mg/kg PCDRUG,F,2.0,"Joint, Hip",No Remarkable Findings,,,,
PC201708,PC201708-2102,2,2 mg/kg PCDRUG,F,2.0,Kidney,Necrosis,2,Moderate,proximal tubule; focal,
PC201708,PC201708-2102,2,2 mg/kg PCDRUG,F,2.0,"Large Intestine, Cecum",No Remarkable Findings,,,,
PC201708,PC201708-2102,2,2 mg/kg PCDRUG,F,2.0,"Large Intestine, Colon",No Remarkable Findings,,,,
PC201708,PC201708-2102,2,2 mg/kg PCDRUG,F,2.0,"Large Intestine, Rectum",No Remarkable Findings,,,,
PC201708,PC201708-2102,2,2 mg/kg PCDRUG,F,2.0,Larynx,No Remarkable Findings,,,,
PC201708,PC201708-2102,2,2 mg/kg PCDRUG,F,2.0,Liver,No Remarkable Findings,,,,
PC201708,PC201708-2102,2,2 mg/kg PCDRUG,F,2.0,Lung,Macrophages Intra-Alveolar,1,Mild,focal/multifocal,
PC201708,PC201708-2102,2,2 mg/kg PCDRUG,F,2.0,"Lymph Node, Mesenteric",No Remarkable Findings,,,,
PC201708,PC201708-2102,2,2 mg/kg PCDRUG,F,2.0,"Lymph Node, Popliteal",No Remarkable Findings,,,,
PC201708,PC201708-2102,2,2 mg/kg PCDRUG,F,2.0,"Muscle, Quadriceps Femoris",No Remarkable Findings,,,,
PC201708,PC201708-2102,2,2 mg/kg PCDRUG,F,2.0,"Nerve, Optic",No Remarkable Findings,,,,
PC201708,PC201708-2102,2,2 mg/kg PCDRUG,F,2.0,"Nerve, Sciatic",No Remarkable Findings,,,,
PC201708,PC201708-2102,2,2 mg/kg PCDRUG,F,2.0,Pancreas,Inflammation,1,Mild,acute,
PC201708,PC201708-2102,2,2 mg/kg PCDRUG,F,2.0,Peyer'S Patch,No Remarkable Findings,,,,
PC201708,PC201708-2102,2,2 mg/kg PCDRUG,F,2.0,Skin,No Remarkable Findings,,,,
PC201708,PC201708-2102,2,2 mg/kg PCDRUG,F,2.0,"Small Intestine, Duodenum",No Remarkable Findings,,,,
PC201708,PC201708-2102,2,2 mg/kg PCDRUG,F,2.0,"Small Intestine, Ileum",No Remarkable Findings,,,,
PC201708,PC201708-2102,2,2 mg/kg PCDRUG,F,2.0,"Small Intestine, Jejunum",No Remarkable Findings,,,,
PC201708,PC201708-2102,2,2 mg/kg PCDRUG,F,2.0,"Spinal Cord, Cervical",No Remarkable Findings,,,,
PC201708,PC201708-2102,2,2 mg/kg PCDRUG,F,2.0,"Spinal Cord, Lumbar",No Remarkable Findings,,,,
PC201708,PC201708-2102,2,2 mg/kg PCDRUG,F,2.0,"Spinal Cord, Thoracic",No Remarkable Findings,,,,
PC201708,PC201708-2102,2,2 mg/kg PCDRUG,F,2.0,Spleen,Congestion,1,Mild,red pulp; diffuse,
PC201708,PC201708-2102,2,2 mg/kg PCDRUG,F,2.0,Stomach,No Remarkable Findings,,,,
PC201708,PC201708-2102,2,2 mg/kg PCDRUG,F,2.0,Thymus,No Remarkable Findings,,,,
PC201708,PC201708-2102,2,2 mg/kg PCDRUG,F,2.0,Tongue,No Remarkable Findings,,,,
PC201708,PC201708-2102,2,2 mg/kg PCDRUG,F,2.0,Trachea,No Remarkable Findings,,,,
PC201708,PC201708-2102,2,2 mg/kg PCDRUG,F,2.0,Ureter,No Remarkable Findings,,,,
PC201708,PC201708-2102,2,2 mg/kg PCDRUG,F,2.0,Urinary Bladder,Inflammation,1,Mild,chronic; focal/multifocal,
PC201708,PC201708-2102,2,2 mg/kg PCDRUG,F,2.0,Uterus,No Remarkable Findings,,,,
PC201708,PC201708-2103,2,2 mg/kg PCDRUG,F,2.0,"Artery, Aorta",No Remarkable Findings,,,,
PC201708,PC201708-2103,2,2 mg/kg PCDRUG,F,2.0,"Bone Marrow, Femur",Fat Vacuoles,1,Mild,diffuse,
PC201708,PC201708-2103,2,2 mg/kg PCDRUG,F,2.0,"Bone Marrow, Sternum",No Remarkable Findings,,,,
PC201708,PC201708-2103,2,2 mg/kg PCDRUG,F,2.0,"Bone, Sternum",No Remarkable Findings,,,,
PC201708,PC201708-2103,2,2 mg/kg PCDRUG,F,2.0,Brain,No Remarkable Findings,,,,
PC201708,PC201708-2103,2,2 mg/kg PCDRUG,F,2.0,Esophagus,No Remarkable Findings,,,,
PC201708,PC201708-2103,2,2 mg/kg PCDRUG,F,2.0,Eye,No Remarkable Findings,,,,
PC201708,PC201708-2103,2,2 mg/kg PCDRUG,F,2.0,"Gland, Adrenal",Vacuolization,1,Mild,cortex; diffuse,
PC201708,PC201708-2103,2,2 mg/kg PCDRUG,F,2.0,"Gland, Harderian",No Remarkable Findings,,,,
PC201708,PC201708-2103,2,2 mg/kg PCDRUG,F,2.0,"Gland, Mammary",No Remarkable Findings,,,,
PC201708,PC201708-2103,2,2 mg/kg PCDRUG,F,2.0,"Gland, Parathyroid",No Remarkable Findings,,,,
PC201708,PC201708-2103,2,2 mg/kg PCDRUG,F,2.0,"Gland, Pituitary",No Remarkable Findings,,,,
PC201708,PC201708-2103,2,2 mg/kg PCDRUG,F,2.0,"Gland, Salivary, Parotid",No Remarkable Findings,,,,
PC201708,PC201708-2103,2,2 mg/kg PCDRUG,F,2.0,"Gland, Salivary, Sublingual",No Remarkable Findings,,,,
PC201708,PC201708-2103,2,2 mg/kg PCDRUG,F,2.0,"Gland, Salivary, Submandibular",No Remarkable Findings,,,,
PC201708,PC201708-2103,2,2 mg/kg PCDRUG,F,2.0,"Gland, Thyroid",Ectopic Lymphoid Tissue,1,Mild,focus,
PC201708,PC201708-2103,2,2 mg/kg PCDRUG,F,2.0,Heart,No Remarkable Findings,,,,
PC201708,PC201708-2103,2,2 mg/kg PCDRUG,F,2.0,"Joint, Hip",No Remarkable Findings,,,,
PC201708,PC201708-2103,2,2 mg/kg PCDRUG,F,2.0,Kidney,Basophilic Tubules,1,Mild,cortex; focal/multifocal,
PC201708,PC201708-2103,2,2 mg/kg PCDRUG,F,2.0,"Large Intestine, Cecum",No Remarkable Findings,,,,
PC201708,PC201708-2103,2,2 mg/kg PCDRUG,F,2.0,"Large Intestine, Colon",No Remarkable Findings,,,,
PC201708,PC201708-2103,2,2 mg/kg PCDRUG,F,2.0,"Large Intestine, Rectum",No Remarkable Findings,,,,
PC201708,PC201708-2103,2,2 mg/kg PCDRUG,F,2.0,Larynx,No Remarkable Findings,,,,
PC201708,PC201708-2103,2,2 mg/kg PCDRUG,F,2.0,Liver,No Remarkable Findings,,,,
PC201708,PC201708-2103,2,2 mg/kg PCDRUG,F,2.0,Lung,Inflammation,1,Mild,chronic; focal,
PC201708,PC201708-2103,2,2 mg/kg PCDRUG,F,2.0,Lung,Macrophages Intra-Alveolar,1,Mild,focal/multifocal,
PC201708,PC201708-2103,2,2 mg/kg PCDRUG,F,2.0,Lung,Metaplasia,1,Mild,chondro-osseous; focal,
PC201708,PC201708-2103,2,2 mg/kg PCDRUG,F,2.0,"Lymph Node, Mesenteric",No Remarkable Findings,,,,
PC201708,PC201708-2103,2,2 mg/kg PCDRUG,F,2.0,"Lymph Node, Popliteal",No Remarkable Findings,,,,
PC201708,PC201708-2103,2,2 mg/kg PCDRUG,F,2.0,"Muscle, Quadriceps Femoris",No Remarkable Findings,,,,
PC201708,PC201708-2103,2,2 mg/kg PCDRUG,F,2.0,"Nerve, Optic",No Remarkable Findings,,,,
PC201708,PC201708-2103,2,2 mg/kg PCDRUG,F,2.0,"Nerve, Sciatic",No Remarkable Findings,,,,
PC201708,PC201708-2103,2,2 mg/kg PCDRUG,F,2.0,Pancreas,No Remarkable Findings,,,,
PC201708,PC201708-2103,2,2 mg/kg PCDRUG,F,2.0,Peyer'S Patch,No Remarkable Findings,,,,
PC201708,PC201708-2103,2,2 mg/kg PCDRUG,F,2.0,Skin,No Remarkable Findings,,,,
PC201708,PC201708-2103,2,2 mg/kg PCDRUG,F,2.0,"Small Intestine, Duodenum",No Remarkable Findings,,,,
PC201708,PC201708-2103,2,2 mg/kg PCDRUG,F,2.0,"Small Intestine, Ileum",No Remarkable Findings,,,,
PC201708,PC201708-2103,2,2 mg/kg PCDRUG,F,2.0,"Small Intestine, Jejunum",No Remarkable Findings,,,,
PC201708,PC201708-2103,2,2 mg/kg PCDRUG,F,2.0,"Spinal Cord, Cervical",No Remarkable Findings,,,,
PC201708,PC201708-2103,2,2 mg/kg PCDRUG,F,2.0,"Spinal Cord, Lumbar",No Remarkable Findings,,,,
PC201708,PC201708-2103,2,2 mg/kg PCDRUG,F,2.0,"Spinal Cord, Thoracic",No Remarkable Findings,,,,
PC201708,PC201708-2103,2,2 mg/kg PCDRUG,F,2.0,Spleen,Congestion,1,Mild,red pulp; diffuse,
PC201708,PC201708-2103,2,2 mg/kg PCDRUG,F,2.0,Stomach,No Remarkable Findings,,,,
PC201708,PC201708-2103,2,2 mg/kg PCDRUG,F,2.0,Thymus,No Remarkable Findings,,,,
PC201708,PC201708-2103,2,2 mg/kg PCDRUG,F,2.0,Tongue,No Remarkable Findings,,,,
PC201708,PC201708-2103,2,2 mg/kg PCDRUG,F,2.0,Trachea,Infiltration Mononuclear Cell,1,Mild,submucosa,
PC201708,PC201708-2103,2,2 mg/kg PCDRUG,F,2.0,Ureter,No Remarkable Findings,,,,
PC201708,PC201708-2103,2,2 mg/kg PCDRUG,F,2.0,Urinary Bladder,No Remarkable Findings,,,,
PC201708,PC201708-2103,2,2 mg/kg PCDRUG,F,2.0,Uterus,No Remarkable Findings,,,,
PC201708,PC201708-2104,2,2 mg/kg PCDRUG,F,2.0,"Artery, Aorta",No Remarkable Findings,,,,
PC201708,PC201708-2104,2,2 mg/kg PCDRUG,F,2.0,"Bone Marrow, Femur",Fat Vacuoles,1,Mild,diffuse,
PC201708,PC201708-2104,2,2 mg/kg PCDRUG,F,2.0,"Bone Marrow, Sternum",No Remarkable Findings,,,,
PC201708,PC201708-2104,2,2 mg/kg PCDRUG,F,2.0,"Bone, Sternum",No Remarkable Findings,,,,
PC201708,PC201708-2104,2,2 mg/kg PCDRUG,F,2.0,Brain,No Remarkable Findings,,,,
PC201708,PC201708-2104,2,2 mg/kg PCDRUG,F,2.0,Esophagus,No Remarkable Findings,,,,
PC201708,PC201708-2104,2,2 mg/kg PCDRUG,F,2.0,Eye,No Remarkable Findings,,,,
PC201708,PC201708-2104,2,2 mg/kg PCDRUG,F,2.0,"Gland, Adrenal",Vacuolization,1,Mild,cortex; diffuse,
PC201708,PC201708-2104,2,2 mg/kg PCDRUG,F,2.0,"Gland, Harderian",No Remarkable Findings,,,,
PC201708,PC201708-2104,2,2 mg/kg PCDRUG,F,2.0,"Gland, Mammary",No Remarkable Findings,,,,
PC201708,PC201708-2104,2,2 mg/kg PCDRUG,F,2.0,"Gland, Parathyroid",No Remarkable Findings,,,,
PC201708,PC201708-2104,2,2 mg/kg PCDRUG,F,2.0,"Gland, Pituitary",No Remarkable Findings,,,,
PC201708,PC201708-2104,2,2 mg/kg PCDRUG,F,2.0,"Gland, Salivary, Parotid",Inflammation,1,Mild,chronic; multifocal,
PC201708,PC201708-2104,2,2 mg/kg PCDRUG,F,2.0,"Gland, Salivary, Sublingual",No Remarkable Findings,,,,
PC201708,PC201708-2104,2,2 mg/kg PCDRUG,F,2.0,"Gland, Salivary, Submandibular",No Remarkable Findings,,,,
PC201708,PC201708-2104,2,2 mg/kg PCDRUG,F,2.0,"Gland, Thyroid",No Remarkable Findings,,,,
PC201708,PC201708-2104,2,2 mg/kg PCDRUG,F,2.0,Heart,No Remarkable Findings,,,,
PC201708,PC201708-2104,2,2 mg/kg PCDRUG,F,2.0,"Joint, Hip",No Remarkable Findings,,,,
PC201708,PC201708-2104,2,2 mg/kg PCDRUG,F,2.0,Kidney,Necrosis,2,Moderate,proximal tubule; focal,
PC201708,PC201708-2104,2,2 mg/kg PCDRUG,F,2.0,"Large Intestine, Cecum",No Remarkable Findings,,,,
PC201708,PC201708-2104,2,2 mg/kg PCDRUG,F,2.0,"Large Intestine, Colon",No Remarkable Findings,,,,
PC201708,PC201708-2104,2,2 mg/kg PCDRUG,F,2.0,"Large Intestine, Rectum",No Remarkable Findings,,,,
PC201708,PC201708-2104,2,2 mg/kg PCDRUG,F,2.0,Larynx,No Remarkable Findings,,,,
PC201708,PC201708-2104,2,2 mg/kg PCDRUG,F,2.0,Liver,Vacuolization,1,Mild,centrilobular,
PC201708,PC201708-2104,2,2 mg/kg PCDRUG,F,2.0,Lung,Infiltration Granulocytic,1,Mild,perivascular; focal,
PC201708,PC201708-2104,2,2 mg/kg PCDRUG,F,2.0,Lung,Macrophages Intra-Alveolar,1,Mild,focal/multifocal,
PC201708,PC201708-2104,2,2 mg/kg PCDRUG,F,2.0,"Lymph Node, Mesenteric",No Remarkable Findings,,,,
PC201708,PC201708-2104,2,2 mg/kg PCDRUG,F,2.0,"Lymph Node, Popliteal",No Remarkable Findings,,,,
PC201708,PC201708-2104,2,2 mg/kg PCDRUG,F,2.0,"Muscle, Quadriceps Femoris",No Remarkable Findings,,,,
PC201708,PC201708-2104,2,2 mg/kg PCDRUG,F,2.0,"Nerve, Optic",No Remarkable Findings,,,,
PC201708,PC201708-2104,2,2 mg/kg PCDRUG,F,2.0,"Nerve, Sciatic",No Remarkable Findings,,,,
PC201708,PC201708-2104,2,2 mg/kg PCDRUG,F,2.0,Pancreas,Inflammation,1,Mild,acute,
PC201708,PC201708-2104,2,2 mg/kg PCDRUG,F,2.0,Peyer'S Patch,No Remarkable Findings,,,,
PC201708,PC201708-2104,2,2 mg/kg PCDRUG,F,2.0,Skin,No Remarkable Findings,,,,
PC201708,PC201708-2104,2,2 mg/kg PCDRUG,F,2.0,"Small Intestine, Duodenum",No Remarkable Findings,,,,
PC201708,PC201708-2104,2,2 mg/kg PCDRUG,F,2.0,"Small Intestine, Ileum",No Remarkable Findings,,,,
PC201708,PC201708-2104,2,2 mg/kg PCDRUG,F,2.0,"Small Intestine, Jejunum",No Remarkable Findings,,,,
PC201708,PC201708-2104,2,2 mg/kg PCDRUG,F,2.0,"Spinal Cord, Cervical",No Remarkable Findings,,,,
PC201708,PC201708-2104,2,2 mg/kg PCDRUG,F,2.0,"Spinal Cord, Lumbar",No Remarkable Findings,,,,
PC201708,PC201708-2104,2,2 mg/kg PCDRUG,F,2.0,"Spinal Cord, Thoracic",No Remarkable Findings,,,,
PC201708,PC201708-2104,2,2 mg/kg PCDRUG,F,2.0,Spleen,No Remarkable Findings,,,,
PC201708,PC201708-2104,2,2 mg/kg PCDRUG,F,2.0,Stomach,Edema,1,Mild,nonglandular region; submucosa,
PC201708,PC201708-2104,2,2 mg/kg PCDRUG,F,2.0,Thymus,No Remarkable Findings,,,,
PC201708,PC201708-2104,2,2 mg/kg PCDRUG,F,2.0,Tongue,No Remarkable Findings,,,,
PC201708,PC201708-2104,2,2 mg/kg PCDRUG,F,2.0,Trachea,No Remarkable Findings,,,,
PC201708,PC201708-2104,2,2 mg/kg PCDRUG,F,2.0,Ureter,No Remarkable Findings,,,,
PC201708,PC201708-2104,2,2 mg/kg PCDRUG,F,2.0,Urinary Bladder,No Remarkable Findings,,,,
PC201708,PC201708-2104,2,2 mg/kg PCDRUG,F,2.0,Uterus,No Remarkable Findings,,,,
PC201708,PC201708-2105,2,2 mg/kg PCDRUG,F,2.0,"Artery, Aorta",No Remarkable Findings,,,,
PC201708,PC201708-2105,2,2 mg/kg PCDRUG,F,2.0,"Bone Marrow, Femur",Fat Vacuoles,2,Moderate,diffuse,
PC201708,PC201708-2105,2,2 mg/kg PCDRUG,F,2.0,"Bone Marrow, Sternum",No Remarkable Findings,,,,
PC201708,PC201708-2105,2,2 mg/kg PCDRUG,F,2.0,"Bone, Sternum",No Remarkable Findings,,,,
PC201708,PC201708-2105,2,2 mg/kg PCDRUG,F,2.0,Brain,No Remarkable Findings,,,,
PC201708,PC201708-2105,2,2 mg/kg PCDRUG,F,2.0,Esophagus,No Remarkable Findings,,,,
PC201708,PC201708-2105,2,2 mg/kg PCDRUG,F,2.0,Eye,No Remarkable Findings,,,,
PC201708,PC201708-2105,2,2 mg/kg PCDRUG,F,2.0,"Gland, Adrenal",No Remarkable Findings,,,,
PC201708,PC201708-2105,2,2 mg/kg PCDRUG,F,2.0,"Gland, Harderian",No Remarkable Findings,,,,
PC201708,PC201708-2105,2,2 mg/kg PCDRUG,F,2.0,"Gland, Mammary",No Remarkable Findings,,,,
PC201708,PC201708-2105,2,2 mg/kg PCDRUG,F,2.0,"Gland, Parathyroid",No Remarkable Findings,,,,
PC201708,PC201708-2105,2,2 mg/kg PCDRUG,F,2.0,"Gland, Pituitary",No Remarkable Findings,,,,
PC201708,PC201708-2105,2,2 mg/kg PCDRUG,F,2.0,"Gland, Salivary, Parotid",No Remarkable Findings,,,,
PC201708,PC201708-2105,2,2 mg/kg PCDRUG,F,2.0,"Gland, Salivary, Sublingual",No Remarkable Findings,,,,
PC201708,PC201708-2105,2,2 mg/kg PCDRUG,F,2.0,"Gland, Salivary, Submandibular",No Remarkable Findings,,,,
PC201708,PC201708-2105,2,2 mg/kg PCDRUG,F,2.0,"Gland, Thyroid",No Remarkable Findings,,,,
PC201708,PC201708-2105,2,2 mg/kg PCDRUG,F,2.0,Heart,No Remarkable Findings,,,,
PC201708,PC201708-2105,2,2 mg/kg PCDRUG,F,2.0,"Joint, Hip",No Remarkable Findings,,,,
PC201708,PC201708-2105,2,2 mg/kg PCDRUG,F,2.0,Kidney,No Remarkable Findings,,,,
PC201708,PC201708-2105,2,2 mg/kg PCDRUG,F,2.0,"Large Intestine, Cecum",No Remarkable Findings,,,,
PC201708,PC201708-2105,2,2 mg/kg PCDRUG,F,2.0,"Large Intestine, Colon",No Remarkable Findings,,,,
PC201708,PC201708-2105,2,2 mg/kg PCDRUG,F,2.0,"Large Intestine, Rectum",No Remarkable Findings,,,,
PC201708,PC201708-2105,2,2 mg/kg PCDRUG,F,2.0,Larynx,No Remarkable Findings,,,,
PC201708,PC201708-2105,2,2 mg/kg PCDRUG,F,2.0,Liver,No Remarkable Findings,,,,
PC201708,PC201708-2105,2,2 mg/kg PCDRUG,F,2.0,Lung,Infiltration Granulocytic,1,Mild,perivascular; focal,
PC201708,PC201708-2105,2,2 mg/kg PCDRUG,F,2.0,Lung,Metaplasia,1,Mild,chondro-osseous; focal,
PC201708,PC201708-2105,2,2 mg/kg PCDRUG,F,2.0,"Lymph Node, Mesenteric",No Remarkable Findings,,,,
PC201708,PC201708-2105,2,2 mg/kg PCDRUG,F,2.0,"Lymph Node, Popliteal",No Remarkable Findings,,,,
PC201708,PC201708-2105,2,2 mg/kg PCDRUG,F,2.0,"Muscle, Quadriceps Femoris",No Remarkable Findings,,,,
PC201708,PC201708-2105,2,2 mg/kg PCDRUG,F,2.0,"Nerve, Optic",No Remarkable Findings,,,,
PC201708,PC201708-2105,2,2 mg/kg PCDRUG,F,2.0,"Nerve, Sciatic",No Remarkable Findings,,,,
PC201708,PC201708-2105,2,2 mg/kg PCDRUG,F,2.0,Pancreas,No Remarkable Findings,,,,
PC201708,PC201708-2105,2,2 mg/kg PCDRUG,F,2.0,Peyer'S Patch,No Remarkable Findings,,,,
PC201708,PC201708-2105,2,2 mg/kg PCDRUG,F,2.0,Skin,No Remarkable Findings,,,,
PC201708,PC201708-2105,2,2 mg/kg PCDRUG,F,2.0,"Small Intestine, Duodenum",No Remarkable Findings,,,,
PC201708,PC201708-2105,2,2 mg/kg PCDRUG,F,2.0,"Small Intestine, Ileum",No Remarkable Findings,,,,
PC201708,PC201708-2105,2,2 mg/kg PCDRUG,F,2.0,"Small Intestine, Jejunum",No Remarkable Findings,,,,
PC201708,PC201708-2105,2,2 mg/kg PCDRUG,F,2.0,"Spinal Cord, Cervical",No Remarkable Findings,,,,
PC201708,PC201708-2105,2,2 mg/kg PCDRUG,F,2.0,"Spinal Cord, Lumbar",No Remarkable Findings,,,,
PC201708,PC201708-2105,2,2 mg/kg PCDRUG,F,2.0,"Spinal Cord, Thoracic",No Remarkable Findings,,,,
PC201708,PC201708-2105,2,2 mg/kg PCDRUG,F,2.0,Spleen,Pigmentation,1,Mild,red pulp; diffuse,
PC201708,PC201708-2105,2,2 mg/kg PCDRUG,F,2.0,Stomach,No Remarkable Findings,,,,
PC201708,PC201708-2105,2,2 mg/kg PCDRUG,F,2.0,Thymus,No Remarkable Findings,,,,
PC201708,PC201708-2105,2,2 mg/kg PCDRUG,F,2.0,Tongue,Hemorrhage,1,Mild,,
PC201708,PC201708-2105,2,2 mg/kg PCDRUG,F,2.0,Trachea,No Remarkable Findings,,,,
PC201708,PC201708-2105,2,2 mg/kg PCDRUG,F,2.0,Ureter,No Remarkable Findings,,,,
PC201708,PC201708-2105,2,2 mg/kg PCDRUG,F,2.0,Urinary Bladder,No Remarkable Findings,,,,
PC201708,PC201708-2105,2,2 mg/kg PCDRUG,F,2.0,Uterus,No Remarkable Findings,,,,
PC201708,PC201708-2106,2,2 mg/kg PCDRUG,F,2.0,"Artery, Aorta",No Remarkable Findings,,,,
PC201708,PC201708-2106,2,2 mg/kg PCDRUG,F,2.0,"Bone Marrow, Femur",Fat Vacuoles,1,Mild,diffuse,
PC201708,PC201708-2106,2,2 mg/kg PCDRUG,F,2.0,"Bone Marrow, Sternum",No Remarkable Findings,,,,
PC201708,PC201708-2106,2,2 mg/kg PCDRUG,F,2.0,"Bone, Sternum",No Remarkable Findings,,,,
PC201708,PC201708-2106,2,2 mg/kg PCDRUG,F,2.0,Brain,No Remarkable Findings,,,,
PC201708,PC201708-2106,2,2 mg/kg PCDRUG,F,2.0,Esophagus,No Remarkable Findings,,,,
PC201708,PC201708-2106,2,2 mg/kg PCDRUG,F,2.0,Eye,No Remarkable Findings,,,,
PC201708,PC201708-2106,2,2 mg/kg PCDRUG,F,2.0,"Gland, Adrenal",Vacuolization,1,Mild,cortex; diffuse,
PC201708,PC201708-2106,2,2 mg/kg PCDRUG,F,2.0,"Gland, Harderian",No Remarkable Findings,,,,
PC201708,PC201708-2106,2,2 mg/kg PCDRUG,F,2.0,"Gland, Mammary",No Remarkable Findings,,,,
PC201708,PC201708-2106,2,2 mg/kg PCDRUG,F,2.0,"Gland, Parathyroid",No Remarkable Findings,,,,
PC201708,PC201708-2106,2,2 mg/kg PCDRUG,F,2.0,"Gland, Pituitary",No Remarkable Findings,,,,
PC201708,PC201708-2106,2,2 mg/kg PCDRUG,F,2.0,"Gland, Salivary, Parotid",Calculus,1,Mild,single; minifocus,
PC201708,PC201708-2106,2,2 mg/kg PCDRUG,F,2.0,"Gland, Salivary, Sublingual",No Remarkable Findings,,,,
PC201708,PC201708-2106,2,2 mg/kg PCDRUG,F,2.0,"Gland, Salivary, Submandibular",No Remarkable Findings,,,,
PC201708,PC201708-2106,2,2 mg/kg PCDRUG,F,2.0,"Gland, Thyroid",No Remarkable Findings,,,,
PC201708,PC201708-2106,2,2 mg/kg PCDRUG,F,2.0,Heart,No Remarkable Findings,,,,
PC201708,PC201708-2106,2,2 mg/kg PCDRUG,F,2.0,"Joint, Hip",No Remarkable Findings,,,,
PC201708,PC201708-2106,2,2 mg/kg PCDRUG,F,2.0,Kidney,Basophilic Tubules,1,Mild,cortex; focal/multifocal,
PC201708,PC201708-2106,2,2 mg/kg PCDRUG,F,2.0,"Large Intestine, Cecum",No Remarkable Findings,,,,
PC201708,PC201708-2106,2,2 mg/kg PCDRUG,F,2.0,"Large Intestine, Colon",No Remarkable Findings,,,,
PC201708,PC201708-2106,2,2 mg/kg PCDRUG,F,2.0,"Large Intestine, Rectum",No Remarkable Findings,,,,
PC201708,PC201708-2106,2,2 mg/kg PCDRUG,F,2.0,Larynx,No Remarkable Findings,,,,
PC201708,PC201708-2106,2,2 mg/kg PCDRUG,F,2.0,Liver,No Remarkable Findings,,,,
PC201708,PC201708-2106,2,2 mg/kg PCDRUG,F,2.0,Lung,No Remarkable Findings,,,,
PC201708,PC201708-2106,2,2 mg/kg PCDRUG,F,2.0,"Lymph Node, Mesenteric",No Remarkable Findings,,,,
PC201708,PC201708-2106,2,2 mg/kg PCDRUG,F,2.0,"Lymph Node, Popliteal",No Remarkable Findings,,,,
PC201708,PC201708-2106,2,2 mg/kg PCDRUG,F,2.0,"Muscle, Quadriceps Femoris",No Remarkable Findings,,,,
PC201708,PC201708-2106,2,2 mg/kg PCDRUG,F,2.0,"Nerve, Optic",No Remarkable Findings,,,,
PC201708,PC201708-2106,2,2 mg/kg PCDRUG,F,2.0,"Nerve, Sciatic",No Remarkable Findings,,,,
PC201708,PC201708-2106,2,2 mg/kg PCDRUG,F,2.0,Pancreas,No Remarkable Findings,,,,
PC201708,PC201708-2106,2,2 mg/kg PCDRUG,F,2.0,Peyer'S Patch,No Remarkable Findings,,,,
PC201708,PC201708-2106,2,2 mg/kg PCDRUG,F,2.0,Skin,No Remarkable Findings,,,,
PC201708,PC201708-2106,2,2 mg/kg PCDRUG,F,2.0,"Small Intestine, Duodenum",No Remarkable Findings,,,,
PC201708,PC201708-2106,2,2 mg/kg PCDRUG,F,2.0,"Small Intestine, Ileum",No Remarkable Findings,,,,
PC201708,PC201708-2106,2,2 mg/kg PCDRUG,F,2.0,"Small Intestine, Jejunum",No Remarkable Findings,,,,
PC201708,PC201708-2106,2,2 mg/kg PCDRUG,F,2.0,"Spinal Cord, Cervical",No Remarkable Findings,,,,
PC201708,PC201708-2106,2,2 mg/kg PCDRUG,F,2.0,"Spinal Cord, Lumbar",No Remarkable Findings,,,,
PC201708,PC201708-2106,2,2 mg/kg PCDRUG,F,2.0,"Spinal Cord, Thoracic",No Remarkable Findings,,,,
PC201708,PC201708-2106,2,2 mg/kg PCDRUG,F,2.0,Spleen,Congestion,1,Mild,red pulp; diffuse,
PC201708,PC201708-2106,2,2 mg/kg PCDRUG,F,2.0,Stomach,No Remarkable Findings,,,,
PC201708,PC201708-2106,2,2 mg/kg PCDRUG,F,2.0,Thymus,No Remarkable Findings,,,,
PC201708,PC201708-2106,2,2 mg/kg PCDRUG,F,2.0,Tongue,No Remarkable Findings,,,,
PC201708,PC201708-2106,2,2 mg/kg PCDRUG,F,2.0,Trachea,No Remarkable Findings,,,,
PC201708,PC201708-2106,2,2 mg/kg PCDRUG,F,2.0,Ureter,No Remarkable Findings,,,,
PC201708,PC201708-2106,2,2 mg/kg PCDRUG,F,2.0,Urinary Bladder,No Remarkable Findings,,,,
PC201708,PC201708-2106,2,2 mg/kg PCDRUG,F,2.0,Uterus,No Remarkable Findings,,,,
PC201708,PC201708-2107,2,2 mg/kg PCDRUG,F,2.0,"Artery, Aorta",No Remarkable Findings,,,,
PC201708,PC201708-2107,2,2 mg/kg PCDRUG,F,2.0,"Bone Marrow, Femur",Fat Vacuoles,2,Moderate,diffuse,
PC201708,PC201708-2107,2,2 mg/kg PCDRUG,F,2.0,"Bone Marrow, Sternum",No Remarkable Findings,,,,
PC201708,PC201708-2107,2,2 mg/kg PCDRUG,F,2.0,"Bone, Sternum",No Remarkable Findings,,,,
PC201708,PC201708-2107,2,2 mg/kg PCDRUG,F,2.0,Brain,No Remarkable Findings,,,,
PC201708,PC201708-2107,2,2 mg/kg PCDRUG,F,2.0,Esophagus,No Remarkable Findings,,,,
PC201708,PC201708-2107,2,2 mg/kg PCDRUG,F,2.0,Eye,No Remarkable Findings,,,,
PC201708,PC201708-2107,2,2 mg/kg PCDRUG,F,2.0,"Gland, Adrenal",Vacuolization,1,Mild,cortex; diffuse,
PC201708,PC201708-2107,2,2 mg/kg PCDRUG,F,2.0,"Gland, Harderian",No Remarkable Findings,,,,
PC201708,PC201708-2107,2,2 mg/kg PCDRUG,F,2.0,"Gland, Mammary",No Remarkable Findings,,,,
PC201708,PC201708-2107,2,2 mg/kg PCDRUG,F,2.0,"Gland, Parathyroid",No Remarkable Findings,,,,
PC201708,PC201708-2107,2,2 mg/kg PCDRUG,F,2.0,"Gland, Pituitary",No Remarkable Findings,,,,
PC201708,PC201708-2107,2,2 mg/kg PCDRUG,F,2.0,"Gland, Salivary, Parotid",No Remarkable Findings,,,,
PC201708,PC201708-2107,2,2 mg/kg PCDRUG,F,2.0,"Gland, Salivary, Sublingual",No Remarkable Findings,,,,
PC201708,PC201708-2107,2,2 mg/kg PCDRUG,F,2.0,"Gland, Salivary, Submandibular",No Remarkable Findings,,,,
PC201708,PC201708-2107,2,2 mg/kg PCDRUG,F,2.0,"Gland, Thyroid",No Remarkable Findings,,,,
PC201708,PC201708-2107,2,2 mg/kg PCDRUG,F,2.0,Heart,No Remarkable Findings,,,,
PC201708,PC201708-2107,2,2 mg/kg PCDRUG,F,2.0,"Joint, Hip",No Remarkable Findings,,,,
PC201708,PC201708-2107,2,2 mg/kg PCDRUG,F,2.0,Kidney,Necrosis,2,Moderate,proximal tubule; focal,
PC201708,PC201708-2107,2,2 mg/kg PCDRUG,F,2.0,"Large Intestine, Cecum",No Remarkable Findings,,,,
PC201708,PC201708-2107,2,2 mg/kg PCDRUG,F,2.0,"Large Intestine, Colon",No Remarkable Findings,,,,
PC201708,PC201708-2107,2,2 mg/kg PCDRUG,F,2.0,"Large Intestine, Rectum",No Remarkable Findings,,,,
PC201708,PC201708-2107,2,2 mg/kg PCDRUG,F,2.0,Larynx,No Remarkable Findings,,,,
PC201708,PC201708-2107,2,2 mg/kg PCDRUG,F,2.0,Liver,No Remarkable Findings,,,,
PC201708,PC201708-2107,2,2 mg/kg PCDRUG,F,2.0,Lung,No Remarkable Findings,,,,
PC201708,PC201708-2107,2,2 mg/kg PCDRUG,F,2.0,"Lymph Node, Mesenteric",No Remarkable Findings,,,,
PC201708,PC201708-2107,2,2 mg/kg PCDRUG,F,2.0,"Lymph Node, Popliteal",No Remarkable Findings,,,,
PC201708,PC201708-2107,2,2 mg/kg PCDRUG,F,2.0,"Muscle, Quadriceps Femoris",No Remarkable Findings,,,,
PC201708,PC201708-2107,2,2 mg/kg PCDRUG,F,2.0,"Nerve, Optic",No Remarkable Findings,,,,
PC201708,PC201708-2107,2,2 mg/kg PCDRUG,F,2.0,"Nerve, Sciatic",No Remarkable Findings,,,,
PC201708,PC201708-2107,2,2 mg/kg PCDRUG,F,2.0,Pancreas,Inflammation,1,Mild,acute,
PC201708,PC201708-2107,2,2 mg/kg PCDRUG,F,2.0,Peyer'S Patch,Mineralization,1,Mild,multifocal,
PC201708,PC201708-2107,2,2 mg/kg PCDRUG,F,2.0,Skin,No Remarkable Findings,,,,
PC201708,PC201708-2107,2,2 mg/kg PCDRUG,F,2.0,"Small Intestine, Duodenum",No Remarkable Findings,,,,
PC201708,PC201708-2107,2,2 mg/kg PCDRUG,F,2.0,"Small Intestine, Ileum",No Remarkable Findings,,,,
PC201708,PC201708-2107,2,2 mg/kg PCDRUG,F,2.0,"Small Intestine, Jejunum",No Remarkable Findings,,,,
PC201708,PC201708-2107,2,2 mg/kg PCDRUG,F,2.0,"Spinal Cord, Cervical",No Remarkable Findings,,,,
PC201708,PC201708-2107,2,2 mg/kg PCDRUG,F,2.0,"Spinal Cord, Lumbar",No Remarkable Findings,,,,
PC201708,PC201708-2107,2,2 mg/kg PCDRUG,F,2.0,"Spinal Cord, Thoracic",No Remarkable Findings,,,,
PC201708,PC201708-2107,2,2 mg/kg PCDRUG,F,2.0,Spleen,No Remarkable Findings,,,,
PC201708,PC201708-2107,2,2 mg/kg PCDRUG,F,2.0,Stomach,No Remarkable Findings,,,,
PC201708,PC201708-2107,2,2 mg/kg PCDRUG,F,2.0,Thymus,No Remarkable Findings,,,,
PC201708,PC201708-2107,2,2 mg/kg PCDRUG,F,2.0,Tongue,No Remarkable Findings,,,,
PC201708,PC201708-2107,2,2 mg/kg PCDRUG,F,2.0,Trachea,Infiltration Mononuclear Cell,1,Mild,submucosa,
PC201708,PC201708-2107,2,2 mg/kg PCDRUG,F,2.0,Ureter,No Remarkable Findings,,,,
PC201708,PC201708-2107,2,2 mg/kg PCDRUG,F,2.0,Urinary Bladder,No Remarkable Findings,,,,
PC201708,PC201708-2107,2,2 mg/kg PCDRUG,F,2.0,Uterus,No Remarkable Findings,,,,
PC201708,PC201708-2108,2,2 mg/kg PCDRUG,F,2.0,"Artery, Aorta",No Remarkable Findings,,,,
PC201708,PC201708-2108,2,2 mg/kg PCDRUG,F,2.0,"Bone Marrow, Femur",Fat Vacuoles,2,Moderate,diffuse,
PC201708,PC201708-2108,2,2 mg/kg PCDRUG,F,2.0,"Bone Marrow, Sternum",No Remarkable Findings,,,,
PC201708,PC201708-2108,2,2 mg/kg PCDRUG,F,2.0,"Bone, Sternum",No Remarkable Findings,,,,
PC201708,PC201708-2108,2,2 mg/kg PCDRUG,F,2.0,Brain,No Remarkable Findings,,,,
PC201708,PC201708-2108,2,2 mg/kg PCDRUG,F,2.0,Esophagus,No Remarkable Findings,,,,
PC201708,PC201708-2108,2,2 mg/kg PCDRUG,F,2.0,Eye,No Remarkable Findings,,,,
PC201708,PC201708-2108,2,2 mg/kg PCDRUG,F,2.0,"Gland, Adrenal",Vacuolization,1,Mild,cortex; diffuse,
PC201708,PC201708-2108,2,2 mg/kg PCDRUG,F,2.0,"Gland, Harderian",No Remarkable Findings,,,,
PC201708,PC201708-2108,2,2 mg/kg PCDRUG,F,2.0,"Gland, Mammary",No Remarkable Findings,,,,
PC201708,PC201708-2108,2,2 mg/kg PCDRUG,F,2.0,"Gland, Parathyroid",No Remarkable Findings,,,,
PC201708,PC201708-2108,2,2 mg/kg PCDRUG,F,2.0,"Gland, Pituitary",No Remarkable Findings,,,,
PC201708,PC201708-2108,2,2 mg/kg PCDRUG,F,2.0,"Gland, Salivary, Parotid",No Remarkable Findings,,,,
PC201708,PC201708-2108,2,2 mg/kg PCDRUG,F,2.0,"Gland, Salivary, Sublingual",No Remarkable Findings,,,,
PC201708,PC201708-2108,2,2 mg/kg PCDRUG,F,2.0,"Gland, Salivary, Submandibular",No Remarkable Findings,,,,
PC201708,PC201708-2108,2,2 mg/kg PCDRUG,F,2.0,"Gland, Thyroid",No Remarkable Findings,,,,
PC201708,PC201708-2108,2,2 mg/kg PCDRUG,F,2.0,Heart,No Remarkable Findings,,,,
PC201708,PC201708-2108,2,2 mg/kg PCDRUG,F,2.0,"Joint, Hip",No Remarkable Findings,,,,
PC201708,PC201708-2108,2,2 mg/kg PCDRUG,F,2.0,Kidney,No Remarkable Findings,,,,
PC201708,PC201708-2108,2,2 mg/kg PCDRUG,F,2.0,"Large Intestine, Cecum",No Remarkable Findings,,,,
PC201708,PC201708-2108,2,2 mg/kg PCDRUG,F,2.0,"Large Intestine, Colon",No Remarkable Findings,,,,
PC201708,PC201708-2108,2,2 mg/kg PCDRUG,F,2.0,"Large Intestine, Rectum",No Remarkable Findings,,,,
PC201708,PC201708-2108,2,2 mg/kg PCDRUG,F,2.0,Larynx,No Remarkable Findings,,,,
PC201708,PC201708-2108,2,2 mg/kg PCDRUG,F,2.0,Liver,No Remarkable Findings,,,,
PC201708,PC201708-2108,2,2 mg/kg PCDRUG,F,2.0,Lung,Inflammation,1,Mild,chronic; focal; with hemoglobin crystals,
PC201708,PC201708-2108,2,2 mg/kg PCDRUG,F,2.0,"Lymph Node, Mesenteric",No Remarkable Findings,,,,
PC201708,PC201708-2108,2,2 mg/kg PCDRUG,F,2.0,"Lymph Node, Popliteal",No Remarkable Findings,,,,
PC201708,PC201708-2108,2,2 mg/kg PCDRUG,F,2.0,"Muscle, Quadriceps Femoris",No Remarkable Findings,,,,
PC201708,PC201708-2108,2,2 mg/kg PCDRUG,F,2.0,"Nerve, Optic",No Remarkable Findings,,,,
PC201708,PC201708-2108,2,2 mg/kg PCDRUG,F,2.0,"Nerve, Sciatic",No Remarkable Findings,,,,
PC201708,PC201708-2108,2,2 mg/kg PCDRUG,F,2.0,Pancreas,No Remarkable Findings,,,,
PC201708,PC201708-2108,2,2 mg/kg PCDRUG,F,2.0,Peyer'S Patch,Mineralization,1,Mild,focal,
PC201708,PC201708-2108,2,2 mg/kg PCDRUG,F,2.0,Skin,No Remarkable Findings,,,,
PC201708,PC201708-2108,2,2 mg/kg PCDRUG,F,2.0,"Small Intestine, Duodenum",No Remarkable Findings,,,,
PC201708,PC201708-2108,2,2 mg/kg PCDRUG,F,2.0,"Small Intestine, Ileum",No Remarkable Findings,,,,
PC201708,PC201708-2108,2,2 mg/kg PCDRUG,F,2.0,"Small Intestine, Jejunum",No Remarkable Findings,,,,
PC201708,PC201708-2108,2,2 mg/kg PCDRUG,F,2.0,"Spinal Cord, Cervical",No Remarkable Findings,,,,
PC201708,PC201708-2108,2,2 mg/kg PCDRUG,F,2.0,"Spinal Cord, Lumbar",No Remarkable Findings,,,,
PC201708,PC201708-2108,2,2 mg/kg PCDRUG,F,2.0,"Spinal Cord, Thoracic",No Remarkable Findings,,,,
PC201708,PC201708-2108,2,2 mg/kg PCDRUG,F,2.0,Spleen,No Remarkable Findings,,,,
PC201708,PC201708-2108,2,2 mg/kg PCDRUG,F,2.0,Stomach,No Remarkable Findings,,,,
PC201708,PC201708-2108,2,2 mg/kg PCDRUG,F,2.0,Thymus,No Remarkable Findings,,,,
PC201708,PC201708-2108,2,2 mg/kg PCDRUG,F,2.0,Tongue,No Remarkable Findings,,,,
PC201708,PC201708-2108,2,2 mg/kg PCDRUG,F,2.0,Trachea,No Remarkable Findings,,,,
PC201708,PC201708-2108,2,2 mg/kg PCDRUG,F,2.0,Ureter,No Remarkable Findings,,,,
PC201708,PC201708-2108,2,2 mg/kg PCDRUG,F,2.0,Urinary Bladder,No Remarkable Findings,,,,
PC201708,PC201708-2108,2,2 mg/kg PCDRUG,F,2.0,Uterus,No Remarkable Findings,,,,
PC201708,PC201708-2109,2,2 mg/kg PCDRUG,F,2.0,"Artery, Aorta",No Remarkable Findings,,,,
PC201708,PC201708-2109,2,2 mg/kg PCDRUG,F,2.0,"Bone Marrow, Femur",Fat Vacuoles,1,Mild,diffuse,
PC201708,PC201708-2109,2,2 mg/kg PCDRUG,F,2.0,"Bone Marrow, Sternum",No Remarkable Findings,,,,
PC201708,PC201708-2109,2,2 mg/kg PCDRUG,F,2.0,"Bone, Sternum",No Remarkable Findings,,,,
PC201708,PC201708-2109,2,2 mg/kg PCDRUG,F,2.0,Brain,No Remarkable Findings,,,,
PC201708,PC201708-2109,2,2 mg/kg PCDRUG,F,2.0,Esophagus,No Remarkable Findings,,,,
PC201708,PC201708-2109,2,2 mg/kg PCDRUG,F,2.0,Eye,No Remarkable Findings,,,,
PC201708,PC201708-2109,2,2 mg/kg PCDRUG,F,2.0,"Gland, Adrenal",Vacuolization,1,Mild,diffuse,
PC201708,PC201708-2109,2,2 mg/kg PCDRUG,F,2.0,"Gland, Harderian",No Remarkable Findings,,,,
PC201708,PC201708-2109,2,2 mg/kg PCDRUG,F,2.0,"Gland, Mammary",No Remarkable Findings,,,,
PC201708,PC201708-2109,2,2 mg/kg PCDRUG,F,2.0,"Gland, Parathyroid",No Remarkable Findings,,,,
PC201708,PC201708-2109,2,2 mg/kg PCDRUG,F,2.0,"Gland, Pituitary",No Remarkable Findings,,,,
PC201708,PC201708-2109,2,2 mg/kg PCDRUG,F,2.0,"Gland, Salivary, Parotid",No Remarkable Findings,,,,
PC201708,PC201708-2109,2,2 mg/kg PCDRUG,F,2.0,"Gland, Salivary, Sublingual",No Remarkable Findings,,,,
PC201708,PC201708-2109,2,2 mg/kg PCDRUG,F,2.0,"Gland, Salivary, Submandibular",No Remarkable Findings,,,,
PC201708,PC201708-2109,2,2 mg/kg PCDRUG,F,2.0,"Gland, Thyroid",Hypertrophy,1,Mild,follicular cell(s); diffuse,
PC201708,PC201708-2109,2,2 mg/kg PCDRUG,F,2.0,Heart,No Remarkable Findings,,,,
PC201708,PC201708-2109,2,2 mg/kg PCDRUG,F,2.0,"Joint, Hip",No Remarkable Findings,,,,
PC201708,PC201708-2109,2,2 mg/kg PCDRUG,F,2.0,Kidney,Basophilic Tubules,1,Mild,cortex; focal/multifocal,
PC201708,PC201708-2109,2,2 mg/kg PCDRUG,F,2.0,"Large Intestine, Cecum",No Remarkable Findings,,,,
PC201708,PC201708-2109,2,2 mg/kg PCDRUG,F,2.0,"Large Intestine, Colon",No Remarkable Findings,,,,
PC201708,PC201708-2109,2,2 mg/kg PCDRUG,F,2.0,"Large Intestine, Rectum",No Remarkable Findings,,,,
PC201708,PC201708-2109,2,2 mg/kg PCDRUG,F,2.0,Larynx,No Remarkable Findings,,,,
PC201708,PC201708-2109,2,2 mg/kg PCDRUG,F,2.0,Liver,No Remarkable Findings,,,,
PC201708,PC201708-2109,2,2 mg/kg PCDRUG,F,2.0,Lung,No Remarkable Findings,,,,
PC201708,PC201708-2109,2,2 mg/kg PCDRUG,F,2.0,"Lymph Node, Mesenteric",No Remarkable Findings,,,,
PC201708,PC201708-2109,2,2 mg/kg PCDRUG,F,2.0,"Lymph Node, Popliteal",No Remarkable Findings,,,,
PC201708,PC201708-2109,2,2 mg/kg PCDRUG,F,2.0,"Muscle, Quadriceps Femoris",No Remarkable Findings,,,,
PC201708,PC201708-2109,2,2 mg/kg PCDRUG,F,2.0,"Nerve, Optic",No Remarkable Findings,,,,
PC201708,PC201708-2109,2,2 mg/kg PCDRUG,F,2.0,"Nerve, Sciatic",No Remarkable Findings,,,,
PC201708,PC201708-2109,2,2 mg/kg PCDRUG,F,2.0,Pancreas,No Remarkable Findings,,,,
PC201708,PC201708-2109,2,2 mg/kg PCDRUG,F,2.0,Peyer'S Patch,Mineralization,1,Mild,multifocal,
PC201708,PC201708-2109,2,2 mg/kg PCDRUG,F,2.0,Skin,No Remarkable Findings,,,,
PC201708,PC201708-2109,2,2 mg/kg PCDRUG,F,2.0,"Small Intestine, Duodenum",No Remarkable Findings,,,,
PC201708,PC201708-2109,2,2 mg/kg PCDRUG,F,2.0,"Small Intestine, Ileum",No Remarkable Findings,,,,
PC201708,PC201708-2109,2,2 mg/kg PCDRUG,F,2.0,"Small Intestine, Jejunum",No Remarkable Findings,,,,
PC201708,PC201708-2109,2,2 mg/kg PCDRUG,F,2.0,"Spinal Cord, Cervical",No Remarkable Findings,,,,
PC201708,PC201708-2109,2,2 mg/kg PCDRUG,F,2.0,"Spinal Cord, Lumbar",No Remarkable Findings,,,,
PC201708,PC201708-2109,2,2 mg/kg PCDRUG,F,2.0,"Spinal Cord, Thoracic",No Remarkable Findings,,,,
PC201708,PC201708-2109,2,2 mg/kg PCDRUG,F,2.0,Spleen,No Remarkable Findings,,,,
PC201708,PC201708-2109,2,2 mg/kg PCDRUG,F,2.0,Stomach,No Remarkable Findings,,,,
PC201708,PC201708-2109,2,2 mg/kg PCDRUG,F,2.0,Thymus,No Remarkable Findings,,,,
PC201708,PC201708-2109,2,2 mg/kg PCDRUG,F,2.0,Tongue,No Remarkable Findings,,,,
PC201708,PC201708-2109,2,2 mg/kg PCDRUG,F,2.0,Trachea,No Remarkable Findings,,,,
PC201708,PC201708-2109,2,2 mg/kg PCDRUG,F,2.0,Ureter,No Remarkable Findings,,,,
PC201708,PC201708-2109,2,2 mg/kg PCDRUG,F,2.0,Urinary Bladder,No Remarkable Findings,,,,
PC201708,PC201708-2109,2,2 mg/kg PCDRUG,F,2.0,Uterus,No Remarkable Findings,,,,
PC201708,PC201708-2110,2,2 mg/kg PCDRUG,F,2.0,"Artery, Aorta",No Remarkable Findings,,,,
PC201708,PC201708-2110,2,2 mg/kg PCDRUG,F,2.0,"Bone Marrow, Femur",Fat Vacuoles,2,Moderate,diffuse,
PC201708,PC201708-2110,2,2 mg/kg PCDRUG,F,2.0,"Bone Marrow, Sternum",No Remarkable Findings,,,,
PC201708,PC201708-2110,2,2 mg/kg PCDRUG,F,2.0,"Bone, Sternum",No Remarkable Findings,,,,
PC201708,PC201708-2110,2,2 mg/kg PCDRUG,F,2.0,Brain,No Remarkable Findings,,,,
PC201708,PC201708-2110,2,2 mg/kg PCDRUG,F,2.0,Esophagus,No Remarkable Findings,,,,
PC201708,PC201708-2110,2,2 mg/kg PCDRUG,F,2.0,Eye,No Remarkable Findings,,,,
PC201708,PC201708-2110,2,2 mg/kg PCDRUG,F,2.0,"Gland, Adrenal",Vacuolization,1,Mild,cortex; diffuse,
PC201708,PC201708-2110,2,2 mg/kg PCDRUG,F,2.0,"Gland, Harderian",No Remarkable Findings,,,,
PC201708,PC201708-2110,2,2 mg/kg PCDRUG,F,2.0,"Gland, Mammary",No Remarkable Findings,,,,
PC201708,PC201708-2110,2,2 mg/kg PCDRUG,F,2.0,"Gland, Parathyroid",No Remarkable Findings,,,,
PC201708,PC201708-2110,2,2 mg/kg PCDRUG,F,2.0,"Gland, Pituitary",No Remarkable Findings,,,,
PC201708,PC201708-2110,2,2 mg/kg PCDRUG,F,2.0,"Gland, Salivary, Parotid",No Remarkable Findings,,,,
PC201708,PC201708-2110,2,2 mg/kg PCDRUG,F,2.0,"Gland, Salivary, Sublingual",No Remarkable Findings,,,,
PC201708,PC201708-2110,2,2 mg/kg PCDRUG,F,2.0,"Gland, Salivary, Submandibular",No Remarkable Findings,,,,
PC201708,PC201708-2110,2,2 mg/kg PCDRUG,F,2.0,"Gland, Thyroid",Hypertrophy,1,Mild,follicular cell(s); diffuse,
PC201708,PC201708-2110,2,2 mg/kg PCDRUG,F,2.0,Heart,No Remarkable Findings,,,,
PC201708,PC201708-2110,2,2 mg/kg PCDRUG,F,2.0,"Joint, Hip",No Remarkable Findings,,,,
PC201708,PC201708-2110,2,2 mg/kg PCDRUG,F,2.0,Kidney,Basophilic Tubules,1,Mild,cortex; focal/multifocal,
PC201708,PC201708-2110,2,2 mg/kg PCDRUG,F,2.0,Kidney,Cast,1,Mild,hyaline; medulla; focal/multifocal,
PC201708,PC201708-2110,2,2 mg/kg PCDRUG,F,2.0,"Large Intestine, Cecum",No Remarkable Findings,,,,
PC201708,PC201708-2110,2,2 mg/kg PCDRUG,F,2.0,"Large Intestine, Colon",No Remarkable Findings,,,,
PC201708,PC201708-2110,2,2 mg/kg PCDRUG,F,2.0,"Large Intestine, Rectum",No Remarkable Findings,,,,
PC201708,PC201708-2110,2,2 mg/kg PCDRUG,F,2.0,Larynx,No Remarkable Findings,,,,
PC201708,PC201708-2110,2,2 mg/kg PCDRUG,F,2.0,Liver,No Remarkable Findings,,,,
PC201708,PC201708-2110,2,2 mg/kg PCDRUG,F,2.0,Lung,No Remarkable Findings,,,,
PC201708,PC201708-2110,2,2 mg/kg PCDRUG,F,2.0,"Lymph Node, Mesenteric",No Remarkable Findings,,,,
PC201708,PC201708-2110,2,2 mg/kg PCDRUG,F,2.0,"Lymph Node, Popliteal",No Remarkable Findings,,,,
PC201708,PC201708-2110,2,2 mg/kg PCDRUG,F,2.0,"Muscle, Quadriceps Femoris",No Remarkable Findings,,,,
PC201708,PC201708-2110,2,2 mg/kg PCDRUG,F,2.0,"Nerve, Optic",No Remarkable Findings,,,,
PC201708,PC201708-2110,2,2 mg/kg PCDRUG,F,2.0,"Nerve, Sciatic",No Remarkable Findings,,,,
PC201708,PC201708-2110,2,2 mg/kg PCDRUG,F,2.0,Pancreas,No Remarkable Findings,,,,
PC201708,PC201708-2110,2,2 mg/kg PCDRUG,F,2.0,Peyer'S Patch,No Remarkable Findings,,,,
PC201708,PC201708-2110,2,2 mg/kg PCDRUG,F,2.0,Skin,No Remarkable Findings,,,,
PC201708,PC201708-2110,2,2 mg/kg PCDRUG,F,2.0,"Small Intestine, Duodenum",No Remarkable Findings,,,,
PC201708,PC201708-2110,2,2 mg/kg PCDRUG,F,2.0,"Small Intestine, Ileum",No Remarkable Findings,,,,
PC201708,PC201708-2110,2,2 mg/kg PCDRUG,F,2.0,"Small Intestine, Jejunum",No Remarkable Findings,,,,
PC201708,PC201708-2110,2,2 mg/kg PCDRUG,F,2.0,"Spinal Cord, Cervical",No Remarkable Findings,,,,
PC201708,PC201708-2110,2,2 mg/kg PCDRUG,F,2.0,"Spinal Cord, Lumbar",No Remarkable Findings,,,,
PC201708,PC201708-2110,2,2 mg/kg PCDRUG,F,2.0,"Spinal Cord, Thoracic",No Remarkable Findings,,,,
PC201708,PC201708-2110,2,2 mg/kg PCDRUG,F,2.0,Spleen,Congestion,1,Mild,red pulp; diffuse,
PC201708,PC201708-2110,2,2 mg/kg PCDRUG,F,2.0,Stomach,No Remarkable Findings,,,,
PC201708,PC201708-2110,2,2 mg/kg PCDRUG,F,2.0,Thymus,No Remarkable Findings,,,,
PC201708,PC201708-2110,2,2 mg/kg PCDRUG,F,2.0,Tongue,Hemorrhage,1,Mild,,
PC201708,PC201708-2110,2,2 mg/kg PCDRUG,F,2.0,Trachea,No Remarkable Findings,,,,
PC201708,PC201708-2110,2,2 mg/kg PCDRUG,F,2.0,Ureter,No Remarkable Findings,,,,
PC201708,PC201708-2110,2,2 mg/kg PCDRUG,F,2.0,Urinary Bladder,No Remarkable Findings,,,,
PC201708,PC201708-2110,2,2 mg/kg PCDRUG,F,2.0,Uterus,Leiomyoma,,,,
PC201708,PC201708-2111,2,2 mg/kg PCDRUG,F,2.0,"Bone Marrow, Sternum",No Remarkable Findings,,,,
PC201708,PC201708-2111,2,2 mg/kg PCDRUG,F,2.0,"Bone, Sternum",No Remarkable Findings,,,,
PC201708,PC201708-2111,2,2 mg/kg PCDRUG,F,2.0,"Gland, Adrenal",No Remarkable Findings,,,,
PC201708,PC201708-2111,2,2 mg/kg PCDRUG,F,2.0,"Gland, Thyroid",No Remarkable Findings,,,,
PC201708,PC201708-2111,2,2 mg/kg PCDRUG,F,2.0,Liver,No Remarkable Findings,,,,
PC201708,PC201708-2112,2,2 mg/kg PCDRUG,F,2.0,"Bone Marrow, Sternum",No Remarkable Findings,,,,
PC201708,PC201708-2112,2,2 mg/kg PCDRUG,F,2.0,"Bone, Sternum",No Remarkable Findings,,,,
PC201708,PC201708-2112,2,2 mg/kg PCDRUG,F,2.0,"Gland, Adrenal",No Remarkable Findings,,,,
PC201708,PC201708-2112,2,2 mg/kg PCDRUG,F,2.0,"Gland, Thyroid",No Remarkable Findings,,,,
PC201708,PC201708-2112,2,2 mg/kg PCDRUG,F,2.0,Liver,No Remarkable Findings,,,,
PC201708,PC201708-2113,2,2 mg/kg PCDRUG,F,2.0,"Bone Marrow, Sternum",No Remarkable Findings,,,,
PC201708,PC201708-2113,2,2 mg/kg PCDRUG,F,2.0,"Bone, Sternum",No Remarkable Findings,,,,
PC201708,PC201708-2113,2,2 mg/kg PCDRUG,F,2.0,"Gland, Adrenal",Hypertrophy,1,Mild,zona glomerulosa; focal/multifocal,
PC201708,PC201708-2113,2,2 mg/kg PCDRUG,F,2.0,"Gland, Thyroid",No Remarkable Findings,,,,
PC201708,PC201708-2113,2,2 mg/kg PCDRUG,F,2.0,Liver,No Remarkable Findings,,,,
PC201708,PC201708-2114,2,2 mg/kg PCDRUG,F,2.0,"Bone Marrow, Sternum",No Remarkable Findings,,,,
PC201708,PC201708-2114,2,2 mg/kg PCDRUG,F,2.0,"Bone, Sternum",No Remarkable Findings,,,,
PC201708,PC201708-2114,2,2 mg/kg PCDRUG,F,2.0,"Gland, Adrenal",No Remarkable Findings,,,,
PC201708,PC201708-2114,2,2 mg/kg PCDRUG,F,2.0,"Gland, Thyroid",No Remarkable Findings,,,,
PC201708,PC201708-2114,2,2 mg/kg PCDRUG,F,2.0,Liver,No Remarkable Findings,,,,
PC201708,PC201708-2114,2,2 mg/kg PCDRUG,F,2.0,"Lymph Node, Popliteal",No Remarkable Findings,,,,
PC201708,PC201708-2115,2,2 mg/kg PCDRUG,F,2.0,"Bone Marrow, Sternum",No Remarkable Findings,,,,
PC201708,PC201708-2115,2,2 mg/kg PCDRUG,F,2.0,"Bone, Sternum",No Remarkable Findings,,,,
PC201708,PC201708-2115,2,2 mg/kg PCDRUG,F,2.0,"Gland, Adrenal",No Remarkable Findings,,,,
PC201708,PC201708-2115,2,2 mg/kg PCDRUG,F,2.0,"Gland, Thyroid",No Remarkable Findings,,,,
PC201708,PC201708-2115,2,2 mg/kg PCDRUG,F,2.0,Liver,No Remarkable Findings,,,,
PC201708,PC201708-3001,3,20 mg/kg PCDRUG,M,20.0,"Artery, Aorta",No Remarkable Findings,,,,
PC201708,PC201708-3001,3,20 mg/kg PCDRUG,M,20.0,"Bone Marrow, Femur",Fat Vacuoles,1,Mild,diffuse,
PC201708,PC201708-3001,3,20 mg/kg PCDRUG,M,20.0,"Bone Marrow, Sternum",No Remarkable Findings,,,,
PC201708,PC201708-3001,3,20 mg/kg PCDRUG,M,20.0,"Bone, Sternum",No Remarkable Findings,,,,
PC201708,PC201708-3001,3,20 mg/kg PCDRUG,M,20.0,Brain,No Remarkable Findings,,,,
PC201708,PC201708-3001,3,20 mg/kg PCDRUG,M,20.0,Epididymis,No Remarkable Findings,,,,
PC201708,PC201708-3001,3,20 mg/kg PCDRUG,M,20.0,Esophagus,No Remarkable Findings,,,,
PC201708,PC201708-3001,3,20 mg/kg PCDRUG,M,20.0,Eye,No Remarkable Findings,,,,
PC201708,PC201708-3001,3,20 mg/kg PCDRUG,M,20.0,"Gland, Adrenal",No Remarkable Findings,,,,
PC201708,PC201708-3001,3,20 mg/kg PCDRUG,M,20.0,"Gland, Coagulating",No Remarkable Findings,,,,
PC201708,PC201708-3001,3,20 mg/kg PCDRUG,M,20.0,"Gland, Harderian",No Remarkable Findings,,,,
PC201708,PC201708-3001,3,20 mg/kg PCDRUG,M,20.0,"Gland, Mammary",No Remarkable Findings,,,,
PC201708,PC201708-3001,3,20 mg/kg PCDRUG,M,20.0,"Gland, Parathyroid",No Remarkable Findings,,,,
PC201708,PC201708-3001,3,20 mg/kg PCDRUG,M,20.0,"Gland, Pituitary",No Remarkable Findings,,,,
PC201708,PC201708-3001,3,20 mg/kg PCDRUG,M,20.0,"Gland, Prostate",Inflammation,1,Mild,chronic; ventral,
PC201708,PC201708-3001,3,20 mg/kg PCDRUG,M,20.0,"Gland, Salivary, Parotid",No Remarkable Findings,,,,
PC201708,PC201708-3001,3,20 mg/kg PCDRUG,M,20.0,"Gland, Salivary, Sublingual",No Remarkable Findings,,,,
PC201708,PC201708-3001,3,20 mg/kg PCDRUG,M,20.0,"Gland, Salivary, Submandibular",No Remarkable Findings,,,,
PC201708,PC201708-3001,3,20 mg/kg PCDRUG,M,20.0,"Gland, Seminal Vesicle",No Remarkable Findings,,,,
PC201708,PC201708-3001,3,20 mg/kg PCDRUG,M,20.0,"Gland, Thyroid",Ectopic Lymphoid Tissue,1,Mild,focal,
PC201708,PC201708-3001,3,20 mg/kg PCDRUG,M,20.0,Heart,No Remarkable Findings,,,,
PC201708,PC201708-3001,3,20 mg/kg PCDRUG,M,20.0,"Joint, Hip",No Remarkable Findings,,,,
PC201708,PC201708-3001,3,20 mg/kg PCDRUG,M,20.0,Kidney,No Remarkable Findings,,,,
PC201708,PC201708-3001,3,20 mg/kg PCDRUG,M,20.0,"Large Intestine, Cecum",No Remarkable Findings,,,,
PC201708,PC201708-3001,3,20 mg/kg PCDRUG,M,20.0,"Large Intestine, Colon",No Remarkable Findings,,,,
PC201708,PC201708-3001,3,20 mg/kg PCDRUG,M,20.0,"Large Intestine, Rectum",No Remarkable Findings,,,,
PC201708,PC201708-3001,3,20 mg/kg PCDRUG,M,20.0,Larynx,No Remarkable Findings,,,,
PC201708,PC201708-3001,3,20 mg/kg PCDRUG,M,20.0,Liver,No Remarkable Findings,,,,
PC201708,PC201708-3001,3,20 mg/kg PCDRUG,M,20.0,Lung,Macrophages Intra-Alveolar,1,Mild,focal/multifocal; foamy,
PC201708,PC201708-3001,3,20 mg/kg PCDRUG,M,20.0,"Lymph Node, Mesenteric",No Remarkable Findings,,,,
PC201708,PC201708-3001,3,20 mg/kg PCDRUG,M,20.0,"Lymph Node, Popliteal",No Remarkable Findings,,,,
PC201708,PC201708-3001,3,20 mg/kg PCDRUG,M,20.0,"Muscle, Quadriceps Femoris",No Remarkable Findings,,,,
PC201708,PC201708-3001,3,20 mg/kg PCDRUG,M,20.0,"Nerve, Optic",No Remarkable Findings,,,,
PC201708,PC201708-3001,3,20 mg/kg PCDRUG,M,20.0,"Nerve, Sciatic",No Remarkable Findings,,,,
PC201708,PC201708-3001,3,20 mg/kg PCDRUG,M,20.0,Pancreas,No Remarkable Findings,,,,
PC201708,PC201708-3001,3,20 mg/kg PCDRUG,M,20.0,Peyer'S Patch,No Remarkable Findings,,,,
PC201708,PC201708-3001,3,20 mg/kg PCDRUG,M,20.0,Skin,No Remarkable Findings,,,,
PC201708,PC201708-3001,3,20 mg/kg PCDRUG,M,20.0,"Small Intestine, Duodenum",No Remarkable Findings,,,,
PC201708,PC201708-3001,3,20 mg/kg PCDRUG,M,20.0,"Small Intestine, Ileum",No Remarkable Findings,,,,
PC201708,PC201708-3001,3,20 mg/kg PCDRUG,M,20.0,"Small Intestine, Jejunum",No Remarkable Findings,,,,
PC201708,PC201708-3001,3,20 mg/kg PCDRUG,M,20.0,"Spinal Cord, Cervical",No Remarkable Findings,,,,
PC201708,PC201708-3001,3,20 mg/kg PCDRUG,M,20.0,"Spinal Cord, Lumbar",No Remarkable Findings,,,,
PC201708,PC201708-3001,3,20 mg/kg PCDRUG,M,20.0,"Spinal Cord, Thoracic",No Remarkable Findings,,,,
PC201708,PC201708-3001,3,20 mg/kg PCDRUG,M,20.0,Spleen,Pigmentation,1,Mild,red pulp; diffuse,
PC201708,PC201708-3001,3,20 mg/kg PCDRUG,M,20.0,Stomach,No Remarkable Findings,,,,
PC201708,PC201708-3001,3,20 mg/kg PCDRUG,M,20.0,Testis,No Remarkable Findings,,,,
PC201708,PC201708-3001,3,20 mg/kg PCDRUG,M,20.0,Thymus,No Remarkable Findings,,,,
PC201708,PC201708-3001,3,20 mg/kg PCDRUG,M,20.0,Tongue,No Remarkable Findings,,,,
PC201708,PC201708-3001,3,20 mg/kg PCDRUG,M,20.0,Trachea,No Remarkable Findings,,,,
PC201708,PC201708-3001,3,20 mg/kg PCDRUG,M,20.0,Ureter,No Remarkable Findings,,,,
PC201708,PC201708-3001,3,20 mg/kg PCDRUG,M,20.0,Urinary Bladder,No Remarkable Findings,,,,
PC201708,PC201708-3002,3,20 mg/kg PCDRUG,M,20.0,"Artery, Aorta",No Remarkable Findings,,,,
PC201708,PC201708-3002,3,20 mg/kg PCDRUG,M,20.0,"Bone Marrow, Femur",No Remarkable Findings,,,,
PC201708,PC201708-3002,3,20 mg/kg PCDRUG,M,20.0,"Bone Marrow, Sternum",No Remarkable Findings,,,,
PC201708,PC201708-3002,3,20 mg/kg PCDRUG,M,20.0,"Bone, Sternum",No Remarkable Findings,,,,
PC201708,PC201708-3002,3,20 mg/kg PCDRUG,M,20.0,Brain,No Remarkable Findings,,,,
PC201708,PC201708-3002,3,20 mg/kg PCDRUG,M,20.0,Epididymis,No Remarkable Findings,,,,
PC201708,PC201708-3002,3,20 mg/kg PCDRUG,M,20.0,Esophagus,No Remarkable Findings,,,,
PC201708,PC201708-3002,3,20 mg/kg PCDRUG,M,20.0,Eye,No Remarkable Findings,,,,
PC201708,PC201708-3002,3,20 mg/kg PCDRUG,M,20.0,"Gland, Adrenal",No Remarkable Findings,,,,
PC201708,PC201708-3002,3,20 mg/kg PCDRUG,M,20.0,"Gland, Coagulating",No Remarkable Findings,,,,
PC201708,PC201708-3002,3,20 mg/kg PCDRUG,M,20.0,"Gland, Harderian",No Remarkable Findings,,,,
PC201708,PC201708-3002,3,20 mg/kg PCDRUG,M,20.0,"Gland, Mammary",No Remarkable Findings,,,,
PC201708,PC201708-3002,3,20 mg/kg PCDRUG,M,20.0,"Gland, Parathyroid",No Remarkable Findings,,,,
PC201708,PC201708-3002,3,20 mg/kg PCDRUG,M,20.0,"Gland, Pituitary",No Remarkable Findings,,,,
PC201708,PC201708-3002,3,20 mg/kg PCDRUG,M,20.0,"Gland, Prostate",No Remarkable Findings,,,,
PC201708,PC201708-3002,3,20 mg/kg PCDRUG,M,20.0,"Gland, Salivary, Parotid",No Remarkable Findings,,,,
PC201708,PC201708-3002,3,20 mg/kg PCDRUG,M,20.0,"Gland, Salivary, Sublingual",No Remarkable Findings,,,,
PC201708,PC201708-3002,3,20 mg/kg PCDRUG,M,20.0,"Gland, Salivary, Submandibular",No Remarkable Findings,,,,
PC201708,PC201708-3002,3,20 mg/kg PCDRUG,M,20.0,"Gland, Seminal Vesicle",No Remarkable Findings,,,,
PC201708,PC201708-3002,3,20 mg/kg PCDRUG,M,20.0,"Gland, Thyroid",No Remarkable Findings,,,,
PC201708,PC201708-3002,3,20 mg/kg PCDRUG,M,20.0,Heart,No Remarkable Findings,,,,
PC201708,PC201708-3002,3,20 mg/kg PCDRUG,M,20.0,"Joint, Hip",No Remarkable Findings,,,,
PC201708,PC201708-3002,3,20 mg/kg PCDRUG,M,20.0,Kidney,No Remarkable Findings,,,,
PC201708,PC201708-3002,3,20 mg/kg PCDRUG,M,20.0,"Large Intestine, Cecum",No Remarkable Findings,,,,
PC201708,PC201708-3002,3,20 mg/kg PCDRUG,M,20.0,"Large Intestine, Colon",No Remarkable Findings,,,,
PC201708,PC201708-3002,3,20 mg/kg PCDRUG,M,20.0,"Large Intestine, Rectum",No Remarkable Findings,,,,
PC201708,PC201708-3002,3,20 mg/kg PCDRUG,M,20.0,Larynx,No Remarkable Findings,,,,
PC201708,PC201708-3002,3,20 mg/kg PCDRUG,M,20.0,Liver,No Remarkable Findings,,,,
PC201708,PC201708-3002,3,20 mg/kg PCDRUG,M,20.0,Lung,Macrophages Intra-Alveolar,1,Mild,focal/multifocal; foamy,
PC201708,PC201708-3002,3,20 mg/kg PCDRUG,M,20.0,"Lymph Node, Mesenteric",No Remarkable Findings,,,,
PC201708,PC201708-3002,3,20 mg/kg PCDRUG,M,20.0,"Lymph Node, Popliteal",No Remarkable Findings,,,,
PC201708,PC201708-3002,3,20 mg/kg PCDRUG,M,20.0,"Muscle, Quadriceps Femoris",No Remarkable Findings,,,,
PC201708,PC201708-3002,3,20 mg/kg PCDRUG,M,20.0,"Nerve, Optic",No Remarkable Findings,,,,
PC201708,PC201708-3002,3,20 mg/kg PCDRUG,M,20.0,"Nerve, Sciatic",No Remarkable Findings,,,,
PC201708,PC201708-3002,3,20 mg/kg PCDRUG,M,20.0,Pancreas,No Remarkable Findings,,,,
PC201708,PC201708-3002,3,20 mg/kg PCDRUG,M,20.0,Peyer'S Patch,No Remarkable Findings,,,,
PC201708,PC201708-3002,3,20 mg/kg PCDRUG,M,20.0,Skin,No Remarkable Findings,,,,
PC201708,PC201708-3002,3,20 mg/kg PCDRUG,M,20.0,"Small Intestine, Duodenum",No Remarkable Findings,,,,
PC201708,PC201708-3002,3,20 mg/kg PCDRUG,M,20.0,"Small Intestine, Ileum",No Remarkable Findings,,,,
PC201708,PC201708-3002,3,20 mg/kg PCDRUG,M,20.0,"Small Intestine, Jejunum",No Remarkable Findings,,,,
PC201708,PC201708-3002,3,20 mg/kg PCDRUG,M,20.0,"Spinal Cord, Cervical",No Remarkable Findings,,,,
PC201708,PC201708-3002,3,20 mg/kg PCDRUG,M,20.0,"Spinal Cord, Lumbar",No Remarkable Findings,,,,
PC201708,PC201708-3002,3,20 mg/kg PCDRUG,M,20.0,"Spinal Cord, Thoracic",No Remarkable Findings,,,,
PC201708,PC201708-3002,3,20 mg/kg PCDRUG,M,20.0,Spleen,Congestion,1,Mild,red pulp; diffuse,
PC201708,PC201708-3002,3,20 mg/kg PCDRUG,M,20.0,Spleen,Pigmentation,1,Mild,red pulp; diffuse,
PC201708,PC201708-3002,3,20 mg/kg PCDRUG,M,20.0,Stomach,No Remarkable Findings,,,,
PC201708,PC201708-3002,3,20 mg/kg PCDRUG,M,20.0,Testis,No Remarkable Findings,,,,
PC201708,PC201708-3002,3,20 mg/kg PCDRUG,M,20.0,Thymus,No Remarkable Findings,,,,
PC201708,PC201708-3002,3,20 mg/kg PCDRUG,M,20.0,Tongue,No Remarkable Findings,,,,
PC201708,PC201708-3002,3,20 mg/kg PCDRUG,M,20.0,Trachea,No Remarkable Findings,,,,
PC201708,PC201708-3002,3,20 mg/kg PCDRUG,M,20.0,Ureter,No Remarkable Findings,,,,
PC201708,PC201708-3002,3,20 mg/kg PCDRUG,M,20.0,Urinary Bladder,No Remarkable Findings,,,,
PC201708,PC201708-3003,3,20 mg/kg PCDRUG,M,20.0,"Artery, Aorta",No Remarkable Findings,,,,
PC201708,PC201708-3003,3,20 mg/kg PCDRUG,M,20.0,"Bone Marrow, Femur",Fat Vacuoles,1,Mild,diffuse,
PC201708,PC201708-3003,3,20 mg/kg PCDRUG,M,20.0,"Bone Marrow, Sternum",No Remarkable Findings,,,,
PC201708,PC201708-3003,3,20 mg/kg PCDRUG,M,20.0,"Bone, Sternum",No Remarkable Findings,,,,
PC201708,PC201708-3003,3,20 mg/kg PCDRUG,M,20.0,Brain,No Remarkable Findings,,,,
PC201708,PC201708-3003,3,20 mg/kg PCDRUG,M,20.0,Epididymis,No Remarkable Findings,,,,
PC201708,PC201708-3003,3,20 mg/kg PCDRUG,M,20.0,Esophagus,No Remarkable Findings,,,,
PC201708,PC201708-3003,3,20 mg/kg PCDRUG,M,20.0,Eye,No Remarkable Findings,,,,
PC201708,PC201708-3003,3,20 mg/kg PCDRUG,M,20.0,"Gland, Adrenal",No Remarkable Findings,,,,
PC201708,PC201708-3003,3,20 mg/kg PCDRUG,M,20.0,"Gland, Coagulating",No Remarkable Findings,,,,
PC201708,PC201708-3003,3,20 mg/kg PCDRUG,M,20.0,"Gland, Harderian",No Remarkable Findings,,,,
PC201708,PC201708-3003,3,20 mg/kg PCDRUG,M,20.0,"Gland, Mammary",No Remarkable Findings,,,,
PC201708,PC201708-3003,3,20 mg/kg PCDRUG,M,20.0,"Gland, Parathyroid",No Remarkable Findings,,,,
PC201708,PC201708-3003,3,20 mg/kg PCDRUG,M,20.0,"Gland, Pituitary",No Remarkable Findings,,,,
PC201708,PC201708-3003,3,20 mg/kg PCDRUG,M,20.0,"Gland, Prostate",Inflammation,2,Moderate,chronic; dorsolateral,
PC201708,PC201708-3003,3,20 mg/kg PCDRUG,M,20.0,"Gland, Salivary, Parotid",No Remarkable Findings,,,,
PC201708,PC201708-3003,3,20 mg/kg PCDRUG,M,20.0,"Gland, Salivary, Sublingual",No Remarkable Findings,,,,
PC201708,PC201708-3003,3,20 mg/kg PCDRUG,M,20.0,"Gland, Salivary, Submandibular",No Remarkable Findings,,,,
PC201708,PC201708-3003,3,20 mg/kg PCDRUG,M,20.0,"Gland, Seminal Vesicle",No Remarkable Findings,,,,
PC201708,PC201708-3003,3,20 mg/kg PCDRUG,M,20.0,"Gland, Thyroid",Ectopic Lymphoid Tissue,1,Mild,focal,
PC201708,PC201708-3003,3,20 mg/kg PCDRUG,M,20.0,Heart,No Remarkable Findings,,,,
PC201708,PC201708-3003,3,20 mg/kg PCDRUG,M,20.0,"Joint, Hip",No Remarkable Findings,,,,
PC201708,PC201708-3003,3,20 mg/kg PCDRUG,M,20.0,Kidney,Basophilic Tubules,1,Mild,cortex; focal/multifocal,
PC201708,PC201708-3003,3,20 mg/kg PCDRUG,M,20.0,Kidney,Cyst,1,Mild,medulla; focal,
PC201708,PC201708-3003,3,20 mg/kg PCDRUG,M,20.0,"Large Intestine, Cecum",No Remarkable Findings,,,,
PC201708,PC201708-3003,3,20 mg/kg PCDRUG,M,20.0,"Large Intestine, Colon",No Remarkable Findings,,,,
PC201708,PC201708-3003,3,20 mg/kg PCDRUG,M,20.0,"Large Intestine, Rectum",No Remarkable Findings,,,,
PC201708,PC201708-3003,3,20 mg/kg PCDRUG,M,20.0,Larynx,No Remarkable Findings,,,,
PC201708,PC201708-3003,3,20 mg/kg PCDRUG,M,20.0,Liver,Necrosis,1,Mild,multifocal,
PC201708,PC201708-3003,3,20 mg/kg PCDRUG,M,20.0,Lung,Inflammation,1,Mild,chronic; focal; with hemoglobin crystals,
PC201708,PC201708-3003,3,20 mg/kg PCDRUG,M,20.0,"Lymph Node, Mesenteric",No Remarkable Findings,,,,
PC201708,PC201708-3003,3,20 mg/kg PCDRUG,M,20.0,"Lymph Node, Popliteal",No Remarkable Findings,,,,
PC201708,PC201708-3003,3,20 mg/kg PCDRUG,M,20.0,"Muscle, Quadriceps Femoris",No Remarkable Findings,,,,
PC201708,PC201708-3003,3,20 mg/kg PCDRUG,M,20.0,"Nerve, Optic",No Remarkable Findings,,,,
PC201708,PC201708-3003,3,20 mg/kg PCDRUG,M,20.0,"Nerve, Sciatic",No Remarkable Findings,,,,
PC201708,PC201708-3003,3,20 mg/kg PCDRUG,M,20.0,Pancreas,No Remarkable Findings,,,,
PC201708,PC201708-3003,3,20 mg/kg PCDRUG,M,20.0,Peyer'S Patch,No Remarkable Findings,,,,
PC201708,PC201708-3003,3,20 mg/kg PCDRUG,M,20.0,Skin,No Remarkable Findings,,,,
PC201708,PC201708-3003,3,20 mg/kg PCDRUG,M,20.0,"Small Intestine, Duodenum",No Remarkable Findings,,,,
PC201708,PC201708-3003,3,20 mg/kg PCDRUG,M,20.0,"Small Intestine, Ileum",No Remarkable Findings,,,,
PC201708,PC201708-3003,3,20 mg/kg PCDRUG,M,20.0,"Small Intestine, Jejunum",No Remarkable Findings,,,,
PC201708,PC201708-3003,3,20 mg/kg PCDRUG,M,20.0,"Spinal Cord, Cervical",No Remarkable Findings,,,,
PC201708,PC201708-3003,3,20 mg/kg PCDRUG,M,20.0,"Spinal Cord, Lumbar",No Remarkable Findings,,,,
PC201708,PC201708-3003,3,20 mg/kg PCDRUG,M,20.0,"Spinal Cord, Thoracic",No Remarkable Findings,,,,
PC201708,PC201708-3003,3,20 mg/kg PCDRUG,M,20.0,Spleen,Pigmentation,1,Mild,red pulp; diffuse,
PC201708,PC201708-3003,3,20 mg/kg PCDRUG,M,20.0,Stomach,No Remarkable Findings,,,,
PC201708,PC201708-3003,3,20 mg/kg PCDRUG,M,20.0,Testis,No Remarkable Findings,,,,
PC201708,PC201708-3003,3,20 mg/kg PCDRUG,M,20.0,Thymus,No Remarkable Findings,,,,
PC201708,PC201708-3003,3,20 mg/kg PCDRUG,M,20.0,Tongue,No Remarkable Findings,,,,
PC201708,PC201708-3003,3,20 mg/kg PCDRUG,M,20.0,Trachea,No Remarkable Findings,,,,
PC201708,PC201708-3003,3,20 mg/kg PCDRUG,M,20.0,Ureter,No Remarkable Findings,,,,
PC201708,PC201708-3003,3,20 mg/kg PCDRUG,M,20.0,Urinary Bladder,No Remarkable Findings,,,,
PC201708,PC201708-3004,3,20 mg/kg PCDRUG,M,20.0,"Artery, Aorta",No Remarkable Findings,,,,
PC201708,PC201708-3004,3,20 mg/kg PCDRUG,M,20.0,"Bone Marrow, Femur",No Remarkable Findings,,,,
PC201708,PC201708-3004,3,20 mg/kg PCDRUG,M,20.0,"Bone Marrow, Sternum",No Remarkable Findings,,,,
PC201708,PC201708-3004,3,20 mg/kg PCDRUG,M,20.0,"Bone, Sternum",No Remarkable Findings,,,,
PC201708,PC201708-3004,3,20 mg/kg PCDRUG,M,20.0,Brain,No Remarkable Findings,,,,
PC201708,PC201708-3004,3,20 mg/kg PCDRUG,M,20.0,Epididymis,No Remarkable Findings,,,,
PC201708,PC201708-3004,3,20 mg/kg PCDRUG,M,20.0,Esophagus,No Remarkable Findings,,,,
PC201708,PC201708-3004,3,20 mg/kg PCDRUG,M,20.0,Eye,No Remarkable Findings,,,,
PC201708,PC201708-3004,3,20 mg/kg PCDRUG,M,20.0,"Gland, Adrenal",No Remarkable Findings,,,,
PC201708,PC201708-3004,3,20 mg/kg PCDRUG,M,20.0,"Gland, Coagulating",No Remarkable Findings,,,,
PC201708,PC201708-3004,3,20 mg/kg PCDRUG,M,20.0,"Gland, Harderian",No Remarkable Findings,,,,
PC201708,PC201708-3004,3,20 mg/kg PCDRUG,M,20.0,"Gland, Mammary",No Remarkable Findings,,,,
PC201708,PC201708-3004,3,20 mg/kg PCDRUG,M,20.0,"Gland, Parathyroid",No Remarkable Findings,,,,
PC201708,PC201708-3004,3,20 mg/kg PCDRUG,M,20.0,"Gland, Pituitary",No Remarkable Findings,,,,
PC201708,PC201708-3004,3,20 mg/kg PCDRUG,M,20.0,"Gland, Prostate",No Remarkable Findings,,,,
PC201708,PC201708-3004,3,20 mg/kg PCDRUG,M,20.0,"Gland, Salivary, Parotid",No Remarkable Findings,,,,
PC201708,PC201708-3004,3,20 mg/kg PCDRUG,M,20.0,"Gland, Salivary, Sublingual",No Remarkable Findings,,,,
PC201708,PC201708-3004,3,20 mg/kg PCDRUG,M,20.0,"Gland, Salivary, Submandibular",No Remarkable Findings,,,,
PC201708,PC201708-3004,3,20 mg/kg PCDRUG,M,20.0,"Gland, Seminal Vesicle",No Remarkable Findings,,,,
PC201708,PC201708-3004,3,20 mg/kg PCDRUG,M,20.0,"Gland, Thyroid",No Remarkable Findings,,,,
PC201708,PC201708-3004,3,20 mg/kg PCDRUG,M,20.0,Heart,No Remarkable Findings,,,,
PC201708,PC201708-3004,3,20 mg/kg PCDRUG,M,20.0,"Joint, Hip",No Remarkable Findings,,,,
PC201708,PC201708-3004,3,20 mg/kg PCDRUG,M,20.0,Kidney,No Remarkable Findings,,,,
PC201708,PC201708-3004,3,20 mg/kg PCDRUG,M,20.0,"Large Intestine, Cecum",No Remarkable Findings,,,,
PC201708,PC201708-3004,3,20 mg/kg PCDRUG,M,20.0,"Large Intestine, Colon",No Remarkable Findings,,,,
PC201708,PC201708-3004,3,20 mg/kg PCDRUG,M,20.0,"Large Intestine, Rectum",No Remarkable Findings,,,,
PC201708,PC201708-3004,3,20 mg/kg PCDRUG,M,20.0,Larynx,No Remarkable Findings,,,,
PC201708,PC201708-3004,3,20 mg/kg PCDRUG,M,20.0,Liver,No Remarkable Findings,,,,
PC201708,PC201708-3004,3,20 mg/kg PCDRUG,M,20.0,Lung,Infiltration Granulocytic,1,Mild,perivascular; focal,
PC201708,PC201708-3004,3,20 mg/kg PCDRUG,M,20.0,Lung,Inflammation,1,Mild,chronic; focal; with hemoglobin crystals,
PC201708,PC201708-3004,3,20 mg/kg PCDRUG,M,20.0,Lung,Macrophages Intra-Alveolar,1,Mild,focal/multifocal; foamy,
PC201708,PC201708-3004,3,20 mg/kg PCDRUG,M,20.0,"Lymph Node, Mesenteric",No Remarkable Findings,,,,
PC201708,PC201708-3004,3,20 mg/kg PCDRUG,M,20.0,"Lymph Node, Popliteal",No Remarkable Findings,,,,
PC201708,PC201708-3004,3,20 mg/kg PCDRUG,M,20.0,"Muscle, Quadriceps Femoris",No Remarkable Findings,,,,
PC201708,PC201708-3004,3,20 mg/kg PCDRUG,M,20.0,"Nerve, Optic",No Remarkable Findings,,,,
PC201708,PC201708-3004,3,20 mg/kg PCDRUG,M,20.0,"Nerve, Sciatic",No Remarkable Findings,,,,
PC201708,PC201708-3004,3,20 mg/kg PCDRUG,M,20.0,Pancreas,No Remarkable Findings,,,,
PC201708,PC201708-3004,3,20 mg/kg PCDRUG,M,20.0,Peyer'S Patch,Mineralization,1,Mild,multifocal,
PC201708,PC201708-3004,3,20 mg/kg PCDRUG,M,20.0,Skin,No Remarkable Findings,,,,
PC201708,PC201708-3004,3,20 mg/kg PCDRUG,M,20.0,"Small Intestine, Duodenum",No Remarkable Findings,,,,
PC201708,PC201708-3004,3,20 mg/kg PCDRUG,M,20.0,"Small Intestine, Ileum",No Remarkable Findings,,,,
PC201708,PC201708-3004,3,20 mg/kg PCDRUG,M,20.0,"Small Intestine, Jejunum",No Remarkable Findings,,,,
PC201708,PC201708-3004,3,20 mg/kg PCDRUG,M,20.0,"Spinal Cord, Cervical",No Remarkable Findings,,,,
PC201708,PC201708-3004,3,20 mg/kg PCDRUG,M,20.0,"Spinal Cord, Lumbar",No Remarkable Findings,,,,
PC201708,PC201708-3004,3,20 mg/kg PCDRUG,M,20.0,"Spinal Cord, Thoracic",No Remarkable Findings,,,,
PC201708,PC201708-3004,3,20 mg/kg PCDRUG,M,20.0,Spleen,Congestion,1,Mild,red pulp; diffuse,
PC201708,PC201708-3004,3,20 mg/kg PCDRUG,M,20.0,Stomach,No Remarkable Findings,,,,
PC201708,PC201708-3004,3,20 mg/kg PCDRUG,M,20.0,Testis,No Remarkable Findings,,,,
PC201708,PC201708-3004,3,20 mg/kg PCDRUG,M,20.0,Thymus,No Remarkable Findings,,,,
PC201708,PC201708-3004,3,20 mg/kg PCDRUG,M,20.0,Tongue,Hemorrhage,1,Mild,,
PC201708,PC201708-3004,3,20 mg/kg PCDRUG,M,20.0,Trachea,No Remarkable Findings,,,,
PC201708,PC201708-3004,3,20 mg/kg PCDRUG,M,20.0,Ureter,No Remarkable Findings,,,,
PC201708,PC201708-3004,3,20 mg/kg PCDRUG,M,20.0,Urinary Bladder,No Remarkable Findings,,,,
PC201708,PC201708-3005,3,20 mg/kg PCDRUG,M,20.0,"Artery, Aorta",No Remarkable Findings,,,,
PC201708,PC201708-3005,3,20 mg/kg PCDRUG,M,20.0,"Bone Marrow, Femur",No Remarkable Findings,,,,
PC201708,PC201708-3005,3,20 mg/kg PCDRUG,M,20.0,"Bone Marrow, Sternum",No Remarkable Findings,,,,
PC201708,PC201708-3005,3,20 mg/kg PCDRUG,M,20.0,"Bone, Sternum",No Remarkable Findings,,,,
PC201708,PC201708-3005,3,20 mg/kg PCDRUG,M,20.0,Brain,No Remarkable Findings,,,,
PC201708,PC201708-3005,3,20 mg/kg PCDRUG,M,20.0,Epididymis,Aspermia,,,,
PC201708,PC201708-3005,3,20 mg/kg PCDRUG,M,20.0,Esophagus,No Remarkable Findings,,,,
PC201708,PC201708-3005,3,20 mg/kg PCDRUG,M,20.0,Eye,No Remarkable Findings,,,,
PC201708,PC201708-3005,3,20 mg/kg PCDRUG,M,20.0,"Gland, Adrenal",No Remarkable Findings,,,,
PC201708,PC201708-3005,3,20 mg/kg PCDRUG,M,20.0,"Gland, Coagulating",No Remarkable Findings,,,,
PC201708,PC201708-3005,3,20 mg/kg PCDRUG,M,20.0,"Gland, Harderian",No Remarkable Findings,,,,
PC201708,PC201708-3005,3,20 mg/kg PCDRUG,M,20.0,"Gland, Mammary",No Remarkable Findings,,,,
PC201708,PC201708-3005,3,20 mg/kg PCDRUG,M,20.0,"Gland, Parathyroid",No Remarkable Findings,,,,
PC201708,PC201708-3005,3,20 mg/kg PCDRUG,M,20.0,"Gland, Pituitary",No Remarkable Findings,,,,
PC201708,PC201708-3005,3,20 mg/kg PCDRUG,M,20.0,"Gland, Prostate",No Remarkable Findings,,,,
PC201708,PC201708-3005,3,20 mg/kg PCDRUG,M,20.0,"Gland, Salivary, Parotid",No Remarkable Findings,,,,
PC201708,PC201708-3005,3,20 mg/kg PCDRUG,M,20.0,"Gland, Salivary, Sublingual",No Remarkable Findings,,,,
PC201708,PC201708-3005,3,20 mg/kg PCDRUG,M,20.0,"Gland, Salivary, Submandibular",No Remarkable Findings,,,,
PC201708,PC201708-3005,3,20 mg/kg PCDRUG,M,20.0,"Gland, Seminal Vesicle",No Remarkable Findings,,,,
PC201708,PC201708-3005,3,20 mg/kg PCDRUG,M,20.0,"Gland, Thyroid",No Remarkable Findings,,,,
PC201708,PC201708-3005,3,20 mg/kg PCDRUG,M,20.0,Heart,Inflammation,1,Mild,chronic; myocardium; focal; septum,
PC201708,PC201708-3005,3,20 mg/kg PCDRUG,M,20.0,"Joint, Hip",No Remarkable Findings,,,,
PC201708,PC201708-3005,3,20 mg/kg PCDRUG,M,20.0,Kidney,No Remarkable Findings,,,,
PC201708,PC201708-3005,3,20 mg/kg PCDRUG,M,20.0,"Large Intestine, Cecum",No Remarkable Findings,,,,
PC201708,PC201708-3005,3,20 mg/kg PCDRUG,M,20.0,"Large Intestine, Colon",No Remarkable Findings,,,,
PC201708,PC201708-3005,3,20 mg/kg PCDRUG,M,20.0,"Large Intestine, Rectum",No Remarkable Findings,,,,
PC201708,PC201708-3005,3,20 mg/kg PCDRUG,M,20.0,Larynx,No Remarkable Findings,,,,
PC201708,PC201708-3005,3,20 mg/kg PCDRUG,M,20.0,Liver,No Remarkable Findings,,,,
PC201708,PC201708-3005,3,20 mg/kg PCDRUG,M,20.0,Lung,Macrophages Intra-Alveolar,1,Mild,focal/multifocal,
PC201708,PC201708-3005,3,20 mg/kg PCDRUG,M,20.0,"Lymph Node, Mesenteric",No Remarkable Findings,,,,
PC201708,PC201708-3005,3,20 mg/kg PCDRUG,M,20.0,"Lymph Node, Popliteal",No Remarkable Findings,,,,
PC201708,PC201708-3005,3,20 mg/kg PCDRUG,M,20.0,"Muscle, Quadriceps Femoris",No Remarkable Findings,,,,
PC201708,PC201708-3005,3,20 mg/kg PCDRUG,M,20.0,"Nerve, Optic",No Remarkable Findings,,,,
PC201708,PC201708-3005,3,20 mg/kg PCDRUG,M,20.0,"Nerve, Sciatic",No Remarkable Findings,,,,
PC201708,PC201708-3005,3,20 mg/kg PCDRUG,M,20.0,Pancreas,No Remarkable Findings,,,,
PC201708,PC201708-3005,3,20 mg/kg PCDRUG,M,20.0,Peyer'S Patch,Mineralization,1,Mild,multifocal,
PC201708,PC201708-3005,3,20 mg/kg PCDRUG,M,20.0,Skin,No Remarkable Findings,,,,
PC201708,PC201708-3005,3,20 mg/kg PCDRUG,M,20.0,"Small Intestine, Duodenum",No Remarkable Findings,,,,
PC201708,PC201708-3005,3,20 mg/kg PCDRUG,M,20.0,"Small Intestine, Ileum",No Remarkable Findings,,,,
PC201708,PC201708-3005,3,20 mg/kg PCDRUG,M,20.0,"Small Intestine, Jejunum",No Remarkable Findings,,,,
PC201708,PC201708-3005,3,20 mg/kg PCDRUG,M,20.0,"Spinal Cord, Cervical",No Remarkable Findings,,,,
PC201708,PC201708-3005,3,20 mg/kg PCDRUG,M,20.0,"Spinal Cord, Lumbar",No Remarkable Findings,,,,
PC201708,PC201708-3005,3,20 mg/kg PCDRUG,M,20.0,"Spinal Cord, Thoracic",No Remarkable Findings,,,,
PC201708,PC201708-3005,3,20 mg/kg PCDRUG,M,20.0,Spleen,Congestion,1,Mild,red pulp; diffuse,
PC201708,PC201708-3005,3,20 mg/kg PCDRUG,M,20.0,Stomach,No Remarkable Findings,,,,
PC201708,PC201708-3005,3,20 mg/kg PCDRUG,M,20.0,Testis,Azoospermia,,,,
PC201708,PC201708-3005,3,20 mg/kg PCDRUG,M,20.0,Thymus,No Remarkable Findings,,,,
PC201708,PC201708-3005,3,20 mg/kg PCDRUG,M,20.0,Tongue,No Remarkable Findings,,,,
PC201708,PC201708-3005,3,20 mg/kg PCDRUG,M,20.0,Trachea,No Remarkable Findings,,,,
PC201708,PC201708-3005,3,20 mg/kg PCDRUG,M,20.0,Ureter,No Remarkable Findings,,,,
PC201708,PC201708-3005,3,20 mg/kg PCDRUG,M,20.0,Urinary Bladder,No Remarkable Findings,,,,
PC201708,PC201708-3006,3,20 mg/kg PCDRUG,M,20.0,"Artery, Aorta",No Remarkable Findings,,,,
PC201708,PC201708-3006,3,20 mg/kg PCDRUG,M,20.0,"Bone Marrow, Femur",No Remarkable Findings,,,,
PC201708,PC201708-3006,3,20 mg/kg PCDRUG,M,20.0,"Bone Marrow, Sternum",No Remarkable Findings,,,,
PC201708,PC201708-3006,3,20 mg/kg PCDRUG,M,20.0,"Bone, Sternum",No Remarkable Findings,,,,
PC201708,PC201708-3006,3,20 mg/kg PCDRUG,M,20.0,Brain,No Remarkable Findings,,,,
PC201708,PC201708-3006,3,20 mg/kg PCDRUG,M,20.0,Epididymis,No Remarkable Findings,,,,
PC201708,PC201708-3006,3,20 mg/kg PCDRUG,M,20.0,Esophagus,No Remarkable Findings,,,,
PC201708,PC201708-3006,3,20 mg/kg PCDRUG,M,20.0,Eye,No Remarkable Findings,,,,
PC201708,PC201708-3006,3,20 mg/kg PCDRUG,M,20.0,"Gland, Adrenal",No Remarkable Findings,,,,
PC201708,PC201708-3006,3,20 mg/kg PCDRUG,M,20.0,"Gland, Coagulating",No Remarkable Findings,,,,
PC201708,PC201708-3006,3,20 mg/kg PCDRUG,M,20.0,"Gland, Harderian",No Remarkable Findings,,,,
PC201708,PC201708-3006,3,20 mg/kg PCDRUG,M,20.0,"Gland, Mammary",No Remarkable Findings,,,,
PC201708,PC201708-3006,3,20 mg/kg PCDRUG,M,20.0,"Gland, Parathyroid",No Remarkable Findings,,,,
PC201708,PC201708-3006,3,20 mg/kg PCDRUG,M,20.0,"Gland, Pituitary",No Remarkable Findings,,,,
PC201708,PC201708-3006,3,20 mg/kg PCDRUG,M,20.0,"Gland, Prostate",No Remarkable Findings,,,,
PC201708,PC201708-3006,3,20 mg/kg PCDRUG,M,20.0,"Gland, Salivary, Parotid",No Remarkable Findings,,,,
PC201708,PC201708-3006,3,20 mg/kg PCDRUG,M,20.0,"Gland, Salivary, Sublingual",No Remarkable Findings,,,,
PC201708,PC201708-3006,3,20 mg/kg PCDRUG,M,20.0,"Gland, Salivary, Submandibular",No Remarkable Findings,,,,
PC201708,PC201708-3006,3,20 mg/kg PCDRUG,M,20.0,"Gland, Seminal Vesicle",No Remarkable Findings,,,,
PC201708,PC201708-3006,3,20 mg/kg PCDRUG,M,20.0,"Gland, Thyroid",No Remarkable Findings,,,,
PC201708,PC201708-3006,3,20 mg/kg PCDRUG,M,20.0,Heart,No Remarkable Findings,,,,
PC201708,PC201708-3006,3,20 mg/kg PCDRUG,M,20.0,"Joint, Hip",No Remarkable Findings,,,,
PC201708,PC201708-3006,3,20 mg/kg PCDRUG,M,20.0,Kidney,Cyst,1,Mild,medulla; focal,
PC201708,PC201708-3006,3,20 mg/kg PCDRUG,M,20.0,"Large Intestine, Cecum",No Remarkable Findings,,,,
PC201708,PC201708-3006,3,20 mg/kg PCDRUG,M,20.0,"Large Intestine, Colon",No Remarkable Findings,,,,
PC201708,PC201708-3006,3,20 mg/kg PCDRUG,M,20.0,"Large Intestine, Rectum",No Remarkable Findings,,,,
PC201708,PC201708-3006,3,20 mg/kg PCDRUG,M,20.0,Larynx,No Remarkable Findings,,,,
PC201708,PC201708-3006,3,20 mg/kg PCDRUG,M,20.0,Liver,Inflammation,1,Mild,chronic; triade; focal,
PC201708,PC201708-3006,3,20 mg/kg PCDRUG,M,20.0,Lung,Macrophages Intra-Alveolar,1,Mild,focal/multifocal,
PC201708,PC201708-3006,3,20 mg/kg PCDRUG,M,20.0,"Lymph Node, Mesenteric",No Remarkable Findings,,,,
PC201708,PC201708-3006,3,20 mg/kg PCDRUG,M,20.0,"Lymph Node, Popliteal",No Remarkable Findings,,,,
PC201708,PC201708-3006,3,20 mg/kg PCDRUG,M,20.0,"Muscle, Quadriceps Femoris",No Remarkable Findings,,,,
PC201708,PC201708-3006,3,20 mg/kg PCDRUG,M,20.0,"Nerve, Optic",No Remarkable Findings,,,,
PC201708,PC201708-3006,3,20 mg/kg PCDRUG,M,20.0,"Nerve, Sciatic",No Remarkable Findings,,,,
PC201708,PC201708-3006,3,20 mg/kg PCDRUG,M,20.0,Pancreas,No Remarkable Findings,,,,
PC201708,PC201708-3006,3,20 mg/kg PCDRUG,M,20.0,Peyer'S Patch,No Remarkable Findings,,,,
PC201708,PC201708-3006,3,20 mg/kg PCDRUG,M,20.0,Skin,No Remarkable Findings,,,,
PC201708,PC201708-3006,3,20 mg/kg PCDRUG,M,20.0,"Small Intestine, Duodenum",No Remarkable Findings,,,,
PC201708,PC201708-3006,3,20 mg/kg PCDRUG,M,20.0,"Small Intestine, Ileum",No Remarkable Findings,,,,
PC201708,PC201708-3006,3,20 mg/kg PCDRUG,M,20.0,"Small Intestine, Jejunum",No Remarkable Findings,,,,
PC201708,PC201708-3006,3,20 mg/kg PCDRUG,M,20.0,"Spinal Cord, Cervical",No Remarkable Findings,,,,
PC201708,PC201708-3006,3,20 mg/kg PCDRUG,M,20.0,"Spinal Cord, Lumbar",No Remarkable Findings,,,,
PC201708,PC201708-3006,3,20 mg/kg PCDRUG,M,20.0,"Spinal Cord, Thoracic",No Remarkable Findings,,,,
PC201708,PC201708-3006,3,20 mg/kg PCDRUG,M,20.0,Spleen,Pigmentation,1,Mild,red pulp; diffuse,
PC201708,PC201708-3006,3,20 mg/kg PCDRUG,M,20.0,Stomach,No Remarkable Findings,,,,
PC201708,PC201708-3006,3,20 mg/kg PCDRUG,M,20.0,Testis,No Remarkable Findings,,,,
PC201708,PC201708-3006,3,20 mg/kg PCDRUG,M,20.0,Thymus,No Remarkable Findings,,,,
PC201708,PC201708-3006,3,20 mg/kg PCDRUG,M,20.0,Tongue,No Remarkable Findings,,,,
PC201708,PC201708-3006,3,20 mg/kg PCDRUG,M,20.0,Trachea,No Remarkable Findings,,,,
PC201708,PC201708-3006,3,20 mg/kg PCDRUG,M,20.0,Ureter,No Remarkable Findings,,,,
PC201708,PC201708-3006,3,20 mg/kg PCDRUG,M,20.0,Urinary Bladder,No Remarkable Findings,,,,
PC201708,PC201708-3007,3,20 mg/kg PCDRUG,M,20.0,"Artery, Aorta",No Remarkable Findings,,,,
PC201708,PC201708-3007,3,20 mg/kg PCDRUG,M,20.0,"Bone Marrow, Femur",No Remarkable Findings,,,,
PC201708,PC201708-3007,3,20 mg/kg PCDRUG,M,20.0,"Bone Marrow, Sternum",No Remarkable Findings,,,,
PC201708,PC201708-3007,3,20 mg/kg PCDRUG,M,20.0,"Bone, Sternum",No Remarkable Findings,,,,
PC201708,PC201708-3007,3,20 mg/kg PCDRUG,M,20.0,Brain,No Remarkable Findings,,,,
PC201708,PC201708-3007,3,20 mg/kg PCDRUG,M,20.0,Epididymis,No Remarkable Findings,,,,
PC201708,PC201708-3007,3,20 mg/kg PCDRUG,M,20.0,Esophagus,No Remarkable Findings,,,,
PC201708,PC201708-3007,3,20 mg/kg PCDRUG,M,20.0,Eye,No Remarkable Findings,,,,
PC201708,PC201708-3007,3,20 mg/kg PCDRUG,M,20.0,"Gland, Adrenal",No Remarkable Findings,,,,
PC201708,PC201708-3007,3,20 mg/kg PCDRUG,M,20.0,"Gland, Coagulating",No Remarkable Findings,,,,
PC201708,PC201708-3007,3,20 mg/kg PCDRUG,M,20.0,"Gland, Harderian",No Remarkable Findings,,,,
PC201708,PC201708-3007,3,20 mg/kg PCDRUG,M,20.0,"Gland, Mammary",No Remarkable Findings,,,,
PC201708,PC201708-3007,3,20 mg/kg PCDRUG,M,20.0,"Gland, Parathyroid",No Remarkable Findings,,,,
PC201708,PC201708-3007,3,20 mg/kg PCDRUG,M,20.0,"Gland, Pituitary",No Remarkable Findings,,,,
PC201708,PC201708-3007,3,20 mg/kg PCDRUG,M,20.0,"Gland, Prostate",Inflammation,2,Moderate,chronic; ventral,
PC201708,PC201708-3007,3,20 mg/kg PCDRUG,M,20.0,"Gland, Salivary, Parotid",Metaplasia,1,Mild,mucinous; multifocal,
PC201708,PC201708-3007,3,20 mg/kg PCDRUG,M,20.0,"Gland, Salivary, Sublingual",No Remarkable Findings,,,,
PC201708,PC201708-3007,3,20 mg/kg PCDRUG,M,20.0,"Gland, Salivary, Submandibular",No Remarkable Findings,,,,
PC201708,PC201708-3007,3,20 mg/kg PCDRUG,M,20.0,"Gland, Seminal Vesicle",No Remarkable Findings,,,,
PC201708,PC201708-3007,3,20 mg/kg PCDRUG,M,20.0,"Gland, Thyroid",No Remarkable Findings,,,,
PC201708,PC201708-3007,3,20 mg/kg PCDRUG,M,20.0,Heart,No Remarkable Findings,,,,
PC201708,PC201708-3007,3,20 mg/kg PCDRUG,M,20.0,"Joint, Hip",No Remarkable Findings,,,,
PC201708,PC201708-3007,3,20 mg/kg PCDRUG,M,20.0,Kidney,No Remarkable Findings,,,,
PC201708,PC201708-3007,3,20 mg/kg PCDRUG,M,20.0,"Large Intestine, Cecum",No Remarkable Findings,,,,
PC201708,PC201708-3007,3,20 mg/kg PCDRUG,M,20.0,"Large Intestine, Colon",No Remarkable Findings,,,,
PC201708,PC201708-3007,3,20 mg/kg PCDRUG,M,20.0,"Large Intestine, Rectum",No Remarkable Findings,,,,
PC201708,PC201708-3007,3,20 mg/kg PCDRUG,M,20.0,Larynx,Inflammation,1,Mild,chronic; focal; laryngeal glands,
PC201708,PC201708-3007,3,20 mg/kg PCDRUG,M,20.0,Liver,Inflammation,1,Mild,chronic; triade; focal,
PC201708,PC201708-3007,3,20 mg/kg PCDRUG,M,20.0,Liver,Necrosis,1,Mild,multifocal,
PC201708,PC201708-3007,3,20 mg/kg PCDRUG,M,20.0,Lung,Infiltration Granulocytic,1,Mild,perivascular; focal,
PC201708,PC201708-3007,3,20 mg/kg PCDRUG,M,20.0,"Lymph Node, Mesenteric",No Remarkable Findings,,,,
PC201708,PC201708-3007,3,20 mg/kg PCDRUG,M,20.0,"Lymph Node, Popliteal",No Remarkable Findings,,,,
PC201708,PC201708-3007,3,20 mg/kg PCDRUG,M,20.0,"Muscle, Quadriceps Femoris",No Remarkable Findings,,,,
PC201708,PC201708-3007,3,20 mg/kg PCDRUG,M,20.0,"Nerve, Optic",No Remarkable Findings,,,,
PC201708,PC201708-3007,3,20 mg/kg PCDRUG,M,20.0,"Nerve, Sciatic",No Remarkable Findings,,,,
PC201708,PC201708-3007,3,20 mg/kg PCDRUG,M,20.0,Pancreas,No Remarkable Findings,,,,
PC201708,PC201708-3007,3,20 mg/kg PCDRUG,M,20.0,Peyer'S Patch,No Remarkable Findings,,,,
PC201708,PC201708-3007,3,20 mg/kg PCDRUG,M,20.0,Skin,No Remarkable Findings,,,,
PC201708,PC201708-3007,3,20 mg/kg PCDRUG,M,20.0,"Small Intestine, Duodenum",No Remarkable Findings,,,,
PC201708,PC201708-3007,3,20 mg/kg PCDRUG,M,20.0,"Small Intestine, Ileum",No Remarkable Findings,,,,
PC201708,PC201708-3007,3,20 mg/kg PCDRUG,M,20.0,"Small Intestine, Jejunum",No Remarkable Findings,,,,
PC201708,PC201708-3007,3,20 mg/kg PCDRUG,M,20.0,"Spinal Cord, Cervical",No Remarkable Findings,,,,
PC201708,PC201708-3007,3,20 mg/kg PCDRUG,M,20.0,"Spinal Cord, Lumbar",No Remarkable Findings,,,,
PC201708,PC201708-3007,3,20 mg/kg PCDRUG,M,20.0,"Spinal Cord, Thoracic",No Remarkable Findings,,,,
PC201708,PC201708-3007,3,20 mg/kg PCDRUG,M,20.0,Spleen,No Remarkable Findings,,,,
PC201708,PC201708-3007,3,20 mg/kg PCDRUG,M,20.0,Stomach,No Remarkable Findings,,,,
PC201708,PC201708-3007,3,20 mg/kg PCDRUG,M,20.0,Testis,No Remarkable Findings,,,,
PC201708,PC201708-3007,3,20 mg/kg PCDRUG,M,20.0,Thymus,No Remarkable Findings,,,,
PC201708,PC201708-3007,3,20 mg/kg PCDRUG,M,20.0,Tongue,No Remarkable Findings,,,,
PC201708,PC201708-3007,3,20 mg/kg PCDRUG,M,20.0,Trachea,No Remarkable Findings,,,,
PC201708,PC201708-3007,3,20 mg/kg PCDRUG,M,20.0,Ureter,No Remarkable Findings,,,,
PC201708,PC201708-3007,3,20 mg/kg PCDRUG,M,20.0,Urinary Bladder,No Remarkable Findings,,,,
PC201708,PC201708-3008,3,20 mg/kg PCDRUG,M,20.0,"Artery, Aorta",No Remarkable Findings,,,,
PC201708,PC201708-3008,3,20 mg/kg PCDRUG,M,20.0,"Bone Marrow, Femur",No Remarkable Findings,,,,
PC201708,PC201708-3008,3,20 mg/kg PCDRUG,M,20.0,"Bone Marrow, Sternum",No Remarkable Findings,,,,
PC201708,PC201708-3008,3,20 mg/kg PCDRUG,M,20.0,"Bone, Sternum",No Remarkable Findings,,,,
PC201708,PC201708-3008,3,20 mg/kg PCDRUG,M,20.0,Brain,No Remarkable Findings,,,,
PC201708,PC201708-3008,3,20 mg/kg PCDRUG,M,20.0,Epididymis,No Remarkable Findings,,,,
PC201708,PC201708-3008,3,20 mg/kg PCDRUG,M,20.0,Esophagus,No Remarkable Findings,,,,
PC201708,PC201708-3008,3,20 mg/kg PCDRUG,M,20.0,Eye,No Remarkable Findings,,,,
PC201708,PC201708-3008,3,20 mg/kg PCDRUG,M,20.0,"Gland, Adrenal",No Remarkable Findings,,,,
PC201708,PC201708-3008,3,20 mg/kg PCDRUG,M,20.0,"Gland, Coagulating",No Remarkable Findings,,,,
PC201708,PC201708-3008,3,20 mg/kg PCDRUG,M,20.0,"Gland, Harderian",No Remarkable Findings,,,,
PC201708,PC201708-3008,3,20 mg/kg PCDRUG,M,20.0,"Gland, Mammary",No Remarkable Findings,,,,
PC201708,PC201708-3008,3,20 mg/kg PCDRUG,M,20.0,"Gland, Parathyroid",No Remarkable Findings,,,,
PC201708,PC201708-3008,3,20 mg/kg PCDRUG,M,20.0,"Gland, Pituitary",No Remarkable Findings,,,,
PC201708,PC201708-3008,3,20 mg/kg PCDRUG,M,20.0,"Gland, Prostate",Inflammation,1,Mild,acute; dorsolateral; focal,
PC201708,PC201708-3008,3,20 mg/kg PCDRUG,M,20.0,"Gland, Salivary, Parotid",No Remarkable Findings,,,,
PC201708,PC201708-3008,3,20 mg/kg PCDRUG,M,20.0,"Gland, Salivary, Sublingual",No Remarkable Findings,,,,
PC201708,PC201708-3008,3,20 mg/kg PCDRUG,M,20.0,"Gland, Salivary, Submandibular",No Remarkable Findings,,,,
PC201708,PC201708-3008,3,20 mg/kg PCDRUG,M,20.0,"Gland, Seminal Vesicle",No Remarkable Findings,,,,
PC201708,PC201708-3008,3,20 mg/kg PCDRUG,M,20.0,"Gland, Thyroid",No Remarkable Findings,,,,
PC201708,PC201708-3008,3,20 mg/kg PCDRUG,M,20.0,Heart,Inflammation,1,Mild,chronic; myocardium; focal; right ventricle,
PC201708,PC201708-3008,3,20 mg/kg PCDRUG,M,20.0,"Joint, Hip",No Remarkable Findings,,,,
PC201708,PC201708-3008,3,20 mg/kg PCDRUG,M,20.0,Kidney,No Remarkable Findings,,,,
PC201708,PC201708-3008,3,20 mg/kg PCDRUG,M,20.0,"Large Intestine, Cecum",No Remarkable Findings,,,,
PC201708,PC201708-3008,3,20 mg/kg PCDRUG,M,20.0,"Large Intestine, Colon",No Remarkable Findings,,,,
PC201708,PC201708-3008,3,20 mg/kg PCDRUG,M,20.0,"Large Intestine, Rectum",No Remarkable Findings,,,,
PC201708,PC201708-3008,3,20 mg/kg PCDRUG,M,20.0,Larynx,No Remarkable Findings,,,,
PC201708,PC201708-3008,3,20 mg/kg PCDRUG,M,20.0,Liver,Necrosis,1,Mild,multifocal,
PC201708,PC201708-3008,3,20 mg/kg PCDRUG,M,20.0,Lung,Inflammation,1,Mild,chronic; multifocal,
PC201708,PC201708-3008,3,20 mg/kg PCDRUG,M,20.0,"Lymph Node, Mesenteric",No Remarkable Findings,,,,
PC201708,PC201708-3008,3,20 mg/kg PCDRUG,M,20.0,"Lymph Node, Popliteal",No Remarkable Findings,,,,
PC201708,PC201708-3008,3,20 mg/kg PCDRUG,M,20.0,"Muscle, Quadriceps Femoris",No Remarkable Findings,,,,
PC201708,PC201708-3008,3,20 mg/kg PCDRUG,M,20.0,"Nerve, Optic",No Remarkable Findings,,,,
PC201708,PC201708-3008,3,20 mg/kg PCDRUG,M,20.0,"Nerve, Sciatic",No Remarkable Findings,,,,
PC201708,PC201708-3008,3,20 mg/kg PCDRUG,M,20.0,Pancreas,No Remarkable Findings,,,,
PC201708,PC201708-3008,3,20 mg/kg PCDRUG,M,20.0,Peyer'S Patch,Mineralization,1,Mild,multifocal,
PC201708,PC201708-3008,3,20 mg/kg PCDRUG,M,20.0,Skin,No Remarkable Findings,,,,
PC201708,PC201708-3008,3,20 mg/kg PCDRUG,M,20.0,"Small Intestine, Duodenum",No Remarkable Findings,,,,
PC201708,PC201708-3008,3,20 mg/kg PCDRUG,M,20.0,"Small Intestine, Ileum",No Remarkable Findings,,,,
PC201708,PC201708-3008,3,20 mg/kg PCDRUG,M,20.0,"Small Intestine, Jejunum",No Remarkable Findings,,,,
PC201708,PC201708-3008,3,20 mg/kg PCDRUG,M,20.0,"Spinal Cord, Cervical",No Remarkable Findings,,,,
PC201708,PC201708-3008,3,20 mg/kg PCDRUG,M,20.0,"Spinal Cord, Lumbar",No Remarkable Findings,,,,
PC201708,PC201708-3008,3,20 mg/kg PCDRUG,M,20.0,"Spinal Cord, Thoracic",No Remarkable Findings,,,,
PC201708,PC201708-3008,3,20 mg/kg PCDRUG,M,20.0,Spleen,Congestion,1,Mild,red pulp; diffuse,
PC201708,PC201708-3008,3,20 mg/kg PCDRUG,M,20.0,Spleen,Pigmentation,1,Mild,red pulp; diffuse,
PC201708,PC201708-3008,3,20 mg/kg PCDRUG,M,20.0,Stomach,No Remarkable Findings,,,,
PC201708,PC201708-3008,3,20 mg/kg PCDRUG,M,20.0,Testis,No Remarkable Findings,,,,
PC201708,PC201708-3008,3,20 mg/kg PCDRUG,M,20.0,Thymus,No Remarkable Findings,,,,
PC201708,PC201708-3008,3,20 mg/kg PCDRUG,M,20.0,Tongue,No Remarkable Findings,,,,
PC201708,PC201708-3008,3,20 mg/kg PCDRUG,M,20.0,Trachea,No Remarkable Findings,,,,
PC201708,PC201708-3008,3,20 mg/kg PCDRUG,M,20.0,Ureter,No Remarkable Findings,,,,
PC201708,PC201708-3008,3,20 mg/kg PCDRUG,M,20.0,Urinary Bladder,No Remarkable Findings,,,,
PC201708,PC201708-3009,3,20 mg/kg PCDRUG,M,20.0,"Artery, Aorta",No Remarkable Findings,,,,
PC201708,PC201708-3009,3,20 mg/kg PCDRUG,M,20.0,"Bone Marrow, Femur",No Remarkable Findings,,,,
PC201708,PC201708-3009,3,20 mg/kg PCDRUG,M,20.0,"Bone Marrow, Sternum",No Remarkable Findings,,,,
PC201708,PC201708-3009,3,20 mg/kg PCDRUG,M,20.0,"Bone, Sternum",No Remarkable Findings,,,,
PC201708,PC201708-3009,3,20 mg/kg PCDRUG,M,20.0,Brain,No Remarkable Findings,,,,
PC201708,PC201708-3009,3,20 mg/kg PCDRUG,M,20.0,Epididymis,No Remarkable Findings,,,,
PC201708,PC201708-3009,3,20 mg/kg PCDRUG,M,20.0,Esophagus,No Remarkable Findings,,,,
PC201708,PC201708-3009,3,20 mg/kg PCDRUG,M,20.0,Eye,No Remarkable Findings,,,,
PC201708,PC201708-3009,3,20 mg/kg PCDRUG,M,20.0,"Gland, Adrenal",No Remarkable Findings,,,,
PC201708,PC201708-3009,3,20 mg/kg PCDRUG,M,20.0,"Gland, Coagulating",No Remarkable Findings,,,,
PC201708,PC201708-3009,3,20 mg/kg PCDRUG,M,20.0,"Gland, Harderian",No Remarkable Findings,,,,
PC201708,PC201708-3009,3,20 mg/kg PCDRUG,M,20.0,"Gland, Mammary",No Remarkable Findings,,,,
PC201708,PC201708-3009,3,20 mg/kg PCDRUG,M,20.0,"Gland, Parathyroid",No Remarkable Findings,,,,
PC201708,PC201708-3009,3,20 mg/kg PCDRUG,M,20.0,"Gland, Pituitary",No Remarkable Findings,,,,
PC201708,PC201708-3009,3,20 mg/kg PCDRUG,M,20.0,"Gland, Prostate",Inflammation,1,Mild,chronic; ventral; focal,
PC201708,PC201708-3009,3,20 mg/kg PCDRUG,M,20.0,"Gland, Salivary, Parotid",No Remarkable Findings,,,,
PC201708,PC201708-3009,3,20 mg/kg PCDRUG,M,20.0,"Gland, Salivary, Sublingual",No Remarkable Findings,,,,
PC201708,PC201708-3009,3,20 mg/kg PCDRUG,M,20.0,"Gland, Salivary, Submandibular",No Remarkable Findings,,,,
PC201708,PC201708-3009,3,20 mg/kg PCDRUG,M,20.0,"Gland, Seminal Vesicle",No Remarkable Findings,,,,
PC201708,PC201708-3009,3,20 mg/kg PCDRUG,M,20.0,"Gland, Thyroid",No Remarkable Findings,,,,
PC201708,PC201708-3009,3,20 mg/kg PCDRUG,M,20.0,Heart,No Remarkable Findings,,,,
PC201708,PC201708-3009,3,20 mg/kg PCDRUG,M,20.0,"Joint, Hip",No Remarkable Findings,,,,
PC201708,PC201708-3009,3,20 mg/kg PCDRUG,M,20.0,Kidney,Basophilic Tubules,1,Mild,cortex; focal/multifocal,
PC201708,PC201708-3009,3,20 mg/kg PCDRUG,M,20.0,"Large Intestine, Cecum",No Remarkable Findings,,,,
PC201708,PC201708-3009,3,20 mg/kg PCDRUG,M,20.0,"Large Intestine, Colon",No Remarkable Findings,,,,
PC201708,PC201708-3009,3,20 mg/kg PCDRUG,M,20.0,"Large Intestine, Rectum",No Remarkable Findings,,,,
PC201708,PC201708-3009,3,20 mg/kg PCDRUG,M,20.0,Larynx,No Remarkable Findings,,,,
PC201708,PC201708-3009,3,20 mg/kg PCDRUG,M,20.0,Liver,No Remarkable Findings,,,,
PC201708,PC201708-3009,3,20 mg/kg PCDRUG,M,20.0,Lung,Macrophages Intra-Alveolar,1,Mild,focal/multifocal,
PC201708,PC201708-3009,3,20 mg/kg PCDRUG,M,20.0,"Lymph Node, Mesenteric",No Remarkable Findings,,,,
PC201708,PC201708-3009,3,20 mg/kg PCDRUG,M,20.0,"Lymph Node, Popliteal",No Remarkable Findings,,,,
PC201708,PC201708-3009,3,20 mg/kg PCDRUG,M,20.0,"Muscle, Quadriceps Femoris",No Remarkable Findings,,,,
PC201708,PC201708-3009,3,20 mg/kg PCDRUG,M,20.0,"Nerve, Optic",No Remarkable Findings,,,,
PC201708,PC201708-3009,3,20 mg/kg PCDRUG,M,20.0,"Nerve, Sciatic",No Remarkable Findings,,,,
PC201708,PC201708-3009,3,20 mg/kg PCDRUG,M,20.0,Pancreas,No Remarkable Findings,,,,
PC201708,PC201708-3009,3,20 mg/kg PCDRUG,M,20.0,Peyer'S Patch,No Remarkable Findings,,,,
PC201708,PC201708-3009,3,20 mg/kg PCDRUG,M,20.0,Skin,No Remarkable Findings,,,,
PC201708,PC201708-3009,3,20 mg/kg PCDRUG,M,20.0,"Small Intestine, Duodenum",No Remarkable Findings,,,,
PC201708,PC201708-3009,3,20 mg/kg PCDRUG,M,20.0,"Small Intestine, Ileum",No Remarkable Findings,,,,
PC201708,PC201708-3009,3,20 mg/kg PCDRUG,M,20.0,"Small Intestine, Jejunum",No Remarkable Findings,,,,
PC201708,PC201708-3009,3,20 mg/kg PCDRUG,M,20.0,"Spinal Cord, Cervical",No Remarkable Findings,,,,
PC201708,PC201708-3009,3,20 mg/kg PCDRUG,M,20.0,"Spinal Cord, Lumbar",No Remarkable Findings,,,,
PC201708,PC201708-3009,3,20 mg/kg PCDRUG,M,20.0,"Spinal Cord, Thoracic",No Remarkable Findings,,,,
PC201708,PC201708-3009,3,20 mg/kg PCDRUG,M,20.0,Spleen,Congestion,1,Mild,red pulp; diffuse,
PC201708,PC201708-3009,3,20 mg/kg PCDRUG,M,20.0,Spleen,Pigmentation,1,Mild,red pulp; diffuse,
PC201708,PC201708-3009,3,20 mg/kg PCDRUG,M,20.0,Stomach,No Remarkable Findings,,,,
PC201708,PC201708-3009,3,20 mg/kg PCDRUG,M,20.0,Testis,No Remarkable Findings,,,,
PC201708,PC201708-3009,3,20 mg/kg PCDRUG,M,20.0,Thymus,No Remarkable Findings,,,,
PC201708,PC201708-3009,3,20 mg/kg PCDRUG,M,20.0,Tongue,No Remarkable Findings,,,,
PC201708,PC201708-3009,3,20 mg/kg PCDRUG,M,20.0,Trachea,No Remarkable Findings,,,,
PC201708,PC201708-3009,3,20 mg/kg PCDRUG,M,20.0,Ureter,No Remarkable Findings,,,,
PC201708,PC201708-3009,3,20 mg/kg PCDRUG,M,20.0,Urinary Bladder,No Remarkable Findings,,,,
PC201708,PC201708-3010,3,20 mg/kg PCDRUG,M,20.0,"Artery, Aorta",No Remarkable Findings,,,,
PC201708,PC201708-3010,3,20 mg/kg PCDRUG,M,20.0,"Bone Marrow, Femur",Fat Vacuoles,1,Mild,diffuse,
PC201708,PC201708-3010,3,20 mg/kg PCDRUG,M,20.0,"Bone Marrow, Sternum",No Remarkable Findings,,,,
PC201708,PC201708-3010,3,20 mg/kg PCDRUG,M,20.0,"Bone, Sternum",No Remarkable Findings,,,,
PC201708,PC201708-3010,3,20 mg/kg PCDRUG,M,20.0,Brain,No Remarkable Findings,,,,
PC201708,PC201708-3010,3,20 mg/kg PCDRUG,M,20.0,Epididymis,No Remarkable Findings,,,,
PC201708,PC201708-3010,3,20 mg/kg PCDRUG,M,20.0,Esophagus,No Remarkable Findings,,,,
PC201708,PC201708-3010,3,20 mg/kg PCDRUG,M,20.0,Eye,No Remarkable Findings,,,,
PC201708,PC201708-3010,3,20 mg/kg PCDRUG,M,20.0,"Gland, Adrenal",No Remarkable Findings,,,,
PC201708,PC201708-3010,3,20 mg/kg PCDRUG,M,20.0,"Gland, Coagulating",No Remarkable Findings,,,,
PC201708,PC201708-3010,3,20 mg/kg PCDRUG,M,20.0,"Gland, Harderian",No Remarkable Findings,,,,
PC201708,PC201708-3010,3,20 mg/kg PCDRUG,M,20.0,"Gland, Mammary",No Remarkable Findings,,,,
PC201708,PC201708-3010,3,20 mg/kg PCDRUG,M,20.0,"Gland, Parathyroid",No Remarkable Findings,,,,
PC201708,PC201708-3010,3,20 mg/kg PCDRUG,M,20.0,"Gland, Pituitary",No Remarkable Findings,,,,
PC201708,PC201708-3010,3,20 mg/kg PCDRUG,M,20.0,"Gland, Prostate",No Remarkable Findings,,,,
PC201708,PC201708-3010,3,20 mg/kg PCDRUG,M,20.0,"Gland, Salivary, Parotid",No Remarkable Findings,,,,
PC201708,PC201708-3010,3,20 mg/kg PCDRUG,M,20.0,"Gland, Salivary, Sublingual",No Remarkable Findings,,,,
PC201708,PC201708-3010,3,20 mg/kg PCDRUG,M,20.0,"Gland, Salivary, Submandibular",No Remarkable Findings,,,,
PC201708,PC201708-3010,3,20 mg/kg PCDRUG,M,20.0,"Gland, Seminal Vesicle",No Remarkable Findings,,,,
PC201708,PC201708-3010,3,20 mg/kg PCDRUG,M,20.0,"Gland, Thyroid",No Remarkable Findings,,,,
PC201708,PC201708-3010,3,20 mg/kg PCDRUG,M,20.0,Heart,Inflammation,1,Mild,chronic; myocardium; focal; left ventricle,
PC201708,PC201708-3010,3,20 mg/kg PCDRUG,M,20.0,"Joint, Hip",No Remarkable Findings,,,,
PC201708,PC201708-3010,3,20 mg/kg PCDRUG,M,20.0,Kidney,No Remarkable Findings,,,,
PC201708,PC201708-3010,3,20 mg/kg PCDRUG,M,20.0,"Large Intestine, Cecum",No Remarkable Findings,,,,
PC201708,PC201708-3010,3,20 mg/kg PCDRUG,M,20.0,"Large Intestine, Colon",No Remarkable Findings,,,,
PC201708,PC201708-3010,3,20 mg/kg PCDRUG,M,20.0,"Large Intestine, Rectum",No Remarkable Findings,,,,
PC201708,PC201708-3010,3,20 mg/kg PCDRUG,M,20.0,Larynx,No Remarkable Findings,,,,
PC201708,PC201708-3010,3,20 mg/kg PCDRUG,M,20.0,Liver,Necrosis,1,Mild,multifocal,
PC201708,PC201708-3010,3,20 mg/kg PCDRUG,M,20.0,Lung,No Remarkable Findings,,,,
PC201708,PC201708-3010,3,20 mg/kg PCDRUG,M,20.0,"Lymph Node, Mesenteric",No Remarkable Findings,,,,
PC201708,PC201708-3010,3,20 mg/kg PCDRUG,M,20.0,"Lymph Node, Popliteal",No Remarkable Findings,,,,
PC201708,PC201708-3010,3,20 mg/kg PCDRUG,M,20.0,"Muscle, Quadriceps Femoris",Inflammation,1,Mild,chronic; interstitium; focal,
PC201708,PC201708-3010,3,20 mg/kg PCDRUG,M,20.0,"Nerve, Optic",No Remarkable Findings,,,,
PC201708,PC201708-3010,3,20 mg/kg PCDRUG,M,20.0,"Nerve, Sciatic",No Remarkable Findings,,,,
PC201708,PC201708-3010,3,20 mg/kg PCDRUG,M,20.0,Pancreas,No Remarkable Findings,,,,
PC201708,PC201708-3010,3,20 mg/kg PCDRUG,M,20.0,Peyer'S Patch,No Remarkable Findings,,,,
PC201708,PC201708-3010,3,20 mg/kg PCDRUG,M,20.0,Skin,No Remarkable Findings,,,,
PC201708,PC201708-3010,3,20 mg/kg PCDRUG,M,20.0,"Small Intestine, Duodenum",No Remarkable Findings,,,,
PC201708,PC201708-3010,3,20 mg/kg PCDRUG,M,20.0,"Small Intestine, Ileum",No Remarkable Findings,,,,
PC201708,PC201708-3010,3,20 mg/kg PCDRUG,M,20.0,"Small Intestine, Jejunum",No Remarkable Findings,,,,
PC201708,PC201708-3010,3,20 mg/kg PCDRUG,M,20.0,"Spinal Cord, Cervical",No Remarkable Findings,,,,
PC201708,PC201708-3010,3,20 mg/kg PCDRUG,M,20.0,"Spinal Cord, Lumbar",No Remarkable Findings,,,,
PC201708,PC201708-3010,3,20 mg/kg PCDRUG,M,20.0,"Spinal Cord, Thoracic",No Remarkable Findings,,,,
PC201708,PC201708-3010,3,20 mg/kg PCDRUG,M,20.0,Spleen,Pigmentation,2,Moderate,red pulp; diffuse,
PC201708,PC201708-3010,3,20 mg/kg PCDRUG,M,20.0,Stomach,No Remarkable Findings,,,,
PC201708,PC201708-3010,3,20 mg/kg PCDRUG,M,20.0,Testis,No Remarkable Findings,,,,
PC201708,PC201708-3010,3,20 mg/kg PCDRUG,M,20.0,Thymus,No Remarkable Findings,,,,
PC201708,PC201708-3010,3,20 mg/kg PCDRUG,M,20.0,Tongue,No Remarkable Findings,,,,
PC201708,PC201708-3010,3,20 mg/kg PCDRUG,M,20.0,Trachea,No Remarkable Findings,,,,
PC201708,PC201708-3010,3,20 mg/kg PCDRUG,M,20.0,Ureter,No Remarkable Findings,,,,
PC201708,PC201708-3010,3,20 mg/kg PCDRUG,M,20.0,Urinary Bladder,No Remarkable Findings,,,,
PC201708,PC201708-3011,3,20 mg/kg PCDRUG,M,20.0,"Bone Marrow, Sternum",No Remarkable Findings,,,,
PC201708,PC201708-3011,3,20 mg/kg PCDRUG,M,20.0,"Bone, Sternum",No Remarkable Findings,,,,
PC201708,PC201708-3011,3,20 mg/kg PCDRUG,M,20.0,"Gland, Adrenal",No Remarkable Findings,,,,
PC201708,PC201708-3011,3,20 mg/kg PCDRUG,M,20.0,"Gland, Mammary",No Remarkable Findings,,,,
PC201708,PC201708-3011,3,20 mg/kg PCDRUG,M,20.0,"Gland, Thyroid",No Remarkable Findings,,,,
PC201708,PC201708-3011,3,20 mg/kg PCDRUG,M,20.0,Liver,Necrosis,1,Mild,multifocal,
PC201708,PC201708-3011,3,20 mg/kg PCDRUG,M,20.0,Liver,Vacuolization,1,Mild,hepatocellular; diffuse; perilobular,
PC201708,PC201708-3012,3,20 mg/kg PCDRUG,M,20.0,"Bone Marrow, Sternum",No Remarkable Findings,,,,
PC201708,PC201708-3012,3,20 mg/kg PCDRUG,M,20.0,"Bone, Sternum",No Remarkable Findings,,,,
PC201708,PC201708-3012,3,20 mg/kg PCDRUG,M,20.0,"Gland, Adrenal",No Remarkable Findings,,,,
PC201708,PC201708-3012,3,20 mg/kg PCDRUG,M,20.0,"Gland, Mammary",No Remarkable Findings,,,,
PC201708,PC201708-3012,3,20 mg/kg PCDRUG,M,20.0,"Gland, Thyroid",No Remarkable Findings,,,,
PC201708,PC201708-3012,3,20 mg/kg PCDRUG,M,20.0,Liver,Necrosis,1,Mild,multifocal,
PC201708,PC201708-3012,3,20 mg/kg PCDRUG,M,20.0,Liver,Vacuolization,1,Mild,hepatocellular; perilobular,
PC201708,PC201708-3013,3,20 mg/kg PCDRUG,M,20.0,"Bone Marrow, Sternum",No Remarkable Findings,,,,
PC201708,PC201708-3013,3,20 mg/kg PCDRUG,M,20.0,"Bone, Sternum",No Remarkable Findings,,,,
PC201708,PC201708-3013,3,20 mg/kg PCDRUG,M,20.0,"Gland, Adrenal",No Remarkable Findings,,,,
PC201708,PC201708-3013,3,20 mg/kg PCDRUG,M,20.0,"Gland, Mammary",No Remarkable Findings,,,,
PC201708,PC201708-3013,3,20 mg/kg PCDRUG,M,20.0,"Gland, Thyroid",No Remarkable Findings,,,,
PC201708,PC201708-3013,3,20 mg/kg PCDRUG,M,20.0,Liver,No Remarkable Findings,,,,
PC201708,PC201708-3014,3,20 mg/kg PCDRUG,M,20.0,"Bone Marrow, Sternum",No Remarkable Findings,,,,
PC201708,PC201708-3014,3,20 mg/kg PCDRUG,M,20.0,"Bone, Sternum",No Remarkable Findings,,,,
PC201708,PC201708-3014,3,20 mg/kg PCDRUG,M,20.0,"Gland, Adrenal",Vacuolization,1,Mild,cortex; diffuse,
PC201708,PC201708-3014,3,20 mg/kg PCDRUG,M,20.0,"Gland, Mammary",No Remarkable Findings,,,,
PC201708,PC201708-3014,3,20 mg/kg PCDRUG,M,20.0,"Gland, Thyroid",No Remarkable Findings,,,,
PC201708,PC201708-3014,3,20 mg/kg PCDRUG,M,20.0,Liver,Necrosis,1,Mild,multifocal,
PC201708,PC201708-3014,3,20 mg/kg PCDRUG,M,20.0,Liver,Vacuolization,1,Mild,hepatocellular; diffuse; perilobular,
PC201708,PC201708-3015,3,20 mg/kg PCDRUG,M,20.0,"Bone Marrow, Sternum",No Remarkable Findings,,,,
PC201708,PC201708-3015,3,20 mg/kg PCDRUG,M,20.0,"Bone, Sternum",No Remarkable Findings,,,,
PC201708,PC201708-3015,3,20 mg/kg PCDRUG,M,20.0,"Gland, Adrenal",Hypertrophy,1,Mild,zona glomerulosa; focal/multifocal,
PC201708,PC201708-3015,3,20 mg/kg PCDRUG,M,20.0,"Gland, Mammary",No Remarkable Findings,,,,
PC201708,PC201708-3015,3,20 mg/kg PCDRUG,M,20.0,"Gland, Thyroid",No Remarkable Findings,,,,
PC201708,PC201708-3015,3,20 mg/kg PCDRUG,M,20.0,Liver,Hypertrophy,1,Mild,,
PC201708,PC201708-3015,3,20 mg/kg PCDRUG,M,20.0,Lung,Infiltration Granulocytic,1,Mild,perivascular; focal,
PC201708,PC201708-3101,3,20 mg/kg PCDRUG,F,20.0,"Artery, Aorta",No Remarkable Findings,,,,
PC201708,PC201708-3101,3,20 mg/kg PCDRUG,F,20.0,"Bone Marrow, Femur",Fat Vacuoles,1,Mild,diffuse,
PC201708,PC201708-3101,3,20 mg/kg PCDRUG,F,20.0,"Bone Marrow, Sternum",No Remarkable Findings,,,,
PC201708,PC201708-3101,3,20 mg/kg PCDRUG,F,20.0,"Bone, Sternum",No Remarkable Findings,,,,
PC201708,PC201708-3101,3,20 mg/kg PCDRUG,F,20.0,Brain,No Remarkable Findings,,,,
PC201708,PC201708-3101,3,20 mg/kg PCDRUG,F,20.0,Esophagus,No Remarkable Findings,,,,
PC201708,PC201708-3101,3,20 mg/kg PCDRUG,F,20.0,Eye,No Remarkable Findings,,,,
PC201708,PC201708-3101,3,20 mg/kg PCDRUG,F,20.0,"Gland, Adrenal",No Remarkable Findings,,,,
PC201708,PC201708-3101,3,20 mg/kg PCDRUG,F,20.0,"Gland, Harderian",No Remarkable Findings,,,,
PC201708,PC201708-3101,3,20 mg/kg PCDRUG,F,20.0,"Gland, Mammary",No Remarkable Findings,,,,
PC201708,PC201708-3101,3,20 mg/kg PCDRUG,F,20.0,"Gland, Parathyroid",No Remarkable Findings,,,,
PC201708,PC201708-3101,3,20 mg/kg PCDRUG,F,20.0,"Gland, Pituitary",No Remarkable Findings,,,,
PC201708,PC201708-3101,3,20 mg/kg PCDRUG,F,20.0,"Gland, Salivary, Parotid",No Remarkable Findings,,,,
PC201708,PC201708-3101,3,20 mg/kg PCDRUG,F,20.0,"Gland, Salivary, Sublingual",No Remarkable Findings,,,,
PC201708,PC201708-3101,3,20 mg/kg PCDRUG,F,20.0,"Gland, Salivary, Submandibular",No Remarkable Findings,,,,
PC201708,PC201708-3101,3,20 mg/kg PCDRUG,F,20.0,"Gland, Thyroid",Ectopic Lymphoid Tissue,1,Mild,focal,
PC201708,PC201708-3101,3,20 mg/kg PCDRUG,F,20.0,Heart,No Remarkable Findings,,,,
PC201708,PC201708-3101,3,20 mg/kg PCDRUG,F,20.0,"Joint, Hip",No Remarkable Findings,,,,
PC201708,PC201708-3101,3,20 mg/kg PCDRUG,F,20.0,Kidney,No Remarkable Findings,,,,
PC201708,PC201708-3101,3,20 mg/kg PCDRUG,F,20.0,"Large Intestine, Cecum",No Remarkable Findings,,,,
PC201708,PC201708-3101,3,20 mg/kg PCDRUG,F,20.0,"Large Intestine, Colon",No Remarkable Findings,,,,
PC201708,PC201708-3101,3,20 mg/kg PCDRUG,F,20.0,"Large Intestine, Rectum",No Remarkable Findings,,,,
PC201708,PC201708-3101,3,20 mg/kg PCDRUG,F,20.0,Larynx,No Remarkable Findings,,,,
PC201708,PC201708-3101,3,20 mg/kg PCDRUG,F,20.0,Liver,No Remarkable Findings,,,,
PC201708,PC201708-3101,3,20 mg/kg PCDRUG,F,20.0,Lung,Macrophages Intra-Alveolar,1,Mild,focal/multifocal; foamy,
PC201708,PC201708-3101,3,20 mg/kg PCDRUG,F,20.0,"Lymph Node, Mesenteric",No Remarkable Findings,,,,
PC201708,PC201708-3101,3,20 mg/kg PCDRUG,F,20.0,"Lymph Node, Popliteal",No Remarkable Findings,,,,
PC201708,PC201708-3101,3,20 mg/kg PCDRUG,F,20.0,"Muscle, Quadriceps Femoris",No Remarkable Findings,,,,
PC201708,PC201708-3101,3,20 mg/kg PCDRUG,F,20.0,"Nerve, Optic",No Remarkable Findings,,,,
PC201708,PC201708-3101,3,20 mg/kg PCDRUG,F,20.0,"Nerve, Sciatic",No Remarkable Findings,,,,
PC201708,PC201708-3101,3,20 mg/kg PCDRUG,F,20.0,Pancreas,No Remarkable Findings,,,,
PC201708,PC201708-3101,3,20 mg/kg PCDRUG,F,20.0,Peyer'S Patch,No Remarkable Findings,,,,
PC201708,PC201708-3101,3,20 mg/kg PCDRUG,F,20.0,Skin,No Remarkable Findings,,,,
PC201708,PC201708-3101,3,20 mg/kg PCDRUG,F,20.0,"Small Intestine, Duodenum",No Remarkable Findings,,,,
PC201708,PC201708-3101,3,20 mg/kg PCDRUG,F,20.0,"Small Intestine, Ileum",No Remarkable Findings,,,,
PC201708,PC201708-3101,3,20 mg/kg PCDRUG,F,20.0,"Small Intestine, Jejunum",Inflammation,1,Mild,chronic; focal,
PC201708,PC201708-3101,3,20 mg/kg PCDRUG,F,20.0,"Spinal Cord, Cervical",No Remarkable Findings,,,,
PC201708,PC201708-3101,3,20 mg/kg PCDRUG,F,20.0,"Spinal Cord, Lumbar",No Remarkable Findings,,,,
PC201708,PC201708-3101,3,20 mg/kg PCDRUG,F,20.0,"Spinal Cord, Thoracic",No Remarkable Findings,,,,
PC201708,PC201708-3101,3,20 mg/kg PCDRUG,F,20.0,Spleen,Pigmentation,1,Mild,red pulp; diffuse,
PC201708,PC201708-3101,3,20 mg/kg PCDRUG,F,20.0,Stomach,No Remarkable Findings,,,,
PC201708,PC201708-3101,3,20 mg/kg PCDRUG,F,20.0,Thymus,No Remarkable Findings,,,,
PC201708,PC201708-3101,3,20 mg/kg PCDRUG,F,20.0,Tongue,No Remarkable Findings,,,,
PC201708,PC201708-3101,3,20 mg/kg PCDRUG,F,20.0,Trachea,No Remarkable Findings,,,,
PC201708,PC201708-3101,3,20 mg/kg PCDRUG,F,20.0,Ureter,No Remarkable Findings,,,,
PC201708,PC201708-3101,3,20 mg/kg PCDRUG,F,20.0,Urinary Bladder,No Remarkable Findings,,,,
PC201708,PC201708-3101,3,20 mg/kg PCDRUG,F,20.0,Uterus,No Remarkable Findings,,,,
PC201708,PC201708-3102,3,20 mg/kg PCDRUG,F,20.0,"Artery, Aorta",No Remarkable Findings,,,,
PC201708,PC201708-3102,3,20 mg/kg PCDRUG,F,20.0,"Bone Marrow, Femur",No Remarkable Findings,,,,
PC201708,PC201708-3102,3,20 mg/kg PCDRUG,F,20.0,"Bone Marrow, Sternum",No Remarkable Findings,,,,
PC201708,PC201708-3102,3,20 mg/kg PCDRUG,F,20.0,"Bone, Sternum",No Remarkable Findings,,,,
PC201708,PC201708-3102,3,20 mg/kg PCDRUG,F,20.0,Brain,No Remarkable Findings,,,,
PC201708,PC201708-3102,3,20 mg/kg PCDRUG,F,20.0,Esophagus,No Remarkable Findings,,,,
PC201708,PC201708-3102,3,20 mg/kg PCDRUG,F,20.0,Eye,No Remarkable Findings,,,,
PC201708,PC201708-3102,3,20 mg/kg PCDRUG,F,20.0,"Gland, Adrenal",No Remarkable Findings,,,,
PC201708,PC201708-3102,3,20 mg/kg PCDRUG,F,20.0,"Gland, Harderian",No Remarkable Findings,,,,
PC201708,PC201708-3102,3,20 mg/kg PCDRUG,F,20.0,"Gland, Mammary",No Remarkable Findings,,,,
PC201708,PC201708-3102,3,20 mg/kg PCDRUG,F,20.0,"Gland, Parathyroid",No Remarkable Findings,,,,
PC201708,PC201708-3102,3,20 mg/kg PCDRUG,F,20.0,"Gland, Pituitary",No Remarkable Findings,,,,
PC201708,PC201708-3102,3,20 mg/kg PCDRUG,F,20.0,"Gland, Salivary, Parotid",No Remarkable Findings,,,,
PC201708,PC201708-3102,3,20 mg/kg PCDRUG,F,20.0,"Gland, Salivary, Sublingual",No Remarkable Findings,,,,
PC201708,PC201708-3102,3,20 mg/kg PCDRUG,F,20.0,"Gland, Salivary, Submandibular",No Remarkable Findings,,,,
PC201708,PC201708-3102,3,20 mg/kg PCDRUG,F,20.0,"Gland, Thyroid",No Remarkable Findings,,,,
PC201708,PC201708-3102,3,20 mg/kg PCDRUG,F,20.0,Heart,No Remarkable Findings,,,,
PC201708,PC201708-3102,3,20 mg/kg PCDRUG,F,20.0,"Joint, Hip",No Remarkable Findings,,,,
PC201708,PC201708-3102,3,20 mg/kg PCDRUG,F,20.0,Kidney,No Remarkable Findings,,,,
PC201708,PC201708-3102,3,20 mg/kg PCDRUG,F,20.0,"Large Intestine, Cecum",No Remarkable Findings,,,,
PC201708,PC201708-3102,3,20 mg/kg PCDRUG,F,20.0,"Large Intestine, Colon",No Remarkable Findings,,,,
PC201708,PC201708-3102,3,20 mg/kg PCDRUG,F,20.0,"Large Intestine, Rectum",No Remarkable Findings,,,,
PC201708,PC201708-3102,3,20 mg/kg PCDRUG,F,20.0,Larynx,No Remarkable Findings,,,,
PC201708,PC201708-3102,3,20 mg/kg PCDRUG,F,20.0,Liver,No Remarkable Findings,,,,
PC201708,PC201708-3102,3,20 mg/kg PCDRUG,F,20.0,Lung,Macrophages Intra-Alveolar,1,Mild,focal/multifocal; foamy,
PC201708,PC201708-3102,3,20 mg/kg PCDRUG,F,20.0,"Lymph Node, Mesenteric",No Remarkable Findings,,,,
PC201708,PC201708-3102,3,20 mg/kg PCDRUG,F,20.0,"Lymph Node, Popliteal",No Remarkable Findings,,,,
PC201708,PC201708-3102,3,20 mg/kg PCDRUG,F,20.0,"Muscle, Quadriceps Femoris",No Remarkable Findings,,,,
PC201708,PC201708-3102,3,20 mg/kg PCDRUG,F,20.0,"Nerve, Optic",No Remarkable Findings,,,,
PC201708,PC201708-3102,3,20 mg/kg PCDRUG,F,20.0,"Nerve, Sciatic",No Remarkable Findings,,,,
PC201708,PC201708-3102,3,20 mg/kg PCDRUG,F,20.0,Pancreas,No Remarkable Findings,,,,
PC201708,PC201708-3102,3,20 mg/kg PCDRUG,F,20.0,Peyer'S Patch,No Remarkable Findings,,,,
PC201708,PC201708-3102,3,20 mg/kg PCDRUG,F,20.0,Skin,No Remarkable Findings,,,,
PC201708,PC201708-3102,3,20 mg/kg PCDRUG,F,20.0,"Small Intestine, Duodenum",No Remarkable Findings,,,,
PC201708,PC201708-3102,3,20 mg/kg PCDRUG,F,20.0,"Small Intestine, Ileum",No Remarkable Findings,,,,
PC201708,PC201708-3102,3,20 mg/kg PCDRUG,F,20.0,"Small Intestine, Jejunum",No Remarkable Findings,,,,
PC201708,PC201708-3102,3,20 mg/kg PCDRUG,F,20.0,"Spinal Cord, Cervical",No Remarkable Findings,,,,
PC201708,PC201708-3102,3,20 mg/kg PCDRUG,F,20.0,"Spinal Cord, Lumbar",No Remarkable Findings,,,,
PC201708,PC201708-3102,3,20 mg/kg PCDRUG,F,20.0,"Spinal Cord, Thoracic",No Remarkable Findings,,,,
PC201708,PC201708-3102,3,20 mg/kg PCDRUG,F,20.0,Spleen,Congestion,1,Mild,red pulp; diffuse,
PC201708,PC201708-3102,3,20 mg/kg PCDRUG,F,20.0,Spleen,Pigmentation,1,Mild,red pulp; diffuse,
PC201708,PC201708-3102,3,20 mg/kg PCDRUG,F,20.0,Stomach,No Remarkable Findings,,,,
PC201708,PC201708-3102,3,20 mg/kg PCDRUG,F,20.0,Thymus,No Remarkable Findings,,,,
PC201708,PC201708-3102,3,20 mg/kg PCDRUG,F,20.0,Tongue,No Remarkable Findings,,,,
PC201708,PC201708-3102,3,20 mg/kg PCDRUG,F,20.0,Trachea,No Remarkable Findings,,,,
PC201708,PC201708-3102,3,20 mg/kg PCDRUG,F,20.0,Ureter,No Remarkable Findings,,,,
PC201708,PC201708-3102,3,20 mg/kg PCDRUG,F,20.0,Urinary Bladder,No Remarkable Findings,,,,
PC201708,PC201708-3102,3,20 mg/kg PCDRUG,F,20.0,Uterus,No Remarkable Findings,,,,
PC201708,PC201708-3103,3,20 mg/kg PCDRUG,F,20.0,"Artery, Aorta",No Remarkable Findings,,,,
PC201708,PC201708-3103,3,20 mg/kg PCDRUG,F,20.0,"Bone Marrow, Femur",Fat Vacuoles,1,Mild,diffuse,
PC201708,PC201708-3103,3,20 mg/kg PCDRUG,F,20.0,"Bone Marrow, Sternum",No Remarkable Findings,,,,
PC201708,PC201708-3103,3,20 mg/kg PCDRUG,F,20.0,"Bone, Sternum",No Remarkable Findings,,,,
PC201708,PC201708-3103,3,20 mg/kg PCDRUG,F,20.0,Brain,No Remarkable Findings,,,,
PC201708,PC201708-3103,3,20 mg/kg PCDRUG,F,20.0,Esophagus,No Remarkable Findings,,,,
PC201708,PC201708-3103,3,20 mg/kg PCDRUG,F,20.0,Eye,No Remarkable Findings,,,,
PC201708,PC201708-3103,3,20 mg/kg PCDRUG,F,20.0,"Gland, Adrenal",No Remarkable Findings,,,,
PC201708,PC201708-3103,3,20 mg/kg PCDRUG,F,20.0,"Gland, Harderian",No Remarkable Findings,,,,
PC201708,PC201708-3103,3,20 mg/kg PCDRUG,F,20.0,"Gland, Mammary",No Remarkable Findings,,,,
PC201708,PC201708-3103,3,20 mg/kg PCDRUG,F,20.0,"Gland, Parathyroid",No Remarkable Findings,,,,
PC201708,PC201708-3103,3,20 mg/kg PCDRUG,F,20.0,"Gland, Pituitary",No Remarkable Findings,,,,
PC201708,PC201708-3103,3,20 mg/kg PCDRUG,F,20.0,"Gland, Salivary, Parotid",No Remarkable Findings,,,,
PC201708,PC201708-3103,3,20 mg/kg PCDRUG,F,20.0,"Gland, Salivary, Sublingual",No Remarkable Findings,,,,
PC201708,PC201708-3103,3,20 mg/kg PCDRUG,F,20.0,"Gland, Salivary, Submandibular",No Remarkable Findings,,,,
PC201708,PC201708-3103,3,20 mg/kg PCDRUG,F,20.0,"Gland, Thyroid",Ectopic Lymphoid Tissue,1,Mild,focal,
PC201708,PC201708-3103,3,20 mg/kg PCDRUG,F,20.0,Heart,No Remarkable Findings,,,,
PC201708,PC201708-3103,3,20 mg/kg PCDRUG,F,20.0,"Joint, Hip",No Remarkable Findings,,,,
PC201708,PC201708-3103,3,20 mg/kg PCDRUG,F,20.0,Kidney,Basophilic Tubules,1,Mild,cortex; focal/multifocal,
PC201708,PC201708-3103,3,20 mg/kg PCDRUG,F,20.0,Kidney,Cyst,1,Mild,medulla; focal,
PC201708,PC201708-3103,3,20 mg/kg PCDRUG,F,20.0,"Large Intestine, Cecum",No Remarkable Findings,,,,
PC201708,PC201708-3103,3,20 mg/kg PCDRUG,F,20.0,"Large Intestine, Colon",No Remarkable Findings,,,,
PC201708,PC201708-3103,3,20 mg/kg PCDRUG,F,20.0,"Large Intestine, Rectum",No Remarkable Findings,,,,
PC201708,PC201708-3103,3,20 mg/kg PCDRUG,F,20.0,Larynx,No Remarkable Findings,,,,
PC201708,PC201708-3103,3,20 mg/kg PCDRUG,F,20.0,Liver,Necrosis,1,Mild,multifocal,
PC201708,PC201708-3103,3,20 mg/kg PCDRUG,F,20.0,Lung,Inflammation,1,Mild,chronic; focal; with hemoglobin crystals,
PC201708,PC201708-3103,3,20 mg/kg PCDRUG,F,20.0,"Lymph Node, Mesenteric",No Remarkable Findings,,,,
PC201708,PC201708-3103,3,20 mg/kg PCDRUG,F,20.0,"Lymph Node, Popliteal",No Remarkable Findings,,,,
PC201708,PC201708-3103,3,20 mg/kg PCDRUG,F,20.0,"Muscle, Quadriceps Femoris",No Remarkable Findings,,,,
PC201708,PC201708-3103,3,20 mg/kg PCDRUG,F,20.0,"Nerve, Optic",No Remarkable Findings,,,,
PC201708,PC201708-3103,3,20 mg/kg PCDRUG,F,20.0,"Nerve, Sciatic",No Remarkable Findings,,,,
PC201708,PC201708-3103,3,20 mg/kg PCDRUG,F,20.0,Pancreas,No Remarkable Findings,,,,
PC201708,PC201708-3103,3,20 mg/kg PCDRUG,F,20.0,Peyer'S Patch,No Remarkable Findings,,,,
PC201708,PC201708-3103,3,20 mg/kg PCDRUG,F,20.0,Skin,No Remarkable Findings,,,,
PC201708,PC201708-3103,3,20 mg/kg PCDRUG,F,20.0,"Small Intestine, Duodenum",No Remarkable Findings,,,,
PC201708,PC201708-3103,3,20 mg/kg PCDRUG,F,20.0,"Small Intestine, Ileum",No Remarkable Findings,,,,
PC201708,PC201708-3103,3,20 mg/kg PCDRUG,F,20.0,"Small Intestine, Jejunum",No Remarkable Findings,,,,
PC201708,PC201708-3103,3,20 mg/kg PCDRUG,F,20.0,"Spinal Cord, Cervical",No Remarkable Findings,,,,
PC201708,PC201708-3103,3,20 mg/kg PCDRUG,F,20.0,"Spinal Cord, Lumbar",No Remarkable Findings,,,,
PC201708,PC201708-3103,3,20 mg/kg PCDRUG,F,20.0,"Spinal Cord, Thoracic",No Remarkable Findings,,,,
PC201708,PC201708-3103,3,20 mg/kg PCDRUG,F,20.0,Spleen,Pigmentation,1,Mild,red pulp; diffuse,
PC201708,PC201708-3103,3,20 mg/kg PCDRUG,F,20.0,Stomach,No Remarkable Findings,,,,
PC201708,PC201708-3103,3,20 mg/kg PCDRUG,F,20.0,Thymus,No Remarkable Findings,,,,
PC201708,PC201708-3103,3,20 mg/kg PCDRUG,F,20.0,Tongue,No Remarkable Findings,,,,
PC201708,PC201708-3103,3,20 mg/kg PCDRUG,F,20.0,Trachea,No Remarkable Findings,,,,
PC201708,PC201708-3103,3,20 mg/kg PCDRUG,F,20.0,Ureter,No Remarkable Findings,,,,
PC201708,PC201708-3103,3,20 mg/kg PCDRUG,F,20.0,Urinary Bladder,No Remarkable Findings,,,,
PC201708,PC201708-3103,3,20 mg/kg PCDRUG,F,20.0,Uterus,No Remarkable Findings,,,,
PC201708,PC201708-3104,3,20 mg/kg PCDRUG,F,20.0,"Artery, Aorta",No Remarkable Findings,,,,
PC201708,PC201708-3104,3,20 mg/kg PCDRUG,F,20.0,"Bone Marrow, Femur",No Remarkable Findings,,,,
PC201708,PC201708-3104,3,20 mg/kg PCDRUG,F,20.0,"Bone Marrow, Sternum",No Remarkable Findings,,,,
PC201708,PC201708-3104,3,20 mg/kg PCDRUG,F,20.0,"Bone, Sternum",No Remarkable Findings,,,,
PC201708,PC201708-3104,3,20 mg/kg PCDRUG,F,20.0,Brain,No Remarkable Findings,,,,
PC201708,PC201708-3104,3,20 mg/kg PCDRUG,F,20.0,Esophagus,No Remarkable Findings,,,,
PC201708,PC201708-3104,3,20 mg/kg PCDRUG,F,20.0,Eye,No Remarkable Findings,,,,
PC201708,PC201708-3104,3,20 mg/kg PCDRUG,F,20.0,"Gland, Adrenal",No Remarkable Findings,,,,
PC201708,PC201708-3104,3,20 mg/kg PCDRUG,F,20.0,"Gland, Harderian",No Remarkable Findings,,,,
PC201708,PC201708-3104,3,20 mg/kg PCDRUG,F,20.0,"Gland, Mammary",No Remarkable Findings,,,,
PC201708,PC201708-3104,3,20 mg/kg PCDRUG,F,20.0,"Gland, Parathyroid",No Remarkable Findings,,,,
PC201708,PC201708-3104,3,20 mg/kg PCDRUG,F,20.0,"Gland, Pituitary",No Remarkable Findings,,,,
PC201708,PC201708-3104,3,20 mg/kg PCDRUG,F,20.0,"Gland, Salivary, Parotid",No Remarkable Findings,,,,
PC201708,PC201708-3104,3,20 mg/kg PCDRUG,F,20.0,"Gland, Salivary, Sublingual",No Remarkable Findings,,,,
PC201708,PC201708-3104,3,20 mg/kg PCDRUG,F,20.0,"Gland, Salivary, Submandibular",No Remarkable Findings,,,,
PC201708,PC201708-3104,3,20 mg/kg PCDRUG,F,20.0,"Gland, Thyroid",No Remarkable Findings,,,,
PC201708,PC201708-3104,3,20 mg/kg PCDRUG,F,20.0,Heart,No Remarkable Findings,,,,
PC201708,PC201708-3104,3,20 mg/kg PCDRUG,F,20.0,"Joint, Hip",No Remarkable Findings,,,,
PC201708,PC201708-3104,3,20 mg/kg PCDRUG,F,20.0,Kidney,No Remarkable Findings,,,,
PC201708,PC201708-3104,3,20 mg/kg PCDRUG,F,20.0,"Large Intestine, Cecum",No Remarkable Findings,,,,
PC201708,PC201708-3104,3,20 mg/kg PCDRUG,F,20.0,"Large Intestine, Colon",No Remarkable Findings,,,,
PC201708,PC201708-3104,3,20 mg/kg PCDRUG,F,20.0,"Large Intestine, Rectum",No Remarkable Findings,,,,
PC201708,PC201708-3104,3,20 mg/kg PCDRUG,F,20.0,Larynx,No Remarkable Findings,,,,
PC201708,PC201708-3104,3,20 mg/kg PCDRUG,F,20.0,Liver,No Remarkable Findings,,,,
PC201708,PC201708-3104,3,20 mg/kg PCDRUG,F,20.0,Lung,Infiltration Granulocytic,1,Mild,perivascular; focal,
PC201708,PC201708-3104,3,20 mg/kg PCDRUG,F,20.0,Lung,Inflammation,1,Mild,chronic; focal; with hemoglobin crystals,
PC201708,PC201708-3104,3,20 mg/kg PCDRUG,F,20.0,Lung,Macrophages Intra-Alveolar,1,Mild,focal/multifocal; foamy,
PC201708,PC201708-3104,3,20 mg/kg PCDRUG,F,20.0,"Lymph Node, Mesenteric",No Remarkable Findings,,,,
PC201708,PC201708-3104,3,20 mg/kg PCDRUG,F,20.0,"Lymph Node, Popliteal",No Remarkable Findings,,,,
PC201708,PC201708-3104,3,20 mg/kg PCDRUG,F,20.0,"Muscle, Quadriceps Femoris",No Remarkable Findings,,,,
PC201708,PC201708-3104,3,20 mg/kg PCDRUG,F,20.0,"Nerve, Optic",No Remarkable Findings,,,,
PC201708,PC201708-3104,3,20 mg/kg PCDRUG,F,20.0,"Nerve, Sciatic",No Remarkable Findings,,,,
PC201708,PC201708-3104,3,20 mg/kg PCDRUG,F,20.0,Pancreas,No Remarkable Findings,,,,
PC201708,PC201708-3104,3,20 mg/kg PCDRUG,F,20.0,Peyer'S Patch,Mineralization,1,Mild,multifocal,
PC201708,PC201708-3104,3,20 mg/kg PCDRUG,F,20.0,Skin,No Remarkable Findings,,,,
PC201708,PC201708-3104,3,20 mg/kg PCDRUG,F,20.0,"Small Intestine, Duodenum",No Remarkable Findings,,,,
PC201708,PC201708-3104,3,20 mg/kg PCDRUG,F,20.0,"Small Intestine, Ileum",No Remarkable Findings,,,,
PC201708,PC201708-3104,3,20 mg/kg PCDRUG,F,20.0,"Small Intestine, Jejunum",No Remarkable Findings,,,,
PC201708,PC201708-3104,3,20 mg/kg PCDRUG,F,20.0,"Spinal Cord, Cervical",No Remarkable Findings,,,,
PC201708,PC201708-3104,3,20 mg/kg PCDRUG,F,20.0,"Spinal Cord, Lumbar",No Remarkable Findings,,,,
PC201708,PC201708-3104,3,20 mg/kg PCDRUG,F,20.0,"Spinal Cord, Thoracic",No Remarkable Findings,,,,
PC201708,PC201708-3104,3,20 mg/kg PCDRUG,F,20.0,Spleen,Congestion,1,Mild,red pulp; diffuse,
PC201708,PC201708-3104,3,20 mg/kg PCDRUG,F,20.0,Stomach,No Remarkable Findings,,,,
PC201708,PC201708-3104,3,20 mg/kg PCDRUG,F,20.0,Thymus,No Remarkable Findings,,,,
PC201708,PC201708-3104,3,20 mg/kg PCDRUG,F,20.0,Tongue,Hemorrhage,1,Mild,,
PC201708,PC201708-3104,3,20 mg/kg PCDRUG,F,20.0,Trachea,No Remarkable Findings,,,,
PC201708,PC201708-3104,3,20 mg/kg PCDRUG,F,20.0,Ureter,No Remarkable Findings,,,,
PC201708,PC201708-3104,3,20 mg/kg PCDRUG,F,20.0,Urinary Bladder,No Remarkable Findings,,,,
PC201708,PC201708-3104,3,20 mg/kg PCDRUG,F,20.0,Uterus,No Remarkable Findings,,,,
PC201708,PC201708-3105,3,20 mg/kg PCDRUG,F,20.0,"Artery, Aorta",No Remarkable Findings,,,,
PC201708,PC201708-3105,3,20 mg/kg PCDRUG,F,20.0,"Bone Marrow, Femur",No Remarkable Findings,,,,
PC201708,PC201708-3105,3,20 mg/kg PCDRUG,F,20.0,"Bone Marrow, Sternum",No Remarkable Findings,,,,
PC201708,PC201708-3105,3,20 mg/kg PCDRUG,F,20.0,"Bone, Sternum",No Remarkable Findings,,,,
PC201708,PC201708-3105,3,20 mg/kg PCDRUG,F,20.0,Brain,No Remarkable Findings,,,,
PC201708,PC201708-3105,3,20 mg/kg PCDRUG,F,20.0,Esophagus,No Remarkable Findings,,,,
PC201708,PC201708-3105,3,20 mg/kg PCDRUG,F,20.0,Eye,No Remarkable Findings,,,,
PC201708,PC201708-3105,3,20 mg/kg PCDRUG,F,20.0,"Gland, Adrenal",No Remarkable Findings,,,,
PC201708,PC201708-3105,3,20 mg/kg PCDRUG,F,20.0,"Gland, Harderian",No Remarkable Findings,,,,
PC201708,PC201708-3105,3,20 mg/kg PCDRUG,F,20.0,"Gland, Mammary",No Remarkable Findings,,,,
PC201708,PC201708-3105,3,20 mg/kg PCDRUG,F,20.0,"Gland, Parathyroid",No Remarkable Findings,,,,
PC201708,PC201708-3105,3,20 mg/kg PCDRUG,F,20.0,"Gland, Pituitary",No Remarkable Findings,,,,
PC201708,PC201708-3105,3,20 mg/kg PCDRUG,F,20.0,"Gland, Salivary, Parotid",No Remarkable Findings,,,,
PC201708,PC201708-3105,3,20 mg/kg PCDRUG,F,20.0,"Gland, Salivary, Sublingual",No Remarkable Findings,,,,
PC201708,PC201708-3105,3,20 mg/kg PCDRUG,F,20.0,"Gland, Salivary, Submandibular",No Remarkable Findings,,,,
PC201708,PC201708-3105,3,20 mg/kg PCDRUG,F,20.0,"Gland, Thyroid",No Remarkable Findings,,,,
PC201708,PC201708-3105,3,20 mg/kg PCDRUG,F,20.0,Heart,Inflammation,1,Mild,chronic; myocardium; focal; septum,
PC201708,PC201708-3105,3,20 mg/kg PCDRUG,F,20.0,"Joint, Hip",No Remarkable Findings,,,,
PC201708,PC201708-3105,3,20 mg/kg PCDRUG,F,20.0,Kidney,No Remarkable Findings,,,,
PC201708,PC201708-3105,3,20 mg/kg PCDRUG,F,20.0,"Large Intestine, Cecum",No Remarkable Findings,,,,
PC201708,PC201708-3105,3,20 mg/kg PCDRUG,F,20.0,"Large Intestine, Colon",No Remarkable Findings,,,,
PC201708,PC201708-3105,3,20 mg/kg PCDRUG,F,20.0,"Large Intestine, Rectum",No Remarkable Findings,,,,
PC201708,PC201708-3105,3,20 mg/kg PCDRUG,F,20.0,Larynx,No Remarkable Findings,,,,
PC201708,PC201708-3105,3,20 mg/kg PCDRUG,F,20.0,Liver,No Remarkable Findings,,,,
PC201708,PC201708-3105,3,20 mg/kg PCDRUG,F,20.0,Lung,Macrophages Intra-Alveolar,1,Mild,focal/multifocal,
PC201708,PC201708-3105,3,20 mg/kg PCDRUG,F,20.0,"Lymph Node, Mesenteric",No Remarkable Findings,,,,
PC201708,PC201708-3105,3,20 mg/kg PCDRUG,F,20.0,"Lymph Node, Popliteal",No Remarkable Findings,,,,
PC201708,PC201708-3105,3,20 mg/kg PCDRUG,F,20.0,"Muscle, Quadriceps Femoris",No Remarkable Findings,,,,
PC201708,PC201708-3105,3,20 mg/kg PCDRUG,F,20.0,"Nerve, Optic",No Remarkable Findings,,,,
PC201708,PC201708-3105,3,20 mg/kg PCDRUG,F,20.0,"Nerve, Sciatic",No Remarkable Findings,,,,
PC201708,PC201708-3105,3,20 mg/kg PCDRUG,F,20.0,Pancreas,No Remarkable Findings,,,,
PC201708,PC201708-3105,3,20 mg/kg PCDRUG,F,20.0,Peyer'S Patch,Mineralization,1,Mild,multifocal,
PC201708,PC201708-3105,3,20 mg/kg PCDRUG,F,20.0,Skin,No Remarkable Findings,,,,
PC201708,PC201708-3105,3,20 mg/kg PCDRUG,F,20.0,"Small Intestine, Duodenum",No Remarkable Findings,,,,
PC201708,PC201708-3105,3,20 mg/kg PCDRUG,F,20.0,"Small Intestine, Ileum",No Remarkable Findings,,,,
PC201708,PC201708-3105,3,20 mg/kg PCDRUG,F,20.0,"Small Intestine, Jejunum",No Remarkable Findings,,,,
PC201708,PC201708-3105,3,20 mg/kg PCDRUG,F,20.0,"Spinal Cord, Cervical",No Remarkable Findings,,,,
PC201708,PC201708-3105,3,20 mg/kg PCDRUG,F,20.0,"Spinal Cord, Lumbar",No Remarkable Findings,,,,
PC201708,PC201708-3105,3,20 mg/kg PCDRUG,F,20.0,"Spinal Cord, Thoracic",No Remarkable Findings,,,,
PC201708,PC201708-3105,3,20 mg/kg PCDRUG,F,20.0,Spleen,Congestion,1,Mild,red pulp; diffuse,
PC201708,PC201708-3105,3,20 mg/kg PCDRUG,F,20.0,Stomach,No Remarkable Findings,,,,
PC201708,PC201708-3105,3,20 mg/kg PCDRUG,F,20.0,Thymus,No Remarkable Findings,,,,
PC201708,PC201708-3105,3,20 mg/kg PCDRUG,F,20.0,Tongue,No Remarkable Findings,,,,
PC201708,PC201708-3105,3,20 mg/kg PCDRUG,F,20.0,Trachea,No Remarkable Findings,,,,
PC201708,PC201708-3105,3,20 mg/kg PCDRUG,F,20.0,Ureter,No Remarkable Findings,,,,
PC201708,PC201708-3105,3,20 mg/kg PCDRUG,F,20.0,Urinary Bladder,No Remarkable Findings,,,,
PC201708,PC201708-3105,3,20 mg/kg PCDRUG,F,20.0,Uterus,No Remarkable Findings,,,,
PC201708,PC201708-3106,3,20 mg/kg PCDRUG,F,20.0,"Artery, Aorta",No Remarkable Findings,,,,
PC201708,PC201708-3106,3,20 mg/kg PCDRUG,F,20.0,"Bone Marrow, Femur",No Remarkable Findings,,,,
PC201708,PC201708-3106,3,20 mg/kg PCDRUG,F,20.0,"Bone Marrow, Sternum",No Remarkable Findings,,,,
PC201708,PC201708-3106,3,20 mg/kg PCDRUG,F,20.0,"Bone, Sternum",No Remarkable Findings,,,,
PC201708,PC201708-3106,3,20 mg/kg PCDRUG,F,20.0,Brain,No Remarkable Findings,,,,
PC201708,PC201708-3106,3,20 mg/kg PCDRUG,F,20.0,Esophagus,No Remarkable Findings,,,,
PC201708,PC201708-3106,3,20 mg/kg PCDRUG,F,20.0,Eye,No Remarkable Findings,,,,
PC201708,PC201708-3106,3,20 mg/kg PCDRUG,F,20.0,"Gland, Adrenal",No Remarkable Findings,,,,
PC201708,PC201708-3106,3,20 mg/kg PCDRUG,F,20.0,"Gland, Harderian",No Remarkable Findings,,,,
PC201708,PC201708-3106,3,20 mg/kg PCDRUG,F,20.0,"Gland, Mammary",No Remarkable Findings,,,,
PC201708,PC201708-3106,3,20 mg/kg PCDRUG,F,20.0,"Gland, Parathyroid",No Remarkable Findings,,,,
PC201708,PC201708-3106,3,20 mg/kg PCDRUG,F,20.0,"Gland, Pituitary",No Remarkable Findings,,,,
PC201708,PC201708-3106,3,20 mg/kg PCDRUG,F,20.0,"Gland, Salivary, Parotid",No Remarkable Findings,,,,
PC201708,PC201708-3106,3,20 mg/kg PCDRUG,F,20.0,"Gland, Salivary, Sublingual",No Remarkable Findings,,,,
PC201708,PC201708-3106,3,20 mg/kg PCDRUG,F,20.0,"Gland, Salivary, Submandibular",No Remarkable Findings,,,,
PC201708,PC201708-3106,3,20 mg/kg PCDRUG,F,20.0,"Gland, Thyroid",No Remarkable Findings,,,,
PC201708,PC201708-3106,3,20 mg/kg PCDRUG,F,20.0,Heart,No Remarkable Findings,,,,
PC201708,PC201708-3106,3,20 mg/kg PCDRUG,F,20.0,"Joint, Hip",No Remarkable Findings,,,,
PC201708,PC201708-3106,3,20 mg/kg PCDRUG,F,20.0,Kidney,No Remarkable Findings,1,Mild,medulla; focal,
PC201708,PC201708-3106,3,20 mg/kg PCDRUG,F,20.0,"Large Intestine, Cecum",No Remarkable Findings,,,,
PC201708,PC201708-3106,3,20 mg/kg PCDRUG,F,20.0,"Large Intestine, Colon",No Remarkable Findings,,,,
PC201708,PC201708-3106,3,20 mg/kg PCDRUG,F,20.0,"Large Intestine, Rectum",No Remarkable Findings,,,,
PC201708,PC201708-3106,3,20 mg/kg PCDRUG,F,20.0,Larynx,No Remarkable Findings,,,,
PC201708,PC201708-3106,3,20 mg/kg PCDRUG,F,20.0,Liver,Inflammation,1,Mild,chronic; triade; focal,
PC201708,PC201708-3106,3,20 mg/kg PCDRUG,F,20.0,Lung,Macrophages Intra-Alveolar,1,Mild,focal/multifocal,
PC201708,PC201708-3106,3,20 mg/kg PCDRUG,F,20.0,"Lymph Node, Mesenteric",No Remarkable Findings,,,,
PC201708,PC201708-3106,3,20 mg/kg PCDRUG,F,20.0,"Lymph Node, Popliteal",No Remarkable Findings,,,,
PC201708,PC201708-3106,3,20 mg/kg PCDRUG,F,20.0,"Muscle, Quadriceps Femoris",No Remarkable Findings,,,,
PC201708,PC201708-3106,3,20 mg/kg PCDRUG,F,20.0,"Nerve, Optic",No Remarkable Findings,,,,
PC201708,PC201708-3106,3,20 mg/kg PCDRUG,F,20.0,"Nerve, Sciatic",No Remarkable Findings,,,,
PC201708,PC201708-3106,3,20 mg/kg PCDRUG,F,20.0,Pancreas,No Remarkable Findings,,,,
PC201708,PC201708-3106,3,20 mg/kg PCDRUG,F,20.0,Peyer'S Patch,No Remarkable Findings,,,,
PC201708,PC201708-3106,3,20 mg/kg PCDRUG,F,20.0,Skin,No Remarkable Findings,,,,
PC201708,PC201708-3106,3,20 mg/kg PCDRUG,F,20.0,"Small Intestine, Duodenum",No Remarkable Findings,,,,
PC201708,PC201708-3106,3,20 mg/kg PCDRUG,F,20.0,"Small Intestine, Ileum",No Remarkable Findings,,,,
PC201708,PC201708-3106,3,20 mg/kg PCDRUG,F,20.0,"Small Intestine, Jejunum",No Remarkable Findings,,,,
PC201708,PC201708-3106,3,20 mg/kg PCDRUG,F,20.0,"Spinal Cord, Cervical",No Remarkable Findings,,,,
PC201708,PC201708-3106,3,20 mg/kg PCDRUG,F,20.0,"Spinal Cord, Lumbar",No Remarkable Findings,,,,
PC201708,PC201708-3106,3,20 mg/kg PCDRUG,F,20.0,"Spinal Cord, Thoracic",No Remarkable Findings,,,,
PC201708,PC201708-3106,3,20 mg/kg PCDRUG,F,20.0,Spleen,Pigmentation,1,Mild,red pulp; diffuse,
PC201708,PC201708-3106,3,20 mg/kg PCDRUG,F,20.0,Stomach,No Remarkable Findings,,,,
PC201708,PC201708-3106,3,20 mg/kg PCDRUG,F,20.0,Thymus,No Remarkable Findings,,,,
PC201708,PC201708-3106,3,20 mg/kg PCDRUG,F,20.0,Tongue,No Remarkable Findings,,,,
PC201708,PC201708-3106,3,20 mg/kg PCDRUG,F,20.0,Trachea,No Remarkable Findings,,,,
PC201708,PC201708-3106,3,20 mg/kg PCDRUG,F,20.0,Ureter,No Remarkable Findings,,,,
PC201708,PC201708-3106,3,20 mg/kg PCDRUG,F,20.0,Urinary Bladder,No Remarkable Findings,,,,
PC201708,PC201708-3106,3,20 mg/kg PCDRUG,F,20.0,Uterus,No Remarkable Findings,,,,
PC201708,PC201708-3107,3,20 mg/kg PCDRUG,F,20.0,"Artery, Aorta",No Remarkable Findings,,,,
PC201708,PC201708-3107,3,20 mg/kg PCDRUG,F,20.0,"Bone Marrow, Femur",No Remarkable Findings,,,,
PC201708,PC201708-3107,3,20 mg/kg PCDRUG,F,20.0,"Bone Marrow, Sternum",No Remarkable Findings,,,,
PC201708,PC201708-3107,3,20 mg/kg PCDRUG,F,20.0,"Bone, Sternum",No Remarkable Findings,,,,
PC201708,PC201708-3107,3,20 mg/kg PCDRUG,F,20.0,Brain,No Remarkable Findings,,,,
PC201708,PC201708-3107,3,20 mg/kg PCDRUG,F,20.0,Esophagus,No Remarkable Findings,,,,
PC201708,PC201708-3107,3,20 mg/kg PCDRUG,F,20.0,Eye,No Remarkable Findings,,,,
PC201708,PC201708-3107,3,20 mg/kg PCDRUG,F,20.0,"Gland, Adrenal",No Remarkable Findings,,,,
PC201708,PC201708-3107,3,20 mg/kg PCDRUG,F,20.0,"Gland, Harderian",No Remarkable Findings,,,,
PC201708,PC201708-3107,3,20 mg/kg PCDRUG,F,20.0,"Gland, Mammary",No Remarkable Findings,,,,
PC201708,PC201708-3107,3,20 mg/kg PCDRUG,F,20.0,"Gland, Parathyroid",No Remarkable Findings,,,,
PC201708,PC201708-3107,3,20 mg/kg PCDRUG,F,20.0,"Gland, Pituitary",No Remarkable Findings,,,,
PC201708,PC201708-3107,3,20 mg/kg PCDRUG,F,20.0,"Gland, Salivary, Parotid",Metaplasia,1,Mild,mucinous; multifocal,
PC201708,PC201708-3107,3,20 mg/kg PCDRUG,F,20.0,"Gland, Salivary, Sublingual",No Remarkable Findings,,,,
PC201708,PC201708-3107,3,20 mg/kg PCDRUG,F,20.0,"Gland, Salivary, Submandibular",No Remarkable Findings,,,,
PC201708,PC201708-3107,3,20 mg/kg PCDRUG,F,20.0,"Gland, Thyroid",No Remarkable Findings,,,,
PC201708,PC201708-3107,3,20 mg/kg PCDRUG,F,20.0,Heart,No Remarkable Findings,,,,
PC201708,PC201708-3107,3,20 mg/kg PCDRUG,F,20.0,"Joint, Hip",No Remarkable Findings,,,,
PC201708,PC201708-3107,3,20 mg/kg PCDRUG,F,20.0,Kidney,No Remarkable Findings,,,,
PC201708,PC201708-3107,3,20 mg/kg PCDRUG,F,20.0,"Large Intestine, Cecum",No Remarkable Findings,,,,
PC201708,PC201708-3107,3,20 mg/kg PCDRUG,F,20.0,"Large Intestine, Colon",No Remarkable Findings,,,,
PC201708,PC201708-3107,3,20 mg/kg PCDRUG,F,20.0,"Large Intestine, Rectum",No Remarkable Findings,,,,
PC201708,PC201708-3107,3,20 mg/kg PCDRUG,F,20.0,Larynx,Inflammation,1,Mild,chronic; focal; laryngeal glands,
PC201708,PC201708-3107,3,20 mg/kg PCDRUG,F,20.0,Liver,Inflammation,1,Mild,chronic; triade; focal,
PC201708,PC201708-3107,3,20 mg/kg PCDRUG,F,20.0,Liver,Necrosis,1,Mild,multifocal,
PC201708,PC201708-3107,3,20 mg/kg PCDRUG,F,20.0,Liver,Necrosis,1,Mild,focal,
PC201708,PC201708-3107,3,20 mg/kg PCDRUG,F,20.0,Lung,Infiltration Granulocytic,1,Mild,perivascular; focal,
PC201708,PC201708-3107,3,20 mg/kg PCDRUG,F,20.0,"Lymph Node, Mesenteric",No Remarkable Findings,,,,
PC201708,PC201708-3107,3,20 mg/kg PCDRUG,F,20.0,"Lymph Node, Popliteal",No Remarkable Findings,,,,
PC201708,PC201708-3107,3,20 mg/kg PCDRUG,F,20.0,"Muscle, Quadriceps Femoris",No Remarkable Findings,,,,
PC201708,PC201708-3107,3,20 mg/kg PCDRUG,F,20.0,"Nerve, Optic",No Remarkable Findings,,,,
PC201708,PC201708-3107,3,20 mg/kg PCDRUG,F,20.0,"Nerve, Sciatic",No Remarkable Findings,,,,
PC201708,PC201708-3107,3,20 mg/kg PCDRUG,F,20.0,Pancreas,No Remarkable Findings,,,,
PC201708,PC201708-3107,3,20 mg/kg PCDRUG,F,20.0,Peyer'S Patch,No Remarkable Findings,,,,
PC201708,PC201708-3107,3,20 mg/kg PCDRUG,F,20.0,Skin,No Remarkable Findings,,,,
PC201708,PC201708-3107,3,20 mg/kg PCDRUG,F,20.0,"Small Intestine, Duodenum",No Remarkable Findings,,,,
PC201708,PC201708-3107,3,20 mg/kg PCDRUG,F,20.0,"Small Intestine, Ileum",No Remarkable Findings,,,,
PC201708,PC201708-3107,3,20 mg/kg PCDRUG,F,20.0,"Small Intestine, Jejunum",No Remarkable Findings,,,,
PC201708,PC201708-3107,3,20 mg/kg PCDRUG,F,20.0,"Spinal Cord, Cervical",No Remarkable Findings,,,,
PC201708,PC201708-3107,3,20 mg/kg PCDRUG,F,20.0,"Spinal Cord, Lumbar",No Remarkable Findings,,,,
PC201708,PC201708-3107,3,20 mg/kg PCDRUG,F,20.0,"Spinal Cord, Thoracic",No Remarkable Findings,,,,
PC201708,PC201708-3107,3,20 mg/kg PCDRUG,F,20.0,Spleen,No Remarkable Findings,,,,
PC201708,PC201708-3107,3,20 mg/kg PCDRUG,F,20.0,Stomach,No Remarkable Findings,,,,
PC201708,PC201708-3107,3,20 mg/kg PCDRUG,F,20.0,Thymus,No Remarkable Findings,,,,
PC201708,PC201708-3107,3,20 mg/kg PCDRUG,F,20.0,Tongue,No Remarkable Findings,,,,
PC201708,PC201708-3107,3,20 mg/kg PCDRUG,F,20.0,Trachea,No Remarkable Findings,,,,
PC201708,PC201708-3107,3,20 mg/kg PCDRUG,F,20.0,Ureter,No Remarkable Findings,,,,
PC201708,PC201708-3107,3,20 mg/kg PCDRUG,F,20.0,Urinary Bladder,No Remarkable Findings,,,,
PC201708,PC201708-3107,3,20 mg/kg PCDRUG,F,20.0,Uterus,No Remarkable Findings,,,,
PC201708,PC201708-3108,3,20 mg/kg PCDRUG,F,20.0,"Artery, Aorta",No Remarkable Findings,,,,
PC201708,PC201708-3108,3,20 mg/kg PCDRUG,F,20.0,"Bone Marrow, Femur",No Remarkable Findings,,,,
PC201708,PC201708-3108,3,20 mg/kg PCDRUG,F,20.0,"Bone Marrow, Sternum",No Remarkable Findings,,,,
PC201708,PC201708-3108,3,20 mg/kg PCDRUG,F,20.0,"Bone, Sternum",No Remarkable Findings,,,,
PC201708,PC201708-3108,3,20 mg/kg PCDRUG,F,20.0,Brain,No Remarkable Findings,,,,
PC201708,PC201708-3108,3,20 mg/kg PCDRUG,F,20.0,Esophagus,No Remarkable Findings,,,,
PC201708,PC201708-3108,3,20 mg/kg PCDRUG,F,20.0,Eye,No Remarkable Findings,,,,
PC201708,PC201708-3108,3,20 mg/kg PCDRUG,F,20.0,"Gland, Adrenal",No Remarkable Findings,,,,
PC201708,PC201708-3108,3,20 mg/kg PCDRUG,F,20.0,"Gland, Harderian",No Remarkable Findings,,,,
PC201708,PC201708-3108,3,20 mg/kg PCDRUG,F,20.0,"Gland, Mammary",No Remarkable Findings,,,,
PC201708,PC201708-3108,3,20 mg/kg PCDRUG,F,20.0,"Gland, Parathyroid",No Remarkable Findings,,,,
PC201708,PC201708-3108,3,20 mg/kg PCDRUG,F,20.0,"Gland, Pituitary",No Remarkable Findings,,,,
PC201708,PC201708-3108,3,20 mg/kg PCDRUG,F,20.0,"Gland, Salivary, Parotid",No Remarkable Findings,,,,
PC201708,PC201708-3108,3,20 mg/kg PCDRUG,F,20.0,"Gland, Salivary, Sublingual",No Remarkable Findings,,,,
PC201708,PC201708-3108,3,20 mg/kg PCDRUG,F,20.0,"Gland, Salivary, Submandibular",No Remarkable Findings,,,,
PC201708,PC201708-3108,3,20 mg/kg PCDRUG,F,20.0,"Gland, Thyroid",No Remarkable Findings,,,,
PC201708,PC201708-3108,3,20 mg/kg PCDRUG,F,20.0,Heart,Inflammation,1,Mild,chronic; myocardium; focal; right ventricle,
PC201708,PC201708-3108,3,20 mg/kg PCDRUG,F,20.0,"Joint, Hip",No Remarkable Findings,,,,
PC201708,PC201708-3108,3,20 mg/kg PCDRUG,F,20.0,Kidney,No Remarkable Findings,,,,
PC201708,PC201708-3108,3,20 mg/kg PCDRUG,F,20.0,"Large Intestine, Cecum",No Remarkable Findings,,,,
PC201708,PC201708-3108,3,20 mg/kg PCDRUG,F,20.0,"Large Intestine, Colon",No Remarkable Findings,,,,
PC201708,PC201708-3108,3,20 mg/kg PCDRUG,F,20.0,"Large Intestine, Rectum",No Remarkable Findings,,,,
PC201708,PC201708-3108,3,20 mg/kg PCDRUG,F,20.0,Larynx,No Remarkable Findings,,,,
PC201708,PC201708-3108,3,20 mg/kg PCDRUG,F,20.0,Liver,Necrosis,1,Mild,multifocal,
PC201708,PC201708-3108,3,20 mg/kg PCDRUG,F,20.0,Lung,Inflammation,1,Mild,chronic; multifocal,
PC201708,PC201708-3108,3,20 mg/kg PCDRUG,F,20.0,"Lymph Node, Mesenteric",No Remarkable Findings,,,,
PC201708,PC201708-3108,3,20 mg/kg PCDRUG,F,20.0,"Lymph Node, Popliteal",No Remarkable Findings,,,,
PC201708,PC201708-3108,3,20 mg/kg PCDRUG,F,20.0,"Muscle, Quadriceps Femoris",No Remarkable Findings,,,,
PC201708,PC201708-3108,3,20 mg/kg PCDRUG,F,20.0,"Nerve, Optic",No Remarkable Findings,,,,
PC201708,PC201708-3108,3,20 mg/kg PCDRUG,F,20.0,"Nerve, Sciatic",No Remarkable Findings,,,,
PC201708,PC201708-3108,3,20 mg/kg PCDRUG,F,20.0,Pancreas,No Remarkable Findings,,,,
PC201708,PC201708-3108,3,20 mg/kg PCDRUG,F,20.0,Peyer'S Patch,Mineralization,1,Mild,multifocal,
PC201708,PC201708-3108,3,20 mg/kg PCDRUG,F,20.0,Skin,No Remarkable Findings,,,,
PC201708,PC201708-3108,3,20 mg/kg PCDRUG,F,20.0,"Small Intestine, Duodenum",No Remarkable Findings,,,,
PC201708,PC201708-3108,3,20 mg/kg PCDRUG,F,20.0,"Small Intestine, Ileum",No Remarkable Findings,,,,
PC201708,PC201708-3108,3,20 mg/kg PCDRUG,F,20.0,"Small Intestine, Jejunum",No Remarkable Findings,,,,
PC201708,PC201708-3108,3,20 mg/kg PCDRUG,F,20.0,"Spinal Cord, Cervical",No Remarkable Findings,,,,
PC201708,PC201708-3108,3,20 mg/kg PCDRUG,F,20.0,"Spinal Cord, Lumbar",No Remarkable Findings,,,,
PC201708,PC201708-3108,3,20 mg/kg PCDRUG,F,20.0,"Spinal Cord, Thoracic",No Remarkable Findings,,,,
PC201708,PC201708-3108,3,20 mg/kg PCDRUG,F,20.0,Spleen,Congestion,1,Mild,red pulp; diffuse,
PC201708,PC201708-3108,3,20 mg/kg PCDRUG,F,20.0,Spleen,Pigmentation,1,Mild,red pulp; diffuse,
PC201708,PC201708-3108,3,20 mg/kg PCDRUG,F,20.0,Stomach,No Remarkable Findings,,,,
PC201708,PC201708-3108,3,20 mg/kg PCDRUG,F,20.0,Thymus,No Remarkable Findings,,,,
PC201708,PC201708-3108,3,20 mg/kg PCDRUG,F,20.0,Tongue,No Remarkable Findings,,,,
PC201708,PC201708-3108,3,20 mg/kg PCDRUG,F,20.0,Trachea,No Remarkable Findings,,,,
PC201708,PC201708-3108,3,20 mg/kg PCDRUG,F,20.0,Ureter,No Remarkable Findings,,,,
PC201708,PC201708-3108,3,20 mg/kg PCDRUG,F,20.0,Urinary Bladder,No Remarkable Findings,,,,
PC201708,PC201708-3108,3,20 mg/kg PCDRUG,F,20.0,Uterus,No Remarkable Findings,,,,
PC201708,PC201708-3109,3,20 mg/kg PCDRUG,F,20.0,"Artery, Aorta",No Remarkable Findings,,,,
PC201708,PC201708-3109,3,20 mg/kg PCDRUG,F,20.0,"Bone Marrow, Femur",No Remarkable Findings,,,,
PC201708,PC201708-3109,3,20 mg/kg PCDRUG,F,20.0,"Bone Marrow, Sternum",No Remarkable Findings,,,,
PC201708,PC201708-3109,3,20 mg/kg PCDRUG,F,20.0,"Bone, Sternum",No Remarkable Findings,,,,
PC201708,PC201708-3109,3,20 mg/kg PCDRUG,F,20.0,Brain,No Remarkable Findings,,,,
PC201708,PC201708-3109,3,20 mg/kg PCDRUG,F,20.0,Esophagus,No Remarkable Findings,,,,
PC201708,PC201708-3109,3,20 mg/kg PCDRUG,F,20.0,Eye,No Remarkable Findings,,,,
PC201708,PC201708-3109,3,20 mg/kg PCDRUG,F,20.0,"Gland, Adrenal",No Remarkable Findings,,,,
PC201708,PC201708-3109,3,20 mg/kg PCDRUG,F,20.0,"Gland, Harderian",No Remarkable Findings,,,,
PC201708,PC201708-3109,3,20 mg/kg PCDRUG,F,20.0,"Gland, Mammary",No Remarkable Findings,,,,
PC201708,PC201708-3109,3,20 mg/kg PCDRUG,F,20.0,"Gland, Parathyroid",No Remarkable Findings,,,,
PC201708,PC201708-3109,3,20 mg/kg PCDRUG,F,20.0,"Gland, Pituitary",No Remarkable Findings,,,,
PC201708,PC201708-3109,3,20 mg/kg PCDRUG,F,20.0,"Gland, Salivary, Parotid",No Remarkable Findings,,,,
PC201708,PC201708-3109,3,20 mg/kg PCDRUG,F,20.0,"Gland, Salivary, Sublingual",No Remarkable Findings,,,,
PC201708,PC201708-3109,3,20 mg/kg PCDRUG,F,20.0,"Gland, Salivary, Submandibular",No Remarkable Findings,,,,
PC201708,PC201708-3109,3,20 mg/kg PCDRUG,F,20.0,"Gland, Thyroid",No Remarkable Findings,,,,
PC201708,PC201708-3109,3,20 mg/kg PCDRUG,F,20.0,Heart,No Remarkable Findings,,,,
PC201708,PC201708-3109,3,20 mg/kg PCDRUG,F,20.0,"Joint, Hip",No Remarkable Findings,,,,
PC201708,PC201708-3109,3,20 mg/kg PCDRUG,F,20.0,Kidney,Basophilic Tubules,1,Mild,cortex; focal/multifocal,
PC201708,PC201708-3109,3,20 mg/kg PCDRUG,F,20.0,"Large Intestine, Cecum",No Remarkable Findings,,,,
PC201708,PC201708-3109,3,20 mg/kg PCDRUG,F,20.0,"Large Intestine, Colon",No Remarkable Findings,,,,
PC201708,PC201708-3109,3,20 mg/kg PCDRUG,F,20.0,"Large Intestine, Rectum",No Remarkable Findings,,,,
PC201708,PC201708-3109,3,20 mg/kg PCDRUG,F,20.0,Larynx,No Remarkable Findings,,,,
PC201708,PC201708-3109,3,20 mg/kg PCDRUG,F,20.0,Liver,No Remarkable Findings,,,,
PC201708,PC201708-3109,3,20 mg/kg PCDRUG,F,20.0,Lung,Macrophages Intra-Alveolar,1,Mild,focal/multifocal,
PC201708,PC201708-3109,3,20 mg/kg PCDRUG,F,20.0,"Lymph Node, Mesenteric",No Remarkable Findings,,,,
PC201708,PC201708-3109,3,20 mg/kg PCDRUG,F,20.0,"Lymph Node, Popliteal",No Remarkable Findings,,,,
PC201708,PC201708-3109,3,20 mg/kg PCDRUG,F,20.0,"Muscle, Quadriceps Femoris",No Remarkable Findings,,,,
PC201708,PC201708-3109,3,20 mg/kg PCDRUG,F,20.0,"Nerve, Optic",No Remarkable Findings,,,,
PC201708,PC201708-3109,3,20 mg/kg PCDRUG,F,20.0,"Nerve, Sciatic",No Remarkable Findings,,,,
PC201708,PC201708-3109,3,20 mg/kg PCDRUG,F,20.0,Pancreas,No Remarkable Findings,,,,
PC201708,PC201708-3109,3,20 mg/kg PCDRUG,F,20.0,Peyer'S Patch,No Remarkable Findings,,,,
PC201708,PC201708-3109,3,20 mg/kg PCDRUG,F,20.0,Skin,No Remarkable Findings,,,,
PC201708,PC201708-3109,3,20 mg/kg PCDRUG,F,20.0,"Small Intestine, Duodenum",No Remarkable Findings,,,,
PC201708,PC201708-3109,3,20 mg/kg PCDRUG,F,20.0,"Small Intestine, Ileum",No Remarkable Findings,,,,
PC201708,PC201708-3109,3,20 mg/kg PCDRUG,F,20.0,"Small Intestine, Jejunum",No Remarkable Findings,,,,
PC201708,PC201708-3109,3,20 mg/kg PCDRUG,F,20.0,"Spinal Cord, Cervical",No Remarkable Findings,,,,
PC201708,PC201708-3109,3,20 mg/kg PCDRUG,F,20.0,"Spinal Cord, Lumbar",No Remarkable Findings,,,,
PC201708,PC201708-3109,3,20 mg/kg PCDRUG,F,20.0,"Spinal Cord, Thoracic",No Remarkable Findings,,,,
PC201708,PC201708-3109,3,20 mg/kg PCDRUG,F,20.0,Spleen,Congestion,1,Mild,red pulp; diffuse,
PC201708,PC201708-3109,3,20 mg/kg PCDRUG,F,20.0,Spleen,Pigmentation,1,Mild,red pulp; diffuse,
PC201708,PC201708-3109,3,20 mg/kg PCDRUG,F,20.0,Stomach,No Remarkable Findings,,,,
PC201708,PC201708-3109,3,20 mg/kg PCDRUG,F,20.0,Thymus,No Remarkable Findings,,,,
PC201708,PC201708-3109,3,20 mg/kg PCDRUG,F,20.0,Tongue,No Remarkable Findings,,,,
PC201708,PC201708-3109,3,20 mg/kg PCDRUG,F,20.0,Trachea,No Remarkable Findings,,,,
PC201708,PC201708-3109,3,20 mg/kg PCDRUG,F,20.0,Ureter,No Remarkable Findings,,,,
PC201708,PC201708-3109,3,20 mg/kg PCDRUG,F,20.0,Urinary Bladder,No Remarkable Findings,,,,
PC201708,PC201708-3109,3,20 mg/kg PCDRUG,F,20.0,Uterus,No Remarkable Findings,,,,
PC201708,PC201708-3110,3,20 mg/kg PCDRUG,F,20.0,"Artery, Aorta",No Remarkable Findings,,,,
PC201708,PC201708-3110,3,20 mg/kg PCDRUG,F,20.0,"Bone Marrow, Femur",Fat Vacuoles,1,Mild,diffuse,
PC201708,PC201708-3110,3,20 mg/kg PCDRUG,F,20.0,"Bone Marrow, Sternum",No Remarkable Findings,,,,
PC201708,PC201708-3110,3,20 mg/kg PCDRUG,F,20.0,"Bone, Sternum",No Remarkable Findings,,,,
PC201708,PC201708-3110,3,20 mg/kg PCDRUG,F,20.0,Brain,No Remarkable Findings,,,,
PC201708,PC201708-3110,3,20 mg/kg PCDRUG,F,20.0,Esophagus,No Remarkable Findings,,,,
PC201708,PC201708-3110,3,20 mg/kg PCDRUG,F,20.0,Eye,No Remarkable Findings,,,,
PC201708,PC201708-3110,3,20 mg/kg PCDRUG,F,20.0,"Gland, Adrenal",No Remarkable Findings,,,,
PC201708,PC201708-3110,3,20 mg/kg PCDRUG,F,20.0,"Gland, Harderian",No Remarkable Findings,,,,
PC201708,PC201708-3110,3,20 mg/kg PCDRUG,F,20.0,"Gland, Mammary",No Remarkable Findings,,,,
PC201708,PC201708-3110,3,20 mg/kg PCDRUG,F,20.0,"Gland, Parathyroid",No Remarkable Findings,,,,
PC201708,PC201708-3110,3,20 mg/kg PCDRUG,F,20.0,"Gland, Pituitary",No Remarkable Findings,,,,
PC201708,PC201708-3110,3,20 mg/kg PCDRUG,F,20.0,"Gland, Salivary, Parotid",No Remarkable Findings,,,,
PC201708,PC201708-3110,3,20 mg/kg PCDRUG,F,20.0,"Gland, Salivary, Sublingual",No Remarkable Findings,,,,
PC201708,PC201708-3110,3,20 mg/kg PCDRUG,F,20.0,"Gland, Salivary, Submandibular",No Remarkable Findings,,,,
PC201708,PC201708-3110,3,20 mg/kg PCDRUG,F,20.0,"Gland, Thyroid",No Remarkable Findings,,,,
PC201708,PC201708-3110,3,20 mg/kg PCDRUG,F,20.0,Heart,Inflammation,1,Mild,chronic; myocardium; focal; left ventricle,
PC201708,PC201708-3110,3,20 mg/kg PCDRUG,F,20.0,"Joint, Hip",No Remarkable Findings,,,,
PC201708,PC201708-3110,3,20 mg/kg PCDRUG,F,20.0,Kidney,No Remarkable Findings,,,,
PC201708,PC201708-3110,3,20 mg/kg PCDRUG,F,20.0,"Large Intestine, Cecum",No Remarkable Findings,,,,
PC201708,PC201708-3110,3,20 mg/kg PCDRUG,F,20.0,"Large Intestine, Colon",No Remarkable Findings,,,,
PC201708,PC201708-3110,3,20 mg/kg PCDRUG,F,20.0,"Large Intestine, Rectum",No Remarkable Findings,,,,
PC201708,PC201708-3110,3,20 mg/kg PCDRUG,F,20.0,Larynx,No Remarkable Findings,,,,
PC201708,PC201708-3110,3,20 mg/kg PCDRUG,F,20.0,Liver,Necrosis,1,Mild,multifocal,
PC201708,PC201708-3110,3,20 mg/kg PCDRUG,F,20.0,Lung,No Remarkable Findings,,,,
PC201708,PC201708-3110,3,20 mg/kg PCDRUG,F,20.0,"Lymph Node, Mesenteric",No Remarkable Findings,,,,
PC201708,PC201708-3110,3,20 mg/kg PCDRUG,F,20.0,"Lymph Node, Popliteal",No Remarkable Findings,,,,
PC201708,PC201708-3110,3,20 mg/kg PCDRUG,F,20.0,"Muscle, Quadriceps Femoris",Inflammation,1,Mild,chronic; interstitium; focal,
PC201708,PC201708-3110,3,20 mg/kg PCDRUG,F,20.0,"Nerve, Optic",No Remarkable Findings,,,,
PC201708,PC201708-3110,3,20 mg/kg PCDRUG,F,20.0,"Nerve, Sciatic",No Remarkable Findings,,,,
PC201708,PC201708-3110,3,20 mg/kg PCDRUG,F,20.0,Pancreas,No Remarkable Findings,,,,
PC201708,PC201708-3110,3,20 mg/kg PCDRUG,F,20.0,Peyer'S Patch,No Remarkable Findings,,,,
PC201708,PC201708-3110,3,20 mg/kg PCDRUG,F,20.0,Skin,No Remarkable Findings,,,,
PC201708,PC201708-3110,3,20 mg/kg PCDRUG,F,20.0,"Small Intestine, Duodenum",No Remarkable Findings,,,,
PC201708,PC201708-3110,3,20 mg/kg PCDRUG,F,20.0,"Small Intestine, Ileum",No Remarkable Findings,,,,
PC201708,PC201708-3110,3,20 mg/kg PCDRUG,F,20.0,"Small Intestine, Jejunum",No Remarkable Findings,,,,
PC201708,PC201708-3110,3,20 mg/kg PCDRUG,F,20.0,"Spinal Cord, Cervical",No Remarkable Findings,,,,
PC201708,PC201708-3110,3,20 mg/kg PCDRUG,F,20.0,"Spinal Cord, Lumbar",No Remarkable Findings,,,,
PC201708,PC201708-3110,3,20 mg/kg PCDRUG,F,20.0,"Spinal Cord, Thoracic",No Remarkable Findings,,,,
PC201708,PC201708-3110,3,20 mg/kg PCDRUG,F,20.0,Spleen,Pigmentation,2,Moderate,red pulp; diffuse,
PC201708,PC201708-3110,3,20 mg/kg PCDRUG,F,20.0,Stomach,No Remarkable Findings,,,,
PC201708,PC201708-3110,3,20 mg/kg PCDRUG,F,20.0,Thymus,No Remarkable Findings,,,,
PC201708,PC201708-3110,3,20 mg/kg PCDRUG,F,20.0,Tongue,No Remarkable Findings,,,,
PC201708,PC201708-3110,3,20 mg/kg PCDRUG,F,20.0,Trachea,No Remarkable Findings,,,,
PC201708,PC201708-3110,3,20 mg/kg PCDRUG,F,20.0,Ureter,No Remarkable Findings,,,,
PC201708,PC201708-3110,3,20 mg/kg PCDRUG,F,20.0,Urinary Bladder,No Remarkable Findings,,,,
PC201708,PC201708-3110,3,20 mg/kg PCDRUG,F,20.0,Uterus,No Remarkable Findings,,,,
PC201708,PC201708-3111,3,20 mg/kg PCDRUG,F,20.0,"Bone Marrow, Sternum",No Remarkable Findings,,,,
PC201708,PC201708-3111,3,20 mg/kg PCDRUG,F,20.0,"Bone, Sternum",No Remarkable Findings,,,,
PC201708,PC201708-3111,3,20 mg/kg PCDRUG,F,20.0,"Gland, Adrenal",No Remarkable Findings,,,,
PC201708,PC201708-3111,3,20 mg/kg PCDRUG,F,20.0,"Gland, Mammary",No Remarkable Findings,,,,
PC201708,PC201708-3111,3,20 mg/kg PCDRUG,F,20.0,"Gland, Thyroid",No Remarkable Findings,,,,
PC201708,PC201708-3111,3,20 mg/kg PCDRUG,F,20.0,Liver,Necrosis,1,Mild,multifocal,
PC201708,PC201708-3111,3,20 mg/kg PCDRUG,F,20.0,Liver,Vacuolization,1,Mild,hepatocellular; diffuse; perilobular,
PC201708,PC201708-3112,3,20 mg/kg PCDRUG,F,20.0,"Bone Marrow, Sternum",No Remarkable Findings,,,,
PC201708,PC201708-3112,3,20 mg/kg PCDRUG,F,20.0,"Bone, Sternum",No Remarkable Findings,,,,
PC201708,PC201708-3112,3,20 mg/kg PCDRUG,F,20.0,"Gland, Adrenal",No Remarkable Findings,,,,
PC201708,PC201708-3112,3,20 mg/kg PCDRUG,F,20.0,"Gland, Mammary",No Remarkable Findings,,,,
PC201708,PC201708-3112,3,20 mg/kg PCDRUG,F,20.0,"Gland, Thyroid",No Remarkable Findings,,,,
PC201708,PC201708-3112,3,20 mg/kg PCDRUG,F,20.0,Liver,Necrosis,1,Mild,multifocal,
PC201708,PC201708-3112,3,20 mg/kg PCDRUG,F,20.0,Liver,Vacuolization,1,Mild,hepatocellular; perilobular,
PC201708,PC201708-3113,3,20 mg/kg PCDRUG,F,20.0,"Bone Marrow, Sternum",No Remarkable Findings,,,,
PC201708,PC201708-3113,3,20 mg/kg PCDRUG,F,20.0,"Bone, Sternum",No Remarkable Findings,,,,
PC201708,PC201708-3113,3,20 mg/kg PCDRUG,F,20.0,"Gland, Adrenal",No Remarkable Findings,,,,
PC201708,PC201708-3113,3,20 mg/kg PCDRUG,F,20.0,"Gland, Mammary",No Remarkable Findings,,,,
PC201708,PC201708-3113,3,20 mg/kg PCDRUG,F,20.0,"Gland, Thyroid",No Remarkable Findings,,,,
PC201708,PC201708-3113,3,20 mg/kg PCDRUG,F,20.0,Liver,Hypertrophy,1,Mild,multifocal,
PC201708,PC201708-3114,3,20 mg/kg PCDRUG,F,20.0,"Bone Marrow, Sternum",No Remarkable Findings,,,,
PC201708,PC201708-3114,3,20 mg/kg PCDRUG,F,20.0,"Bone, Sternum",No Remarkable Findings,,,,
PC201708,PC201708-3114,3,20 mg/kg PCDRUG,F,20.0,"Gland, Adrenal",Vacuolization,1,Mild,cortex; diffuse,
PC201708,PC201708-3114,3,20 mg/kg PCDRUG,F,20.0,"Gland, Mammary",No Remarkable Findings,,,,
PC201708,PC201708-3114,3,20 mg/kg PCDRUG,F,20.0,"Gland, Thyroid",No Remarkable Findings,,,,
PC201708,PC201708-3114,3,20 mg/kg PCDRUG,F,20.0,Liver,Necrosis,1,Mild,multifocal,
PC201708,PC201708-3114,3,20 mg/kg PCDRUG,F,20.0,Liver,Vacuolization,1,Mild,hepatocellular; diffuse; perilobular,
PC201708,PC201708-3115,3,20 mg/kg PCDRUG,F,20.0,"Bone Marrow, Sternum",No Remarkable Findings,,,,
PC201708,PC201708-3115,3,20 mg/kg PCDRUG,F,20.0,"Bone, Sternum",No Remarkable Findings,,,,
PC201708,PC201708-3115,3,20 mg/kg PCDRUG,F,20.0,"Gland, Adrenal",Hypertrophy,1,Mild,zona glomerulosa; focal/multifocal,
PC201708,PC201708-3115,3,20 mg/kg PCDRUG,F,20.0,"Gland, Mammary",No Remarkable Findings,,,,
PC201708,PC201708-3115,3,20 mg/kg PCDRUG,F,20.0,"Gland, Thyroid",No Remarkable Findings,,,,
PC201708,PC201708-3115,3,20 mg/kg PCDRUG,F,20.0,Liver,Vacuolization,1,Mild,hepatocellular; diffuse; perilobular,
PC201708,PC201708-3115,3,20 mg/kg PCDRUG,F,20.0,Lung,Inflammation,2,Moderate,chronic; multifocal,
PC201708,PC201708-4001,4,200 mg/kg PCDRUG,M,200.0,"Artery, Aorta",No Remarkable Findings,,,,
PC201708,PC201708-4001,4,200 mg/kg PCDRUG,M,200.0,"Bone Marrow, Femur",No Remarkable Findings,,,,
PC201708,PC201708-4001,4,200 mg/kg PCDRUG,M,200.0,"Bone Marrow, Sternum",No Remarkable Findings,,,,
PC201708,PC201708-4001,4,200 mg/kg PCDRUG,M,200.0,"Bone, Sternum",No Remarkable Findings,,,,
PC201708,PC201708-4001,4,200 mg/kg PCDRUG,M,200.0,Brain,No Remarkable Findings,,,,
PC201708,PC201708-4001,4,200 mg/kg PCDRUG,M,200.0,Epididymis,No Remarkable Findings,,,,
PC201708,PC201708-4001,4,200 mg/kg PCDRUG,M,200.0,Esophagus,No Remarkable Findings,,,,
PC201708,PC201708-4001,4,200 mg/kg PCDRUG,M,200.0,Eye,No Remarkable Findings,,,,
PC201708,PC201708-4001,4,200 mg/kg PCDRUG,M,200.0,"Gland, Adrenal",Vacuolization,1,Mild,cortex; diffuse,
PC201708,PC201708-4001,4,200 mg/kg PCDRUG,M,200.0,"Gland, Coagulating",No Remarkable Findings,,,,
PC201708,PC201708-4001,4,200 mg/kg PCDRUG,M,200.0,"Gland, Harderian",Dilatation,1,Mild,acinus(i); focal,
PC201708,PC201708-4001,4,200 mg/kg PCDRUG,M,200.0,"Gland, Mammary",Atrophy,2,Moderate,fat,
PC201708,PC201708-4001,4,200 mg/kg PCDRUG,M,200.0,"Gland, Parathyroid",No Remarkable Findings,,,,
PC201708,PC201708-4001,4,200 mg/kg PCDRUG,M,200.0,"Gland, Pituitary",No Remarkable Findings,,,,
PC201708,PC201708-4001,4,200 mg/kg PCDRUG,M,200.0,"Gland, Prostate",Inflammation,1,Mild,chronic; ventral,
PC201708,PC201708-4001,4,200 mg/kg PCDRUG,M,200.0,"Gland, Salivary, Parotid",Metaplasia,1,Mild,mucinous,
PC201708,PC201708-4001,4,200 mg/kg PCDRUG,M,200.0,"Gland, Salivary, Sublingual",No Remarkable Findings,,,,
PC201708,PC201708-4001,4,200 mg/kg PCDRUG,M,200.0,"Gland, Salivary, Submandibular",No Remarkable Findings,,,,
PC201708,PC201708-4001,4,200 mg/kg PCDRUG,M,200.0,"Gland, Seminal Vesicle",No Remarkable Findings,,,,
PC201708,PC201708-4001,4,200 mg/kg PCDRUG,M,200.0,"Gland, Thyroid",No Remarkable Findings,,,,
PC201708,PC201708-4001,4,200 mg/kg PCDRUG,M,200.0,Heart,No Remarkable Findings,,,,
PC201708,PC201708-4001,4,200 mg/kg PCDRUG,M,200.0,"Joint, Hip",No Remarkable Findings,,,,
PC201708,PC201708-4001,4,200 mg/kg PCDRUG,M,200.0,Kidney,No Remarkable Findings,,,,
PC201708,PC201708-4001,4,200 mg/kg PCDRUG,M,200.0,"Large Intestine, Cecum",No Remarkable Findings,,,,
PC201708,PC201708-4001,4,200 mg/kg PCDRUG,M,200.0,"Large Intestine, Colon",No Remarkable Findings,,,,
PC201708,PC201708-4001,4,200 mg/kg PCDRUG,M,200.0,"Large Intestine, Rectum",No Remarkable Findings,,,,
PC201708,PC201708-4001,4,200 mg/kg PCDRUG,M,200.0,Larynx,No Remarkable Findings,,,,
PC201708,PC201708-4001,4,200 mg/kg PCDRUG,M,200.0,Liver,Hypertrophy,1,Mild,hepatocellular; diffuse,
PC201708,PC201708-4001,4,200 mg/kg PCDRUG,M,200.0,Lung,Macrophages Intra-Alveolar,1,Mild,focal/multifocal; foamy,
PC201708,PC201708-4001,4,200 mg/kg PCDRUG,M,200.0,"Lymph Node, Mesenteric",No Remarkable Findings,,,,
PC201708,PC201708-4001,4,200 mg/kg PCDRUG,M,200.0,"Lymph Node, Popliteal",No Remarkable Findings,,,,
PC201708,PC201708-4001,4,200 mg/kg PCDRUG,M,200.0,"Muscle, Quadriceps Femoris",No Remarkable Findings,,,,
PC201708,PC201708-4001,4,200 mg/kg PCDRUG,M,200.0,"Nerve, Optic",No Remarkable Findings,,,,
PC201708,PC201708-4001,4,200 mg/kg PCDRUG,M,200.0,"Nerve, Sciatic",No Remarkable Findings,,,,
PC201708,PC201708-4001,4,200 mg/kg PCDRUG,M,200.0,Pancreas,Inflammation,2,Moderate,chronic; multifocal; atrophic,
PC201708,PC201708-4001,4,200 mg/kg PCDRUG,M,200.0,Peyer'S Patch,No Remarkable Findings,,,,
PC201708,PC201708-4001,4,200 mg/kg PCDRUG,M,200.0,Skin,No Remarkable Findings,,,,
PC201708,PC201708-4001,4,200 mg/kg PCDRUG,M,200.0,"Small Intestine, Duodenum",No Remarkable Findings,,,,
PC201708,PC201708-4001,4,200 mg/kg PCDRUG,M,200.0,"Small Intestine, Ileum",No Remarkable Findings,,,,
PC201708,PC201708-4001,4,200 mg/kg PCDRUG,M,200.0,"Small Intestine, Jejunum",No Remarkable Findings,,,,
PC201708,PC201708-4001,4,200 mg/kg PCDRUG,M,200.0,"Spinal Cord, Cervical",No Remarkable Findings,,,,
PC201708,PC201708-4001,4,200 mg/kg PCDRUG,M,200.0,"Spinal Cord, Lumbar",No Remarkable Findings,,,,
PC201708,PC201708-4001,4,200 mg/kg PCDRUG,M,200.0,"Spinal Cord, Thoracic",No Remarkable Findings,,,,
PC201708,PC201708-4001,4,200 mg/kg PCDRUG,M,200.0,Spleen,Congestion,1,Mild,red pulp; diffuse,
PC201708,PC201708-4001,4,200 mg/kg PCDRUG,M,200.0,Spleen,Pigmentation,1,Mild,red pulp; diffuse,
PC201708,PC201708-4001,4,200 mg/kg PCDRUG,M,200.0,Stomach,No Remarkable Findings,,,,
PC201708,PC201708-4001,4,200 mg/kg PCDRUG,M,200.0,Testis,No Remarkable Findings,,,,
PC201708,PC201708-4001,4,200 mg/kg PCDRUG,M,200.0,Thymus,No Remarkable Findings,,,,
PC201708,PC201708-4001,4,200 mg/kg PCDRUG,M,200.0,Tongue,Hemorrhage,1,Mild,,
PC201708,PC201708-4001,4,200 mg/kg PCDRUG,M,200.0,Trachea,No Remarkable Findings,,,,
PC201708,PC201708-4001,4,200 mg/kg PCDRUG,M,200.0,Ureter,No Remarkable Findings,,,,
PC201708,PC201708-4001,4,200 mg/kg PCDRUG,M,200.0,Urinary Bladder,No Remarkable Findings,,,,
PC201708,PC201708-4002,4,200 mg/kg PCDRUG,M,200.0,"Artery, Aorta",No Remarkable Findings,,,,
PC201708,PC201708-4002,4,200 mg/kg PCDRUG,M,200.0,"Bone Marrow, Femur",No Remarkable Findings,,,,
PC201708,PC201708-4002,4,200 mg/kg PCDRUG,M,200.0,"Bone Marrow, Sternum",No Remarkable Findings,,,,
PC201708,PC201708-4002,4,200 mg/kg PCDRUG,M,200.0,"Bone, Sternum",No Remarkable Findings,,,,
PC201708,PC201708-4002,4,200 mg/kg PCDRUG,M,200.0,Brain,No Remarkable Findings,,,,
PC201708,PC201708-4002,4,200 mg/kg PCDRUG,M,200.0,Epididymis,No Remarkable Findings,,,,
PC201708,PC201708-4002,4,200 mg/kg PCDRUG,M,200.0,Esophagus,No Remarkable Findings,,,,
PC201708,PC201708-4002,4,200 mg/kg PCDRUG,M,200.0,Eye,Retinal Fold,1,Mild,single,
PC201708,PC201708-4002,4,200 mg/kg PCDRUG,M,200.0,"Gland, Adrenal",Hemorrhage,1,Mild,cortex; focal,
PC201708,PC201708-4002,4,200 mg/kg PCDRUG,M,200.0,"Gland, Adrenal",Vacuolization,1,Mild,cortex; diffuse,
PC201708,PC201708-4002,4,200 mg/kg PCDRUG,M,200.0,"Gland, Coagulating",No Remarkable Findings,,,,
PC201708,PC201708-4002,4,200 mg/kg PCDRUG,M,200.0,"Gland, Harderian",No Remarkable Findings,,,,
PC201708,PC201708-4002,4,200 mg/kg PCDRUG,M,200.0,"Gland, Mammary",Atrophy,2,Moderate,fat,
PC201708,PC201708-4002,4,200 mg/kg PCDRUG,M,200.0,"Gland, Parathyroid",No Remarkable Findings,,,,
PC201708,PC201708-4002,4,200 mg/kg PCDRUG,M,200.0,"Gland, Pituitary",No Remarkable Findings,,,,
PC201708,PC201708-4002,4,200 mg/kg PCDRUG,M,200.0,"Gland, Prostate",No Remarkable Findings,,,,
PC201708,PC201708-4002,4,200 mg/kg PCDRUG,M,200.0,"Gland, Salivary, Parotid",No Remarkable Findings,,,,
PC201708,PC201708-4002,4,200 mg/kg PCDRUG,M,200.0,"Gland, Salivary, Sublingual",No Remarkable Findings,,,,
PC201708,PC201708-4002,4,200 mg/kg PCDRUG,M,200.0,"Gland, Salivary, Submandibular",No Remarkable Findings,,,,
PC201708,PC201708-4002,4,200 mg/kg PCDRUG,M,200.0,"Gland, Seminal Vesicle",No Remarkable Findings,,,,
PC201708,PC201708-4002,4,200 mg/kg PCDRUG,M,200.0,"Gland, Thyroid",No Remarkable Findings,,,,
PC201708,PC201708-4002,4,200 mg/kg PCDRUG,M,200.0,Heart,Inflammation,1,Mild,chronic; myocardium; focal; left ventricle,
PC201708,PC201708-4002,4,200 mg/kg PCDRUG,M,200.0,"Joint, Hip",No Remarkable Findings,,,,
PC201708,PC201708-4002,4,200 mg/kg PCDRUG,M,200.0,Kidney,No Remarkable Findings,,,,
PC201708,PC201708-4002,4,200 mg/kg PCDRUG,M,200.0,"Large Intestine, Cecum",No Remarkable Findings,,,,
PC201708,PC201708-4002,4,200 mg/kg PCDRUG,M,200.0,"Large Intestine, Colon",No Remarkable Findings,,,,
PC201708,PC201708-4002,4,200 mg/kg PCDRUG,M,200.0,"Large Intestine, Rectum",No Remarkable Findings,,,,
PC201708,PC201708-4002,4,200 mg/kg PCDRUG,M,200.0,Larynx,No Remarkable Findings,,,,
PC201708,PC201708-4002,4,200 mg/kg PCDRUG,M,200.0,Liver,Hypertrophy,2,Moderate,,
PC201708,PC201708-4002,4,200 mg/kg PCDRUG,M,200.0,Lung,Macrophages Intra-Alveolar,1,Mild,focal/multifocal; foamy,
PC201708,PC201708-4002,4,200 mg/kg PCDRUG,M,200.0,"Lymph Node, Mesenteric",No Remarkable Findings,,,,
PC201708,PC201708-4002,4,200 mg/kg PCDRUG,M,200.0,"Lymph Node, Popliteal",No Remarkable Findings,,,,
PC201708,PC201708-4002,4,200 mg/kg PCDRUG,M,200.0,"Muscle, Quadriceps Femoris",No Remarkable Findings,,,,
PC201708,PC201708-4002,4,200 mg/kg PCDRUG,M,200.0,"Nerve, Optic",No Remarkable Findings,,,,
PC201708,PC201708-4002,4,200 mg/kg PCDRUG,M,200.0,"Nerve, Sciatic",No Remarkable Findings,,,,
PC201708,PC201708-4002,4,200 mg/kg PCDRUG,M,200.0,Pancreas,No Remarkable Findings,,,,
PC201708,PC201708-4002,4,200 mg/kg PCDRUG,M,200.0,Peyer'S Patch,Mineralization,1,Mild,multifocal,
PC201708,PC201708-4002,4,200 mg/kg PCDRUG,M,200.0,Skin,No Remarkable Findings,,,,
PC201708,PC201708-4002,4,200 mg/kg PCDRUG,M,200.0,"Small Intestine, Duodenum",No Remarkable Findings,,,,
PC201708,PC201708-4002,4,200 mg/kg PCDRUG,M,200.0,"Small Intestine, Ileum",No Remarkable Findings,,,,
PC201708,PC201708-4002,4,200 mg/kg PCDRUG,M,200.0,"Small Intestine, Jejunum",No Remarkable Findings,,,,
PC201708,PC201708-4002,4,200 mg/kg PCDRUG,M,200.0,"Spinal Cord, Cervical",No Remarkable Findings,,,,
PC201708,PC201708-4002,4,200 mg/kg PCDRUG,M,200.0,"Spinal Cord, Lumbar",No Remarkable Findings,,,,
PC201708,PC201708-4002,4,200 mg/kg PCDRUG,M,200.0,"Spinal Cord, Thoracic",No Remarkable Findings,,,,
PC201708,PC201708-4002,4,200 mg/kg PCDRUG,M,200.0,Spleen,Congestion,1,Mild,red pulp; diffuse,
PC201708,PC201708-4002,4,200 mg/kg PCDRUG,M,200.0,Spleen,Pigmentation,1,Mild,red pulp; diffuse,
PC201708,PC201708-4002,4,200 mg/kg PCDRUG,M,200.0,Stomach,No Remarkable Findings,,,,
PC201708,PC201708-4002,4,200 mg/kg PCDRUG,M,200.0,Testis,No Remarkable Findings,,,,
PC201708,PC201708-4002,4,200 mg/kg PCDRUG,M,200.0,Thymus,No Remarkable Findings,,,,
PC201708,PC201708-4002,4,200 mg/kg PCDRUG,M,200.0,Tongue,Hemorrhage,1,Mild,,
PC201708,PC201708-4002,4,200 mg/kg PCDRUG,M,200.0,Trachea,No Remarkable Findings,,,,
PC201708,PC201708-4002,4,200 mg/kg PCDRUG,M,200.0,Ureter,No Remarkable Findings,,,,
PC201708,PC201708-4002,4,200 mg/kg PCDRUG,M,200.0,Urinary Bladder,No Remarkable Findings,,,,
PC201708,PC201708-4003,4,200 mg/kg PCDRUG,M,200.0,"Artery, Aorta",No Remarkable Findings,,,,
PC201708,PC201708-4003,4,200 mg/kg PCDRUG,M,200.0,"Bone Marrow, Femur",No Remarkable Findings,,,,
PC201708,PC201708-4003,4,200 mg/kg PCDRUG,M,200.0,"Bone Marrow, Sternum",No Remarkable Findings,,,,
PC201708,PC201708-4003,4,200 mg/kg PCDRUG,M,200.0,"Bone, Sternum",No Remarkable Findings,,,,
PC201708,PC201708-4003,4,200 mg/kg PCDRUG,M,200.0,Brain,No Remarkable Findings,,,,
PC201708,PC201708-4003,4,200 mg/kg PCDRUG,M,200.0,Epididymis,No Remarkable Findings,,,,
PC201708,PC201708-4003,4,200 mg/kg PCDRUG,M,200.0,Esophagus,No Remarkable Findings,,,,
PC201708,PC201708-4003,4,200 mg/kg PCDRUG,M,200.0,Eye,No Remarkable Findings,,,,
PC201708,PC201708-4003,4,200 mg/kg PCDRUG,M,200.0,"Gland, Adrenal",Vacuolization,1,Mild,cortex; diffuse,
PC201708,PC201708-4003,4,200 mg/kg PCDRUG,M,200.0,"Gland, Coagulating",No Remarkable Findings,,,,
PC201708,PC201708-4003,4,200 mg/kg PCDRUG,M,200.0,"Gland, Harderian",No Remarkable Findings,,,,
PC201708,PC201708-4003,4,200 mg/kg PCDRUG,M,200.0,"Gland, Mammary",Atrophy,2,Moderate,fat,
PC201708,PC201708-4003,4,200 mg/kg PCDRUG,M,200.0,"Gland, Parathyroid",No Remarkable Findings,,,,
PC201708,PC201708-4003,4,200 mg/kg PCDRUG,M,200.0,"Gland, Pituitary",No Remarkable Findings,,,,
PC201708,PC201708-4003,4,200 mg/kg PCDRUG,M,200.0,"Gland, Prostate",Inflammation,1,Mild,chronic; ventral,
PC201708,PC201708-4003,4,200 mg/kg PCDRUG,M,200.0,"Gland, Salivary, Parotid",No Remarkable Findings,,,,
PC201708,PC201708-4003,4,200 mg/kg PCDRUG,M,200.0,"Gland, Salivary, Sublingual",No Remarkable Findings,,,,
PC201708,PC201708-4003,4,200 mg/kg PCDRUG,M,200.0,"Gland, Salivary, Submandibular",No Remarkable Findings,,,,
PC201708,PC201708-4003,4,200 mg/kg PCDRUG,M,200.0,"Gland, Seminal Vesicle",No Remarkable Findings,,,,
PC201708,PC201708-4003,4,200 mg/kg PCDRUG,M,200.0,"Gland, Thyroid",No Remarkable Findings,,,,
PC201708,PC201708-4003,4,200 mg/kg PCDRUG,M,200.0,Heart,No Remarkable Findings,,,,
PC201708,PC201708-4003,4,200 mg/kg PCDRUG,M,200.0,"Joint, Hip",No Remarkable Findings,,,,
PC201708,PC201708-4003,4,200 mg/kg PCDRUG,M,200.0,Kidney,Necrosis,2,Moderate,proximal tubule; focal,
PC201708,PC201708-4003,4,200 mg/kg PCDRUG,M,200.0,"Large Intestine, Cecum",No Remarkable Findings,,,,
PC201708,PC201708-4003,4,200 mg/kg PCDRUG,M,200.0,"Large Intestine, Colon",No Remarkable Findings,,,,
PC201708,PC201708-4003,4,200 mg/kg PCDRUG,M,200.0,"Large Intestine, Rectum",No Remarkable Findings,,,,
PC201708,PC201708-4003,4,200 mg/kg PCDRUG,M,200.0,Larynx,No Remarkable Findings,,,,
PC201708,PC201708-4003,4,200 mg/kg PCDRUG,M,200.0,Liver,Hepatocellular Carcinoma,,,,
PC201708,PC201708-4003,4,200 mg/kg PCDRUG,M,200.0,Liver,Hypertrophy,1,Mild,hepatocellular; diffuse,
PC201708,PC201708-4003,4,200 mg/kg PCDRUG,M,200.0,Lung,No Remarkable Findings,,,,
PC201708,PC201708-4003,4,200 mg/kg PCDRUG,M,200.0,"Lymph Node, Mesenteric",No Remarkable Findings,,,,
PC201708,PC201708-4003,4,200 mg/kg PCDRUG,M,200.0,"Lymph Node, Popliteal",No Remarkable Findings,,,,
PC201708,PC201708-4003,4,200 mg/kg PCDRUG,M,200.0,"Muscle, Quadriceps Femoris",No Remarkable Findings,,,,
PC201708,PC201708-4003,4,200 mg/kg PCDRUG,M,200.0,"Nerve, Optic",No Remarkable Findings,,,,
PC201708,PC201708-4003,4,200 mg/kg PCDRUG,M,200.0,"Nerve, Sciatic",No Remarkable Findings,,,,
PC201708,PC201708-4003,4,200 mg/kg PCDRUG,M,200.0,Pancreas,No Remarkable Findings,,,,
PC201708,PC201708-4003,4,200 mg/kg PCDRUG,M,200.0,Peyer'S Patch,Mineralization,1,Mild,multifocal,
PC201708,PC201708-4003,4,200 mg/kg PCDRUG,M,200.0,Skin,No Remarkable Findings,,,,
PC201708,PC201708-4003,4,200 mg/kg PCDRUG,M,200.0,"Small Intestine, Duodenum",No Remarkable Findings,,,,
PC201708,PC201708-4003,4,200 mg/kg PCDRUG,M,200.0,"Small Intestine, Ileum",No Remarkable Findings,,,,
PC201708,PC201708-4003,4,200 mg/kg PCDRUG,M,200.0,"Small Intestine, Jejunum",No Remarkable Findings,,,,
PC201708,PC201708-4003,4,200 mg/kg PCDRUG,M,200.0,"Spinal Cord, Cervical",No Remarkable Findings,,,,
PC201708,PC201708-4003,4,200 mg/kg PCDRUG,M,200.0,"Spinal Cord, Lumbar",No Remarkable Findings,,,,
PC201708,PC201708-4003,4,200 mg/kg PCDRUG,M,200.0,"Spinal Cord, Thoracic",No Remarkable Findings,,,,
PC201708,PC201708-4003,4,200 mg/kg PCDRUG,M,200.0,Spleen,Congestion,1,Mild,red pulp; diffuse,
PC201708,PC201708-4003,4,200 mg/kg PCDRUG,M,200.0,Spleen,Pigmentation,1,Mild,red pulp; diffuse,
PC201708,PC201708-4003,4,200 mg/kg PCDRUG,M,200.0,Stomach,No Remarkable Findings,,,,
PC201708,PC201708-4003,4,200 mg/kg PCDRUG,M,200.0,Testis,No Remarkable Findings,,,,
PC201708,PC201708-4003,4,200 mg/kg PCDRUG,M,200.0,Thymus,No Remarkable Findings,,,,
PC201708,PC201708-4003,4,200 mg/kg PCDRUG,M,200.0,Tongue,No Remarkable Findings,,,,
PC201708,PC201708-4003,4,200 mg/kg PCDRUG,M,200.0,Trachea,No Remarkable Findings,,,,
PC201708,PC201708-4003,4,200 mg/kg PCDRUG,M,200.0,Ureter,No Remarkable Findings,,,,
PC201708,PC201708-4003,4,200 mg/kg PCDRUG,M,200.0,Urinary Bladder,No Remarkable Findings,,,,
PC201708,PC201708-4004,4,200 mg/kg PCDRUG,M,200.0,"Artery, Aorta",No Remarkable Findings,,,,
PC201708,PC201708-4004,4,200 mg/kg PCDRUG,M,200.0,"Bone Marrow, Femur",Fibrosis,1,Mild,focal in epiphyseal marrow,
PC201708,PC201708-4004,4,200 mg/kg PCDRUG,M,200.0,"Bone Marrow, Sternum",No Remarkable Findings,,,,
PC201708,PC201708-4004,4,200 mg/kg PCDRUG,M,200.0,"Bone, Sternum",No Remarkable Findings,,,,
PC201708,PC201708-4004,4,200 mg/kg PCDRUG,M,200.0,Brain,No Remarkable Findings,,,,
PC201708,PC201708-4004,4,200 mg/kg PCDRUG,M,200.0,Epididymis,No Remarkable Findings,,,,
PC201708,PC201708-4004,4,200 mg/kg PCDRUG,M,200.0,Esophagus,No Remarkable Findings,,,,
PC201708,PC201708-4004,4,200 mg/kg PCDRUG,M,200.0,Eye,No Remarkable Findings,,,,
PC201708,PC201708-4004,4,200 mg/kg PCDRUG,M,200.0,"Gland, Adrenal",Vacuolization,1,Mild,cortex; diffuse,
PC201708,PC201708-4004,4,200 mg/kg PCDRUG,M,200.0,"Gland, Coagulating",No Remarkable Findings,,,,
PC201708,PC201708-4004,4,200 mg/kg PCDRUG,M,200.0,"Gland, Harderian",No Remarkable Findings,,,,
PC201708,PC201708-4004,4,200 mg/kg PCDRUG,M,200.0,"Gland, Mammary",No Remarkable Findings,,,,
PC201708,PC201708-4004,4,200 mg/kg PCDRUG,M,200.0,"Gland, Parathyroid",No Remarkable Findings,,,,
PC201708,PC201708-4004,4,200 mg/kg PCDRUG,M,200.0,"Gland, Pituitary",No Remarkable Findings,,,,
PC201708,PC201708-4004,4,200 mg/kg PCDRUG,M,200.0,"Gland, Prostate",Inflammation,2,Moderate,chronic; ventral + dorsolateral,
PC201708,PC201708-4004,4,200 mg/kg PCDRUG,M,200.0,"Gland, Salivary, Parotid",No Remarkable Findings,,,,
PC201708,PC201708-4004,4,200 mg/kg PCDRUG,M,200.0,"Gland, Salivary, Sublingual",No Remarkable Findings,,,,
PC201708,PC201708-4004,4,200 mg/kg PCDRUG,M,200.0,"Gland, Salivary, Submandibular",No Remarkable Findings,,,,
PC201708,PC201708-4004,4,200 mg/kg PCDRUG,M,200.0,"Gland, Seminal Vesicle",No Remarkable Findings,,,,
PC201708,PC201708-4004,4,200 mg/kg PCDRUG,M,200.0,"Gland, Thyroid",No Remarkable Findings,,,,
PC201708,PC201708-4004,4,200 mg/kg PCDRUG,M,200.0,Heart,No Remarkable Findings,,,,
PC201708,PC201708-4004,4,200 mg/kg PCDRUG,M,200.0,"Joint, Hip",No Remarkable Findings,,,,
PC201708,PC201708-4004,4,200 mg/kg PCDRUG,M,200.0,Kidney,Necrosis,2,Moderate,proximal tubule; focal,
PC201708,PC201708-4004,4,200 mg/kg PCDRUG,M,200.0,"Large Intestine, Cecum",No Remarkable Findings,,,,
PC201708,PC201708-4004,4,200 mg/kg PCDRUG,M,200.0,"Large Intestine, Colon",No Remarkable Findings,,,,
PC201708,PC201708-4004,4,200 mg/kg PCDRUG,M,200.0,"Large Intestine, Rectum",No Remarkable Findings,,,,
PC201708,PC201708-4004,4,200 mg/kg PCDRUG,M,200.0,Larynx,No Remarkable Findings,,,,
PC201708,PC201708-4004,4,200 mg/kg PCDRUG,M,200.0,Liver,Hypertrophy,2,Moderate,hepatocellular; diffuse,
PC201708,PC201708-4004,4,200 mg/kg PCDRUG,M,200.0,Liver,Vacuolization,2,Moderate,centrilobular,
PC201708,PC201708-4004,4,200 mg/kg PCDRUG,M,200.0,Lung,No Remarkable Findings,,,,
PC201708,PC201708-4004,4,200 mg/kg PCDRUG,M,200.0,"Lymph Node, Mesenteric",No Remarkable Findings,,,,
PC201708,PC201708-4004,4,200 mg/kg PCDRUG,M,200.0,"Lymph Node, Popliteal",No Remarkable Findings,,,,
PC201708,PC201708-4004,4,200 mg/kg PCDRUG,M,200.0,"Muscle, Quadriceps Femoris",No Remarkable Findings,,,,
PC201708,PC201708-4004,4,200 mg/kg PCDRUG,M,200.0,"Nerve, Optic",No Remarkable Findings,,,,
PC201708,PC201708-4004,4,200 mg/kg PCDRUG,M,200.0,"Nerve, Sciatic",No Remarkable Findings,,,,
PC201708,PC201708-4004,4,200 mg/kg PCDRUG,M,200.0,Pancreas,No Remarkable Findings,,,,
PC201708,PC201708-4004,4,200 mg/kg PCDRUG,M,200.0,Peyer'S Patch,No Remarkable Findings,,,,
PC201708,PC201708-4004,4,200 mg/kg PCDRUG,M,200.0,Skin,No Remarkable Findings,,,,
PC201708,PC201708-4004,4,200 mg/kg PCDRUG,M,200.0,"Small Intestine, Duodenum",No Remarkable Findings,,,,
PC201708,PC201708-4004,4,200 mg/kg PCDRUG,M,200.0,"Small Intestine, Ileum",No Remarkable Findings,,,,
PC201708,PC201708-4004,4,200 mg/kg PCDRUG,M,200.0,"Small Intestine, Jejunum",No Remarkable Findings,,,,
PC201708,PC201708-4004,4,200 mg/kg PCDRUG,M,200.0,"Spinal Cord, Cervical",No Remarkable Findings,,,,
PC201708,PC201708-4004,4,200 mg/kg PCDRUG,M,200.0,"Spinal Cord, Lumbar",No Remarkable Findings,,,,
PC201708,PC201708-4004,4,200 mg/kg PCDRUG,M,200.0,"Spinal Cord, Thoracic",No Remarkable Findings,,,,
PC201708,PC201708-4004,4,200 mg/kg PCDRUG,M,200.0,Spleen,No Remarkable Findings,,,,
PC201708,PC201708-4004,4,200 mg/kg PCDRUG,M,200.0,Stomach,No Remarkable Findings,,,,
PC201708,PC201708-4004,4,200 mg/kg PCDRUG,M,200.0,Testis,No Remarkable Findings,,,,
PC201708,PC201708-4004,4,200 mg/kg PCDRUG,M,200.0,Thymus,No Remarkable Findings,,,,
PC201708,PC201708-4004,4,200 mg/kg PCDRUG,M,200.0,Tongue,No Remarkable Findings,,,,
PC201708,PC201708-4004,4,200 mg/kg PCDRUG,M,200.0,Trachea,No Remarkable Findings,,,,
PC201708,PC201708-4004,4,200 mg/kg PCDRUG,M,200.0,Ureter,No Remarkable Findings,,,,
PC201708,PC201708-4004,4,200 mg/kg PCDRUG,M,200.0,Urinary Bladder,No Remarkable Findings,,,,
PC201708,PC201708-4005,4,200 mg/kg PCDRUG,M,200.0,"Artery, Aorta",No Remarkable Findings,,,,
PC201708,PC201708-4005,4,200 mg/kg PCDRUG,M,200.0,"Bone Marrow, Femur",Fat Vacuoles,1,Mild,diffuse,
PC201708,PC201708-4005,4,200 mg/kg PCDRUG,M,200.0,"Bone Marrow, Sternum",No Remarkable Findings,,,,
PC201708,PC201708-4005,4,200 mg/kg PCDRUG,M,200.0,"Bone, Sternum",No Remarkable Findings,,,,
PC201708,PC201708-4005,4,200 mg/kg PCDRUG,M,200.0,Brain,No Remarkable Findings,,,,
PC201708,PC201708-4005,4,200 mg/kg PCDRUG,M,200.0,Epididymis,No Remarkable Findings,,,,
PC201708,PC201708-4005,4,200 mg/kg PCDRUG,M,200.0,Esophagus,No Remarkable Findings,,,,
PC201708,PC201708-4005,4,200 mg/kg PCDRUG,M,200.0,Eye,No Remarkable Findings,,,,
PC201708,PC201708-4005,4,200 mg/kg PCDRUG,M,200.0,"Gland, Adrenal",Vacuolization,1,Mild,cortex; diffuse,
PC201708,PC201708-4005,4,200 mg/kg PCDRUG,M,200.0,"Gland, Coagulating",No Remarkable Findings,,,,
PC201708,PC201708-4005,4,200 mg/kg PCDRUG,M,200.0,"Gland, Harderian",No Remarkable Findings,,,,
PC201708,PC201708-4005,4,200 mg/kg PCDRUG,M,200.0,"Gland, Mammary",No Remarkable Findings,,,,
PC201708,PC201708-4005,4,200 mg/kg PCDRUG,M,200.0,"Gland, Parathyroid",No Remarkable Findings,,,,
PC201708,PC201708-4005,4,200 mg/kg PCDRUG,M,200.0,"Gland, Pituitary",No Remarkable Findings,,,,
PC201708,PC201708-4005,4,200 mg/kg PCDRUG,M,200.0,"Gland, Prostate",Inflammation,1,Mild,chronic; ventral,
PC201708,PC201708-4005,4,200 mg/kg PCDRUG,M,200.0,"Gland, Salivary, Parotid",No Remarkable Findings,,,,
PC201708,PC201708-4005,4,200 mg/kg PCDRUG,M,200.0,"Gland, Salivary, Sublingual",No Remarkable Findings,,,,
PC201708,PC201708-4005,4,200 mg/kg PCDRUG,M,200.0,"Gland, Salivary, Submandibular",No Remarkable Findings,,,,
PC201708,PC201708-4005,4,200 mg/kg PCDRUG,M,200.0,"Gland, Seminal Vesicle",No Remarkable Findings,,,,
PC201708,PC201708-4005,4,200 mg/kg PCDRUG,M,200.0,"Gland, Thyroid",No Remarkable Findings,,,,
PC201708,PC201708-4005,4,200 mg/kg PCDRUG,M,200.0,Heart,No Remarkable Findings,,,,
PC201708,PC201708-4005,4,200 mg/kg PCDRUG,M,200.0,"Joint, Hip",No Remarkable Findings,,,,
PC201708,PC201708-4005,4,200 mg/kg PCDRUG,M,200.0,Kidney,Inflammation,1,Mild,chronic; cortex; focal/multifocal,
PC201708,PC201708-4005,4,200 mg/kg PCDRUG,M,200.0,"Large Intestine, Cecum",No Remarkable Findings,,,,
PC201708,PC201708-4005,4,200 mg/kg PCDRUG,M,200.0,"Large Intestine, Colon",No Remarkable Findings,,,,
PC201708,PC201708-4005,4,200 mg/kg PCDRUG,M,200.0,"Large Intestine, Rectum",No Remarkable Findings,,,,
PC201708,PC201708-4005,4,200 mg/kg PCDRUG,M,200.0,Larynx,No Remarkable Findings,,,,
PC201708,PC201708-4005,4,200 mg/kg PCDRUG,M,200.0,Liver,"Adenoma, Hepatocellular",,,,
PC201708,PC201708-4005,4,200 mg/kg PCDRUG,M,200.0,Liver,Vacuolization,2,Moderate,centrilobular,
PC201708,PC201708-4005,4,200 mg/kg PCDRUG,M,200.0,Lung,Aspiration Blood,1,Mild,focal,
PC201708,PC201708-4005,4,200 mg/kg PCDRUG,M,200.0,"Lymph Node, Mesenteric",No Remarkable Findings,,,,
PC201708,PC201708-4005,4,200 mg/kg PCDRUG,M,200.0,"Lymph Node, Popliteal",No Remarkable Findings,,,,
PC201708,PC201708-4005,4,200 mg/kg PCDRUG,M,200.0,"Muscle, Quadriceps Femoris",No Remarkable Findings,,,,
PC201708,PC201708-4005,4,200 mg/kg PCDRUG,M,200.0,"Nerve, Optic",No Remarkable Findings,,,,
PC201708,PC201708-4005,4,200 mg/kg PCDRUG,M,200.0,"Nerve, Sciatic",No Remarkable Findings,,,,
PC201708,PC201708-4005,4,200 mg/kg PCDRUG,M,200.0,Pancreas,Inflammation,1,Mild,acute,
PC201708,PC201708-4005,4,200 mg/kg PCDRUG,M,200.0,Peyer'S Patch,Mineralization,1,Mild,focal,
PC201708,PC201708-4005,4,200 mg/kg PCDRUG,M,200.0,Skin,No Remarkable Findings,,,,
PC201708,PC201708-4005,4,200 mg/kg PCDRUG,M,200.0,"Small Intestine, Duodenum",No Remarkable Findings,,,,
PC201708,PC201708-4005,4,200 mg/kg PCDRUG,M,200.0,"Small Intestine, Ileum",No Remarkable Findings,,,,
PC201708,PC201708-4005,4,200 mg/kg PCDRUG,M,200.0,"Small Intestine, Jejunum",No Remarkable Findings,,,,
PC201708,PC201708-4005,4,200 mg/kg PCDRUG,M,200.0,"Spinal Cord, Cervical",No Remarkable Findings,,,,
PC201708,PC201708-4005,4,200 mg/kg PCDRUG,M,200.0,"Spinal Cord, Lumbar",No Remarkable Findings,,,,
PC201708,PC201708-4005,4,200 mg/kg PCDRUG,M,200.0,"Spinal Cord, Thoracic",No Remarkable Findings,,,,
PC201708,PC201708-4005,4,200 mg/kg PCDRUG,M,200.0,Spleen,Congestion,1,Mild,red pulp; diffuse,
PC201708,PC201708-4005,4,200 mg/kg PCDRUG,M,200.0,Spleen,Pigmentation,2,Moderate,red pulp; diffuse,
PC201708,PC201708-4005,4,200 mg/kg PCDRUG,M,200.0,Stomach,Erosion,1,Mild,multifocal; glandular,
PC201708,PC201708-4005,4,200 mg/kg PCDRUG,M,200.0,Testis,No Remarkable Findings,,,,
PC201708,PC201708-4005,4,200 mg/kg PCDRUG,M,200.0,Thymus,No Remarkable Findings,,,,
PC201708,PC201708-4005,4,200 mg/kg PCDRUG,M,200.0,Tongue,No Remarkable Findings,,,,
PC201708,PC201708-4005,4,200 mg/kg PCDRUG,M,200.0,Trachea,No Remarkable Findings,,,,
PC201708,PC201708-4005,4,200 mg/kg PCDRUG,M,200.0,Ureter,No Remarkable Findings,,,,
PC201708,PC201708-4005,4,200 mg/kg PCDRUG,M,200.0,Urinary Bladder,No Remarkable Findings,,,,
PC201708,PC201708-4006,4,200 mg/kg PCDRUG,M,200.0,"Artery, Aorta",No Remarkable Findings,,,,
PC201708,PC201708-4006,4,200 mg/kg PCDRUG,M,200.0,"Bone Marrow, Femur",No Remarkable Findings,,,,
PC201708,PC201708-4006,4,200 mg/kg PCDRUG,M,200.0,"Bone Marrow, Sternum",No Remarkable Findings,,,,
PC201708,PC201708-4006,4,200 mg/kg PCDRUG,M,200.0,"Bone, Sternum",No Remarkable Findings,,,,
PC201708,PC201708-4006,4,200 mg/kg PCDRUG,M,200.0,Brain,No Remarkable Findings,,,,
PC201708,PC201708-4006,4,200 mg/kg PCDRUG,M,200.0,Epididymis,No Remarkable Findings,,,,
PC201708,PC201708-4006,4,200 mg/kg PCDRUG,M,200.0,Esophagus,No Remarkable Findings,,,,
PC201708,PC201708-4006,4,200 mg/kg PCDRUG,M,200.0,Eye,No Remarkable Findings,,,,
PC201708,PC201708-4006,4,200 mg/kg PCDRUG,M,200.0,"Gland, Adrenal",Vacuolization,1,Mild,cortex; diffuse,
PC201708,PC201708-4006,4,200 mg/kg PCDRUG,M,200.0,"Gland, Coagulating",No Remarkable Findings,,,,
PC201708,PC201708-4006,4,200 mg/kg PCDRUG,M,200.0,"Gland, Harderian",No Remarkable Findings,,,,
PC201708,PC201708-4006,4,200 mg/kg PCDRUG,M,200.0,"Gland, Mammary",No Remarkable Findings,,,,
PC201708,PC201708-4006,4,200 mg/kg PCDRUG,M,200.0,"Gland, Parathyroid",No Remarkable Findings,,,,
PC201708,PC201708-4006,4,200 mg/kg PCDRUG,M,200.0,"Gland, Pituitary",No Remarkable Findings,,,,
PC201708,PC201708-4006,4,200 mg/kg PCDRUG,M,200.0,"Gland, Prostate",No Remarkable Findings,,,,
PC201708,PC201708-4006,4,200 mg/kg PCDRUG,M,200.0,"Gland, Salivary, Parotid",No Remarkable Findings,,,,
PC201708,PC201708-4006,4,200 mg/kg PCDRUG,M,200.0,"Gland, Salivary, Sublingual",No Remarkable Findings,,,,
PC201708,PC201708-4006,4,200 mg/kg PCDRUG,M,200.0,"Gland, Salivary, Submandibular",No Remarkable Findings,,,,
PC201708,PC201708-4006,4,200 mg/kg PCDRUG,M,200.0,"Gland, Seminal Vesicle",No Remarkable Findings,,,,
PC201708,PC201708-4006,4,200 mg/kg PCDRUG,M,200.0,"Gland, Thyroid",No Remarkable Findings,,,,
PC201708,PC201708-4006,4,200 mg/kg PCDRUG,M,200.0,Heart,No Remarkable Findings,,,,
PC201708,PC201708-4006,4,200 mg/kg PCDRUG,M,200.0,"Joint, Hip",No Remarkable Findings,,,,
PC201708,PC201708-4006,4,200 mg/kg PCDRUG,M,200.0,Kidney,Basophilic Tubules,1,Mild,cortex; focal/multifocal,
PC201708,PC201708-4006,4,200 mg/kg PCDRUG,M,200.0,"Large Intestine, Cecum",No Remarkable Findings,,,,
PC201708,PC201708-4006,4,200 mg/kg PCDRUG,M,200.0,"Large Intestine, Colon",No Remarkable Findings,,,,
PC201708,PC201708-4006,4,200 mg/kg PCDRUG,M,200.0,"Large Intestine, Rectum",No Remarkable Findings,,,,
PC201708,PC201708-4006,4,200 mg/kg PCDRUG,M,200.0,Larynx,No Remarkable Findings,,,,
PC201708,PC201708-4006,4,200 mg/kg PCDRUG,M,200.0,Liver,Necrosis,1,Mild,multifocal,
PC201708,PC201708-4006,4,200 mg/kg PCDRUG,M,200.0,Lung,Infiltration Mononuclear Cell,1,Mild,perivascular; focal,
PC201708,PC201708-4006,4,200 mg/kg PCDRUG,M,200.0,Lung,Macrophages Intra-Alveolar,1,Mild,focal/multifocal; foamy,
PC201708,PC201708-4006,4,200 mg/kg PCDRUG,M,200.0,"Lymph Node, Mesenteric",No Remarkable Findings,,,,
PC201708,PC201708-4006,4,200 mg/kg PCDRUG,M,200.0,"Lymph Node, Popliteal",No Remarkable Findings,,,,
PC201708,PC201708-4006,4,200 mg/kg PCDRUG,M,200.0,"Muscle, Quadriceps Femoris",No Remarkable Findings,,,,
PC201708,PC201708-4006,4,200 mg/kg PCDRUG,M,200.0,"Nerve, Optic",No Remarkable Findings,,,,
PC201708,PC201708-4006,4,200 mg/kg PCDRUG,M,200.0,"Nerve, Sciatic",No Remarkable Findings,,,,
PC201708,PC201708-4006,4,200 mg/kg PCDRUG,M,200.0,Pancreas,No Remarkable Findings,,,,
PC201708,PC201708-4006,4,200 mg/kg PCDRUG,M,200.0,Peyer'S Patch,Mineralization,1,Mild,multifocal,
PC201708,PC201708-4006,4,200 mg/kg PCDRUG,M,200.0,Skin,No Remarkable Findings,,,,
PC201708,PC201708-4006,4,200 mg/kg PCDRUG,M,200.0,"Small Intestine, Duodenum",No Remarkable Findings,,,,
PC201708,PC201708-4006,4,200 mg/kg PCDRUG,M,200.0,"Small Intestine, Ileum",No Remarkable Findings,,,,
PC201708,PC201708-4006,4,200 mg/kg PCDRUG,M,200.0,"Small Intestine, Jejunum",No Remarkable Findings,,,,
PC201708,PC201708-4006,4,200 mg/kg PCDRUG,M,200.0,"Spinal Cord, Cervical",No Remarkable Findings,,,,
PC201708,PC201708-4006,4,200 mg/kg PCDRUG,M,200.0,"Spinal Cord, Lumbar",No Remarkable Findings,,,,
PC201708,PC201708-4006,4,200 mg/kg PCDRUG,M,200.0,"Spinal Cord, Thoracic",No Remarkable Findings,,,,
PC201708,PC201708-4006,4,200 mg/kg PCDRUG,M,200.0,Spleen,Congestion,1,Mild,red pulp; diffuse,
PC201708,PC201708-4006,4,200 mg/kg PCDRUG,M,200.0,Spleen,Pigmentation,1,Mild,red pulp; diffuse,
PC201708,PC201708-4006,4,200 mg/kg PCDRUG,M,200.0,Stomach,No Remarkable Findings,,,,
PC201708,PC201708-4006,4,200 mg/kg PCDRUG,M,200.0,Testis,No Remarkable Findings,,,,
PC201708,PC201708-4006,4,200 mg/kg PCDRUG,M,200.0,Thymus,No Remarkable Findings,,,,
PC201708,PC201708-4006,4,200 mg/kg PCDRUG,M,200.0,Tongue,No Remarkable Findings,,,,
PC201708,PC201708-4006,4,200 mg/kg PCDRUG,M,200.0,Trachea,No Remarkable Findings,,,,
PC201708,PC201708-4006,4,200 mg/kg PCDRUG,M,200.0,Ureter,No Remarkable Findings,,,,
PC201708,PC201708-4006,4,200 mg/kg PCDRUG,M,200.0,Urinary Bladder,No Remarkable Findings,,,,
PC201708,PC201708-4007,4,200 mg/kg PCDRUG,M,200.0,"Artery, Aorta",No Remarkable Findings,,,,
PC201708,PC201708-4007,4,200 mg/kg PCDRUG,M,200.0,"Bone Marrow, Femur",Fat Vacuoles,1,Mild,diffuse,
PC201708,PC201708-4007,4,200 mg/kg PCDRUG,M,200.0,"Bone Marrow, Sternum",No Remarkable Findings,,,,
PC201708,PC201708-4007,4,200 mg/kg PCDRUG,M,200.0,"Bone, Sternum",No Remarkable Findings,,,,
PC201708,PC201708-4007,4,200 mg/kg PCDRUG,M,200.0,Brain,No Remarkable Findings,,,,
PC201708,PC201708-4007,4,200 mg/kg PCDRUG,M,200.0,Epididymis,No Remarkable Findings,,,,
PC201708,PC201708-4007,4,200 mg/kg PCDRUG,M,200.0,Esophagus,No Remarkable Findings,,,,
PC201708,PC201708-4007,4,200 mg/kg PCDRUG,M,200.0,Eye,No Remarkable Findings,,,,
PC201708,PC201708-4007,4,200 mg/kg PCDRUG,M,200.0,"Gland, Adrenal",Vacuolization,1,Mild,cortex; diffuse,
PC201708,PC201708-4007,4,200 mg/kg PCDRUG,M,200.0,"Gland, Coagulating",No Remarkable Findings,,,,
PC201708,PC201708-4007,4,200 mg/kg PCDRUG,M,200.0,"Gland, Harderian",No Remarkable Findings,,,,
PC201708,PC201708-4007,4,200 mg/kg PCDRUG,M,200.0,"Gland, Mammary",Atrophy,1,Mild,fat,
PC201708,PC201708-4007,4,200 mg/kg PCDRUG,M,200.0,"Gland, Parathyroid",No Remarkable Findings,,,,
PC201708,PC201708-4007,4,200 mg/kg PCDRUG,M,200.0,"Gland, Pituitary",No Remarkable Findings,,,,
PC201708,PC201708-4007,4,200 mg/kg PCDRUG,M,200.0,"Gland, Prostate",Inflammation,2,Moderate,chronic; ventral,
PC201708,PC201708-4007,4,200 mg/kg PCDRUG,M,200.0,"Gland, Salivary, Parotid",No Remarkable Findings,,,,
PC201708,PC201708-4007,4,200 mg/kg PCDRUG,M,200.0,"Gland, Salivary, Sublingual",No Remarkable Findings,,,,
PC201708,PC201708-4007,4,200 mg/kg PCDRUG,M,200.0,"Gland, Salivary, Submandibular",No Remarkable Findings,,,,
PC201708,PC201708-4007,4,200 mg/kg PCDRUG,M,200.0,"Gland, Seminal Vesicle",No Remarkable Findings,,,,
PC201708,PC201708-4007,4,200 mg/kg PCDRUG,M,200.0,"Gland, Thyroid",No Remarkable Findings,,,,
PC201708,PC201708-4007,4,200 mg/kg PCDRUG,M,200.0,Heart,No Remarkable Findings,,,,
PC201708,PC201708-4007,4,200 mg/kg PCDRUG,M,200.0,"Joint, Hip",No Remarkable Findings,,,,
PC201708,PC201708-4007,4,200 mg/kg PCDRUG,M,200.0,Kidney,No Remarkable Findings,,,,
PC201708,PC201708-4007,4,200 mg/kg PCDRUG,M,200.0,"Large Intestine, Cecum",No Remarkable Findings,,,,
PC201708,PC201708-4007,4,200 mg/kg PCDRUG,M,200.0,"Large Intestine, Colon",No Remarkable Findings,,,,
PC201708,PC201708-4007,4,200 mg/kg PCDRUG,M,200.0,"Large Intestine, Rectum",No Remarkable Findings,,,,
PC201708,PC201708-4007,4,200 mg/kg PCDRUG,M,200.0,Larynx,No Remarkable Findings,,,,
PC201708,PC201708-4007,4,200 mg/kg PCDRUG,M,200.0,Liver,"Adenoma, Hepatocellular",,,,
PC201708,PC201708-4007,4,200 mg/kg PCDRUG,M,200.0,Lung,No Remarkable Findings,,,,
PC201708,PC201708-4007,4,200 mg/kg PCDRUG,M,200.0,"Lymph Node, Mesenteric",No Remarkable Findings,,,,
PC201708,PC201708-4007,4,200 mg/kg PCDRUG,M,200.0,"Lymph Node, Popliteal",No Remarkable Findings,,,,
PC201708,PC201708-4007,4,200 mg/kg PCDRUG,M,200.0,"Muscle, Quadriceps Femoris",No Remarkable Findings,,,,
PC201708,PC201708-4007,4,200 mg/kg PCDRUG,M,200.0,"Nerve, Optic",No Remarkable Findings,,,,
PC201708,PC201708-4007,4,200 mg/kg PCDRUG,M,200.0,"Nerve, Sciatic",No Remarkable Findings,,,,
PC201708,PC201708-4007,4,200 mg/kg PCDRUG,M,200.0,Pancreas,No Remarkable Findings,,,,
PC201708,PC201708-4007,4,200 mg/kg PCDRUG,M,200.0,Peyer'S Patch,Mineralization,1,Mild,focal,
PC201708,PC201708-4007,4,200 mg/kg PCDRUG,M,200.0,Skin,No Remarkable Findings,,,,
PC201708,PC201708-4007,4,200 mg/kg PCDRUG,M,200.0,"Small Intestine, Duodenum",No Remarkable Findings,,,,
PC201708,PC201708-4007,4,200 mg/kg PCDRUG,M,200.0,"Small Intestine, Ileum",No Remarkable Findings,,,,
PC201708,PC201708-4007,4,200 mg/kg PCDRUG,M,200.0,"Small Intestine, Jejunum",No Remarkable Findings,,,,
PC201708,PC201708-4007,4,200 mg/kg PCDRUG,M,200.0,"Spinal Cord, Cervical",No Remarkable Findings,,,,
PC201708,PC201708-4007,4,200 mg/kg PCDRUG,M,200.0,"Spinal Cord, Lumbar",No Remarkable Findings,,,,
PC201708,PC201708-4007,4,200 mg/kg PCDRUG,M,200.0,"Spinal Cord, Thoracic",No Remarkable Findings,,,,
PC201708,PC201708-4007,4,200 mg/kg PCDRUG,M,200.0,Spleen,Atrophy,1,Mild,diffuse,
PC201708,PC201708-4007,4,200 mg/kg PCDRUG,M,200.0,Spleen,Congestion,1,Mild,red pulp; diffuse,
PC201708,PC201708-4007,4,200 mg/kg PCDRUG,M,200.0,Spleen,Pigmentation,1,Mild,red pulp; diffuse,
PC201708,PC201708-4007,4,200 mg/kg PCDRUG,M,200.0,Stomach,No Remarkable Findings,,,,
PC201708,PC201708-4007,4,200 mg/kg PCDRUG,M,200.0,Testis,No Remarkable Findings,,,,
PC201708,PC201708-4007,4,200 mg/kg PCDRUG,M,200.0,Thymus,No Remarkable Findings,,,,
PC201708,PC201708-4007,4,200 mg/kg PCDRUG,M,200.0,Tongue,No Remarkable Findings,,,,
PC201708,PC201708-4007,4,200 mg/kg PCDRUG,M,200.0,Trachea,No Remarkable Findings,,,,
PC201708,PC201708-4007,4,200 mg/kg PCDRUG,M,200.0,Ureter,No Remarkable Findings,,,,
PC201708,PC201708-4007,4,200 mg/kg PCDRUG,M,200.0,Urinary Bladder,No Remarkable Findings,,,,
PC201708,PC201708-4008,4,200 mg/kg PCDRUG,M,200.0,"Artery, Aorta",No Remarkable Findings,,,,
PC201708,PC201708-4008,4,200 mg/kg PCDRUG,M,200.0,"Bone Marrow, Femur",No Remarkable Findings,,,,
PC201708,PC201708-4008,4,200 mg/kg PCDRUG,M,200.0,"Bone Marrow, Sternum",No Remarkable Findings,,,,
PC201708,PC201708-4008,4,200 mg/kg PCDRUG,M,200.0,"Bone, Sternum",No Remarkable Findings,,,,
PC201708,PC201708-4008,4,200 mg/kg PCDRUG,M,200.0,Brain,No Remarkable Findings,,,,
PC201708,PC201708-4008,4,200 mg/kg PCDRUG,M,200.0,Epididymis,No Remarkable Findings,,,,
PC201708,PC201708-4008,4,200 mg/kg PCDRUG,M,200.0,Esophagus,No Remarkable Findings,,,,
PC201708,PC201708-4008,4,200 mg/kg PCDRUG,M,200.0,Eye,No Remarkable Findings,,,,
PC201708,PC201708-4008,4,200 mg/kg PCDRUG,M,200.0,"Gland, Adrenal",Vacuolization,1,Mild,cortex; diffuse,
PC201708,PC201708-4008,4,200 mg/kg PCDRUG,M,200.0,"Gland, Coagulating",No Remarkable Findings,,,,
PC201708,PC201708-4008,4,200 mg/kg PCDRUG,M,200.0,"Gland, Harderian",No Remarkable Findings,,,,
PC201708,PC201708-4008,4,200 mg/kg PCDRUG,M,200.0,"Gland, Mammary",No Remarkable Findings,,,,
PC201708,PC201708-4008,4,200 mg/kg PCDRUG,M,200.0,"Gland, Parathyroid",No Remarkable Findings,,,,
PC201708,PC201708-4008,4,200 mg/kg PCDRUG,M,200.0,"Gland, Pituitary",No Remarkable Findings,,,,
PC201708,PC201708-4008,4,200 mg/kg PCDRUG,M,200.0,"Gland, Prostate",No Remarkable Findings,,,,
PC201708,PC201708-4008,4,200 mg/kg PCDRUG,M,200.0,"Gland, Salivary, Parotid",Metaplasia,1,Mild,mucinous; focal,
PC201708,PC201708-4008,4,200 mg/kg PCDRUG,M,200.0,"Gland, Salivary, Sublingual",No Remarkable Findings,,,,
PC201708,PC201708-4008,4,200 mg/kg PCDRUG,M,200.0,"Gland, Salivary, Submandibular",No Remarkable Findings,,,,
PC201708,PC201708-4008,4,200 mg/kg PCDRUG,M,200.0,"Gland, Seminal Vesicle",No Remarkable Findings,,,,
PC201708,PC201708-4008,4,200 mg/kg PCDRUG,M,200.0,"Gland, Thyroid",No Remarkable Findings,,,,
PC201708,PC201708-4008,4,200 mg/kg PCDRUG,M,200.0,Heart,Inflammation,1,Mild,chronic; myocardium; focal; left ventricle,
PC201708,PC201708-4008,4,200 mg/kg PCDRUG,M,200.0,"Joint, Hip",No Remarkable Findings,,,,
PC201708,PC201708-4008,4,200 mg/kg PCDRUG,M,200.0,Kidney,Cyst,1,Mild,medulla; focal,
PC201708,PC201708-4008,4,200 mg/kg PCDRUG,M,200.0,"Large Intestine, Cecum",No Remarkable Findings,,,,
PC201708,PC201708-4008,4,200 mg/kg PCDRUG,M,200.0,"Large Intestine, Colon",No Remarkable Findings,,,,
PC201708,PC201708-4008,4,200 mg/kg PCDRUG,M,200.0,"Large Intestine, Rectum",No Remarkable Findings,,,,
PC201708,PC201708-4008,4,200 mg/kg PCDRUG,M,200.0,Larynx,No Remarkable Findings,,,,
PC201708,PC201708-4008,4,200 mg/kg PCDRUG,M,200.0,Liver,Vacuolization,2,Moderate,centrilobular,
PC201708,PC201708-4008,4,200 mg/kg PCDRUG,M,200.0,Lung,Macrophages Intra-Alveolar,1,Mild,focal/multifocal; foamy,
PC201708,PC201708-4008,4,200 mg/kg PCDRUG,M,200.0,"Lymph Node, Mesenteric",No Remarkable Findings,,,,
PC201708,PC201708-4008,4,200 mg/kg PCDRUG,M,200.0,"Lymph Node, Popliteal",No Remarkable Findings,,,,
PC201708,PC201708-4008,4,200 mg/kg PCDRUG,M,200.0,"Muscle, Quadriceps Femoris",No Remarkable Findings,,,,
PC201708,PC201708-4008,4,200 mg/kg PCDRUG,M,200.0,"Nerve, Optic",No Remarkable Findings,,,,
PC201708,PC201708-4008,4,200 mg/kg PCDRUG,M,200.0,"Nerve, Sciatic",No Remarkable Findings,,,,
PC201708,PC201708-4008,4,200 mg/kg PCDRUG,M,200.0,Pancreas,Inflammation,1,Mild,acute,
PC201708,PC201708-4008,4,200 mg/kg PCDRUG,M,200.0,Peyer'S Patch,No Remarkable Findings,,,,
PC201708,PC201708-4008,4,200 mg/kg PCDRUG,M,200.0,Skin,No Remarkable Findings,,,,
PC201708,PC201708-4008,4,200 mg/kg PCDRUG,M,200.0,"Small Intestine, Duodenum",No Remarkable Findings,,,,
PC201708,PC201708-4008,4,200 mg/kg PCDRUG,M,200.0,"Small Intestine, Ileum",No Remarkable Findings,,,,
PC201708,PC201708-4008,4,200 mg/kg PCDRUG,M,200.0,"Small Intestine, Jejunum",No Remarkable Findings,,,,
PC201708,PC201708-4008,4,200 mg/kg PCDRUG,M,200.0,"Spinal Cord, Cervical",No Remarkable Findings,,,,
PC201708,PC201708-4008,4,200 mg/kg PCDRUG,M,200.0,"Spinal Cord, Lumbar",No Remarkable Findings,,,,
PC201708,PC201708-4008,4,200 mg/kg PCDRUG,M,200.0,"Spinal Cord, Thoracic",No Remarkable Findings,,,,
PC201708,PC201708-4008,4,200 mg/kg PCDRUG,M,200.0,Spleen,Congestion,1,Mild,red pulp; diffuse,
PC201708,PC201708-4008,4,200 mg/kg PCDRUG,M,200.0,Spleen,Pigmentation,1,Mild,red pulp; diffuse,
PC201708,PC201708-4008,4,200 mg/kg PCDRUG,M,200.0,Stomach,No Remarkable Findings,,,,
PC201708,PC201708-4008,4,200 mg/kg PCDRUG,M,200.0,Testis,No Remarkable Findings,,,,
PC201708,PC201708-4008,4,200 mg/kg PCDRUG,M,200.0,Thymus,No Remarkable Findings,,,,
PC201708,PC201708-4008,4,200 mg/kg PCDRUG,M,200.0,Tongue,No Remarkable Findings,,,,
PC201708,PC201708-4008,4,200 mg/kg PCDRUG,M,200.0,Trachea,No Remarkable Findings,,,,
PC201708,PC201708-4008,4,200 mg/kg PCDRUG,M,200.0,Ureter,No Remarkable Findings,,,,
PC201708,PC201708-4008,4,200 mg/kg PCDRUG,M,200.0,Urinary Bladder,No Remarkable Findings,,,,
PC201708,PC201708-4009,4,200 mg/kg PCDRUG,M,200.0,"Artery, Aorta",No Remarkable Findings,,,,
PC201708,PC201708-4009,4,200 mg/kg PCDRUG,M,200.0,"Bone Marrow, Femur",Fat Vacuoles,1,Mild,diffuse,
PC201708,PC201708-4009,4,200 mg/kg PCDRUG,M,200.0,"Bone Marrow, Sternum",No Remarkable Findings,,,,
PC201708,PC201708-4009,4,200 mg/kg PCDRUG,M,200.0,"Bone, Sternum",No Remarkable Findings,,,,
PC201708,PC201708-4009,4,200 mg/kg PCDRUG,M,200.0,Brain,No Remarkable Findings,,,,
PC201708,PC201708-4009,4,200 mg/kg PCDRUG,M,200.0,Epididymis,No Remarkable Findings,,,,
PC201708,PC201708-4009,4,200 mg/kg PCDRUG,M,200.0,Esophagus,No Remarkable Findings,,,,
PC201708,PC201708-4009,4,200 mg/kg PCDRUG,M,200.0,Eye,No Remarkable Findings,,,,
PC201708,PC201708-4009,4,200 mg/kg PCDRUG,M,200.0,"Gland, Adrenal",Vacuolization,1,Mild,cortex; diffuse,
PC201708,PC201708-4009,4,200 mg/kg PCDRUG,M,200.0,"Gland, Coagulating",No Remarkable Findings,,,,
PC201708,PC201708-4009,4,200 mg/kg PCDRUG,M,200.0,"Gland, Harderian",No Remarkable Findings,,,,
PC201708,PC201708-4009,4,200 mg/kg PCDRUG,M,200.0,"Gland, Mammary",No Remarkable Findings,,,,
PC201708,PC201708-4009,4,200 mg/kg PCDRUG,M,200.0,"Gland, Parathyroid",No Remarkable Findings,,,,
PC201708,PC201708-4009,4,200 mg/kg PCDRUG,M,200.0,"Gland, Pituitary",No Remarkable Findings,,,,
PC201708,PC201708-4009,4,200 mg/kg PCDRUG,M,200.0,"Gland, Prostate",Inflammation,1,Mild,acute; dorsolateral; focal,
PC201708,PC201708-4009,4,200 mg/kg PCDRUG,M,200.0,"Gland, Salivary, Parotid",No Remarkable Findings,,,,
PC201708,PC201708-4009,4,200 mg/kg PCDRUG,M,200.0,"Gland, Salivary, Sublingual",No Remarkable Findings,,,,
PC201708,PC201708-4009,4,200 mg/kg PCDRUG,M,200.0,"Gland, Salivary, Submandibular",No Remarkable Findings,,,,
PC201708,PC201708-4009,4,200 mg/kg PCDRUG,M,200.0,"Gland, Seminal Vesicle",No Remarkable Findings,,,,
PC201708,PC201708-4009,4,200 mg/kg PCDRUG,M,200.0,"Gland, Thyroid",No Remarkable Findings,,,,
PC201708,PC201708-4009,4,200 mg/kg PCDRUG,M,200.0,Heart,Inflammation,1,Mild,chronic; myocardium; focal; left ventricle,
PC201708,PC201708-4009,4,200 mg/kg PCDRUG,M,200.0,"Joint, Hip",No Remarkable Findings,,,,
PC201708,PC201708-4009,4,200 mg/kg PCDRUG,M,200.0,Kidney,No Remarkable Findings,,,,
PC201708,PC201708-4009,4,200 mg/kg PCDRUG,M,200.0,"Large Intestine, Cecum",No Remarkable Findings,,,,
PC201708,PC201708-4009,4,200 mg/kg PCDRUG,M,200.0,"Large Intestine, Colon",No Remarkable Findings,,,,
PC201708,PC201708-4009,4,200 mg/kg PCDRUG,M,200.0,"Large Intestine, Rectum",No Remarkable Findings,,,,
PC201708,PC201708-4009,4,200 mg/kg PCDRUG,M,200.0,Larynx,No Remarkable Findings,,,,
PC201708,PC201708-4009,4,200 mg/kg PCDRUG,M,200.0,Liver,Hypertrophy,1,Mild,hepatocellular; diffuse,
PC201708,PC201708-4009,4,200 mg/kg PCDRUG,M,200.0,Lung,Macrophages Intra-Alveolar,1,Mild,focal/multifocal; foamy,
PC201708,PC201708-4009,4,200 mg/kg PCDRUG,M,200.0,"Lymph Node, Mesenteric",No Remarkable Findings,,,,
PC201708,PC201708-4009,4,200 mg/kg PCDRUG,M,200.0,"Lymph Node, Popliteal",No Remarkable Findings,,,,
PC201708,PC201708-4009,4,200 mg/kg PCDRUG,M,200.0,"Muscle, Quadriceps Femoris",No Remarkable Findings,,,,
PC201708,PC201708-4009,4,200 mg/kg PCDRUG,M,200.0,"Nerve, Optic",No Remarkable Findings,,,,
PC201708,PC201708-4009,4,200 mg/kg PCDRUG,M,200.0,"Nerve, Sciatic",No Remarkable Findings,,,,
PC201708,PC201708-4009,4,200 mg/kg PCDRUG,M,200.0,Pancreas,No Remarkable Findings,,,,
PC201708,PC201708-4009,4,200 mg/kg PCDRUG,M,200.0,Peyer'S Patch,No Remarkable Findings,,,,
PC201708,PC201708-4009,4,200 mg/kg PCDRUG,M,200.0,Skin,No Remarkable Findings,,,,
PC201708,PC201708-4009,4,200 mg/kg PCDRUG,M,200.0,"Small Intestine, Duodenum",No Remarkable Findings,,,,
PC201708,PC201708-4009,4,200 mg/kg PCDRUG,M,200.0,"Small Intestine, Ileum",No Remarkable Findings,,,,
PC201708,PC201708-4009,4,200 mg/kg PCDRUG,M,200.0,"Small Intestine, Jejunum",No Remarkable Findings,,,,
PC201708,PC201708-4009,4,200 mg/kg PCDRUG,M,200.0,"Spinal Cord, Cervical",No Remarkable Findings,,,,
PC201708,PC201708-4009,4,200 mg/kg PCDRUG,M,200.0,"Spinal Cord, Lumbar",No Remarkable Findings,,,,
PC201708,PC201708-4009,4,200 mg/kg PCDRUG,M,200.0,"Spinal Cord, Thoracic",No Remarkable Findings,,,,
PC201708,PC201708-4009,4,200 mg/kg PCDRUG,M,200.0,Spleen,No Remarkable Findings,,,,
PC201708,PC201708-4009,4,200 mg/kg PCDRUG,M,200.0,Stomach,No Remarkable Findings,,,,
PC201708,PC201708-4009,4,200 mg/kg PCDRUG,M,200.0,Testis,No Remarkable Findings,,,,
PC201708,PC201708-4009,4,200 mg/kg PCDRUG,M,200.0,Thymus,No Remarkable Findings,,,,
PC201708,PC201708-4009,4,200 mg/kg PCDRUG,M,200.0,Tongue,No Remarkable Findings,,,,
PC201708,PC201708-4009,4,200 mg/kg PCDRUG,M,200.0,Trachea,No Remarkable Findings,,,,
PC201708,PC201708-4009,4,200 mg/kg PCDRUG,M,200.0,Ureter,No Remarkable Findings,,,,
PC201708,PC201708-4009,4,200 mg/kg PCDRUG,M,200.0,Urinary Bladder,No Remarkable Findings,,,,
PC201708,PC201708-4010,4,200 mg/kg PCDRUG,M,200.0,"Artery, Aorta",No Remarkable Findings,,,,
PC201708,PC201708-4010,4,200 mg/kg PCDRUG,M,200.0,"Bone Marrow, Femur",No Remarkable Findings,,,,
PC201708,PC201708-4010,4,200 mg/kg PCDRUG,M,200.0,"Bone Marrow, Sternum",No Remarkable Findings,,,,
PC201708,PC201708-4010,4,200 mg/kg PCDRUG,M,200.0,"Bone, Sternum",No Remarkable Findings,,,,
PC201708,PC201708-4010,4,200 mg/kg PCDRUG,M,200.0,Brain,No Remarkable Findings,,,,
PC201708,PC201708-4010,4,200 mg/kg PCDRUG,M,200.0,Epididymis,No Remarkable Findings,,,,
PC201708,PC201708-4010,4,200 mg/kg PCDRUG,M,200.0,Esophagus,No Remarkable Findings,,,,
PC201708,PC201708-4010,4,200 mg/kg PCDRUG,M,200.0,Eye,No Remarkable Findings,,,,
PC201708,PC201708-4010,4,200 mg/kg PCDRUG,M,200.0,"Gland, Adrenal",Vacuolization,1,Mild,cortex; diffuse,
PC201708,PC201708-4010,4,200 mg/kg PCDRUG,M,200.0,"Gland, Coagulating",No Remarkable Findings,,,,
PC201708,PC201708-4010,4,200 mg/kg PCDRUG,M,200.0,"Gland, Harderian",No Remarkable Findings,,,,
PC201708,PC201708-4010,4,200 mg/kg PCDRUG,M,200.0,"Gland, Mammary",Atrophy,1,Mild,fat,
PC201708,PC201708-4010,4,200 mg/kg PCDRUG,M,200.0,"Gland, Parathyroid",No Remarkable Findings,,,,
PC201708,PC201708-4010,4,200 mg/kg PCDRUG,M,200.0,"Gland, Pituitary",No Remarkable Findings,,,,
PC201708,PC201708-4010,4,200 mg/kg PCDRUG,M,200.0,"Gland, Prostate",Inflammation,1,Mild,chronic; ventral + dorsolateral,
PC201708,PC201708-4010,4,200 mg/kg PCDRUG,M,200.0,"Gland, Salivary, Parotid",No Remarkable Findings,,,,
PC201708,PC201708-4010,4,200 mg/kg PCDRUG,M,200.0,"Gland, Salivary, Sublingual",No Remarkable Findings,,,,
PC201708,PC201708-4010,4,200 mg/kg PCDRUG,M,200.0,"Gland, Salivary, Submandibular",No Remarkable Findings,,,,
PC201708,PC201708-4010,4,200 mg/kg PCDRUG,M,200.0,"Gland, Seminal Vesicle",No Remarkable Findings,,,,
PC201708,PC201708-4010,4,200 mg/kg PCDRUG,M,200.0,"Gland, Thyroid",No Remarkable Findings,,,,
PC201708,PC201708-4010,4,200 mg/kg PCDRUG,M,200.0,Heart,No Remarkable Findings,,,,
PC201708,PC201708-4010,4,200 mg/kg PCDRUG,M,200.0,"Joint, Hip",No Remarkable Findings,,,,
PC201708,PC201708-4010,4,200 mg/kg PCDRUG,M,200.0,Kidney,No Remarkable Findings,,,,
PC201708,PC201708-4010,4,200 mg/kg PCDRUG,M,200.0,"Large Intestine, Cecum",No Remarkable Findings,,,,
PC201708,PC201708-4010,4,200 mg/kg PCDRUG,M,200.0,"Large Intestine, Colon",No Remarkable Findings,,,,
PC201708,PC201708-4010,4,200 mg/kg PCDRUG,M,200.0,"Large Intestine, Rectum",No Remarkable Findings,,,,
PC201708,PC201708-4010,4,200 mg/kg PCDRUG,M,200.0,Larynx,No Remarkable Findings,,,,
PC201708,PC201708-4010,4,200 mg/kg PCDRUG,M,200.0,Liver,Hypertrophy,,,hepatocellular; diffuse,
PC201708,PC201708-4010,4,200 mg/kg PCDRUG,M,200.0,Lung,No Remarkable Findings,,,,
PC201708,PC201708-4010,4,200 mg/kg PCDRUG,M,200.0,"Lymph Node, Mesenteric",No Remarkable Findings,,,,
PC201708,PC201708-4010,4,200 mg/kg PCDRUG,M,200.0,"Lymph Node, Popliteal",No Remarkable Findings,,,,
PC201708,PC201708-4010,4,200 mg/kg PCDRUG,M,200.0,"Muscle, Quadriceps Femoris",No Remarkable Findings,,,,
PC201708,PC201708-4010,4,200 mg/kg PCDRUG,M,200.0,"Nerve, Optic",No Remarkable Findings,,,,
PC201708,PC201708-4010,4,200 mg/kg PCDRUG,M,200.0,"Nerve, Sciatic",No Remarkable Findings,,,,
PC201708,PC201708-4010,4,200 mg/kg PCDRUG,M,200.0,Pancreas,No Remarkable Findings,,,,
PC201708,PC201708-4010,4,200 mg/kg PCDRUG,M,200.0,Peyer'S Patch,Mineralization,1,Mild,multifocal,
PC201708,PC201708-4010,4,200 mg/kg PCDRUG,M,200.0,Skin,No Remarkable Findings,,,,
PC201708,PC201708-4010,4,200 mg/kg PCDRUG,M,200.0,"Small Intestine, Duodenum",No Remarkable Findings,,,,
PC201708,PC201708-4010,4,200 mg/kg PCDRUG,M,200.0,"Small Intestine, Ileum",No Remarkable Findings,,,,
PC201708,PC201708-4010,4,200 mg/kg PCDRUG,M,200.0,"Small Intestine, Jejunum",No Remarkable Findings,,,,
PC201708,PC201708-4010,4,200 mg/kg PCDRUG,M,200.0,"Spinal Cord, Cervical",No Remarkable Findings,,,,
PC201708,PC201708-4010,4,200 mg/kg PCDRUG,M,200.0,"Spinal Cord, Lumbar",No Remarkable Findings,,,,
PC201708,PC201708-4010,4,200 mg/kg PCDRUG,M,200.0,"Spinal Cord, Thoracic",No Remarkable Findings,,,,
PC201708,PC201708-4010,4,200 mg/kg PCDRUG,M,200.0,Spleen,Congestion,1,Mild,red pulp; diffuse,
PC201708,PC201708-4010,4,200 mg/kg PCDRUG,M,200.0,Spleen,Pigmentation,2,Moderate,red pulp; diffuse,
PC201708,PC201708-4010,4,200 mg/kg PCDRUG,M,200.0,Stomach,No Remarkable Findings,,,,
PC201708,PC201708-4010,4,200 mg/kg PCDRUG,M,200.0,Testis,No Remarkable Findings,,,,
PC201708,PC201708-4010,4,200 mg/kg PCDRUG,M,200.0,Thymus,No Remarkable Findings,,,,
PC201708,PC201708-4010,4,200 mg/kg PCDRUG,M,200.0,Tongue,No Remarkable Findings,,,,
PC201708,PC201708-4010,4,200 mg/kg PCDRUG,M,200.0,Trachea,No Remarkable Findings,,,,
PC201708,PC201708-4010,4,200 mg/kg PCDRUG,M,200.0,Ureter,No Remarkable Findings,,,,
PC201708,PC201708-4010,4,200 mg/kg PCDRUG,M,200.0,Urinary Bladder,No Remarkable Findings,,,,
PC201708,PC201708-4011,4,200 mg/kg PCDRUG,M,200.0,"Bone Marrow, Sternum",No Remarkable Findings,,,,
PC201708,PC201708-4011,4,200 mg/kg PCDRUG,M,200.0,"Bone, Sternum",No Remarkable Findings,,,,
PC201708,PC201708-4011,4,200 mg/kg PCDRUG,M,200.0,"Gland, Adrenal",Vacuolization,1,Mild,cortex; diffuse,
PC201708,PC201708-4011,4,200 mg/kg PCDRUG,M,200.0,"Gland, Mammary",No Remarkable Findings,,,,
PC201708,PC201708-4011,4,200 mg/kg PCDRUG,M,200.0,"Gland, Thyroid",No Remarkable Findings,,,,
PC201708,PC201708-4011,4,200 mg/kg PCDRUG,M,200.0,Liver,Hypertrophy,1,Mild,hepatocellular; diffuse,
PC201708,PC201708-4011,4,200 mg/kg PCDRUG,M,200.0,Liver,Vacuolization,1,Mild,hepatocellular; diffuse; eprilobular,
PC201708,PC201708-4012,4,200 mg/kg PCDRUG,M,200.0,"Bone Marrow, Sternum",No Remarkable Findings,,,,
PC201708,PC201708-4012,4,200 mg/kg PCDRUG,M,200.0,"Bone, Sternum",No Remarkable Findings,,,,
PC201708,PC201708-4012,4,200 mg/kg PCDRUG,M,200.0,"Gland, Adrenal",No Remarkable Findings,,,,
PC201708,PC201708-4012,4,200 mg/kg PCDRUG,M,200.0,"Gland, Mammary",No Remarkable Findings,,,,
PC201708,PC201708-4012,4,200 mg/kg PCDRUG,M,200.0,"Gland, Thyroid",No Remarkable Findings,,,,
PC201708,PC201708-4012,4,200 mg/kg PCDRUG,M,200.0,Liver,Necrosis,1,Mild,multifocal,
PC201708,PC201708-4013,4,200 mg/kg PCDRUG,M,200.0,"Bone Marrow, Sternum",No Remarkable Findings,,,,
PC201708,PC201708-4013,4,200 mg/kg PCDRUG,M,200.0,"Bone, Sternum",No Remarkable Findings,,,,
PC201708,PC201708-4013,4,200 mg/kg PCDRUG,M,200.0,"Gland, Adrenal",Vacuolization,1,Mild,cortex; diffuse,
PC201708,PC201708-4013,4,200 mg/kg PCDRUG,M,200.0,"Gland, Mammary",No Remarkable Findings,,,,
PC201708,PC201708-4013,4,200 mg/kg PCDRUG,M,200.0,"Gland, Thyroid",No Remarkable Findings,,,,
PC201708,PC201708-4013,4,200 mg/kg PCDRUG,M,200.0,Liver,Hypertrophy,1,Mild,hepatocellular; diffuse,
PC201708,PC201708-4014,4,200 mg/kg PCDRUG,M,200.0,"Bone Marrow, Sternum",No Remarkable Findings,,,,
PC201708,PC201708-4014,4,200 mg/kg PCDRUG,M,200.0,"Bone, Sternum",No Remarkable Findings,,,,
PC201708,PC201708-4014,4,200 mg/kg PCDRUG,M,200.0,"Gland, Adrenal",No Remarkable Findings,,,,
PC201708,PC201708-4014,4,200 mg/kg PCDRUG,M,200.0,"Gland, Mammary",No Remarkable Findings,,,,
PC201708,PC201708-4014,4,200 mg/kg PCDRUG,M,200.0,"Gland, Thyroid",No Remarkable Findings,,,,
PC201708,PC201708-4014,4,200 mg/kg PCDRUG,M,200.0,Liver,Vacuolization,2,Moderate,hepatocellular; diffuse; perilobular,
PC201708,PC201708-4015,4,200 mg/kg PCDRUG,M,200.0,"Bone Marrow, Sternum",No Remarkable Findings,,,,
PC201708,PC201708-4015,4,200 mg/kg PCDRUG,M,200.0,"Bone, Sternum",No Remarkable Findings,,,,
PC201708,PC201708-4015,4,200 mg/kg PCDRUG,M,200.0,"Gland, Adrenal",No Remarkable Findings,,,,
PC201708,PC201708-4015,4,200 mg/kg PCDRUG,M,200.0,"Gland, Mammary",No Remarkable Findings,,,,
PC201708,PC201708-4015,4,200 mg/kg PCDRUG,M,200.0,"Gland, Thyroid",No Remarkable Findings,,,,
PC201708,PC201708-4015,4,200 mg/kg PCDRUG,M,200.0,Liver,Hypertrophy,1,Mild,hepatocellular; diffuse,
PC201708,PC201708-4101,4,200 mg/kg PCDRUG,F,200.0,"Artery, Aorta",No Remarkable Findings,,,,
PC201708,PC201708-4101,4,200 mg/kg PCDRUG,F,200.0,"Bone Marrow, Femur",No Remarkable Findings,,,,
PC201708,PC201708-4101,4,200 mg/kg PCDRUG,F,200.0,"Bone Marrow, Sternum",No Remarkable Findings,,,,
PC201708,PC201708-4101,4,200 mg/kg PCDRUG,F,200.0,"Bone, Sternum",No Remarkable Findings,,,,
PC201708,PC201708-4101,4,200 mg/kg PCDRUG,F,200.0,Brain,No Remarkable Findings,,,,
PC201708,PC201708-4101,4,200 mg/kg PCDRUG,F,200.0,Esophagus,No Remarkable Findings,,,,
PC201708,PC201708-4101,4,200 mg/kg PCDRUG,F,200.0,Eye,No Remarkable Findings,,,,
PC201708,PC201708-4101,4,200 mg/kg PCDRUG,F,200.0,"Gland, Adrenal",Vacuolization,1,Mild,cortex; diffuse,
PC201708,PC201708-4101,4,200 mg/kg PCDRUG,F,200.0,"Gland, Harderian",Dilatation,1,Mild,acinus(i); focal,
PC201708,PC201708-4101,4,200 mg/kg PCDRUG,F,200.0,"Gland, Mammary",Atrophy,2,Moderate,fat,
PC201708,PC201708-4101,4,200 mg/kg PCDRUG,F,200.0,"Gland, Parathyroid",No Remarkable Findings,,,,
PC201708,PC201708-4101,4,200 mg/kg PCDRUG,F,200.0,"Gland, Pituitary",No Remarkable Findings,,,,
PC201708,PC201708-4101,4,200 mg/kg PCDRUG,F,200.0,"Gland, Salivary, Parotid",Metaplasia,1,Mild,mucinous,
PC201708,PC201708-4101,4,200 mg/kg PCDRUG,F,200.0,"Gland, Salivary, Sublingual",No Remarkable Findings,,,,
PC201708,PC201708-4101,4,200 mg/kg PCDRUG,F,200.0,"Gland, Salivary, Submandibular",No Remarkable Findings,,,,
PC201708,PC201708-4101,4,200 mg/kg PCDRUG,F,200.0,"Gland, Thyroid",No Remarkable Findings,,,,
PC201708,PC201708-4101,4,200 mg/kg PCDRUG,F,200.0,Heart,No Remarkable Findings,,,,
PC201708,PC201708-4101,4,200 mg/kg PCDRUG,F,200.0,"Joint, Hip",No Remarkable Findings,,,,
PC201708,PC201708-4101,4,200 mg/kg PCDRUG,F,200.0,Kidney,No Remarkable Findings,,,,
PC201708,PC201708-4101,4,200 mg/kg PCDRUG,F,200.0,"Large Intestine, Cecum",No Remarkable Findings,,,,
PC201708,PC201708-4101,4,200 mg/kg PCDRUG,F,200.0,"Large Intestine, Colon",No Remarkable Findings,,,,
PC201708,PC201708-4101,4,200 mg/kg PCDRUG,F,200.0,"Large Intestine, Rectum",No Remarkable Findings,,,,
PC201708,PC201708-4101,4,200 mg/kg PCDRUG,F,200.0,Larynx,No Remarkable Findings,,,,
PC201708,PC201708-4101,4,200 mg/kg PCDRUG,F,200.0,Liver,Hypertrophy,1,Mild,hepatocellular; diffuse,
PC201708,PC201708-4101,4,200 mg/kg PCDRUG,F,200.0,Lung,Macrophages Intra-Alveolar,1,Mild,focal/multifocal; foamy,
PC201708,PC201708-4101,4,200 mg/kg PCDRUG,F,200.0,"Lymph Node, Mesenteric",No Remarkable Findings,,,,
PC201708,PC201708-4101,4,200 mg/kg PCDRUG,F,200.0,"Lymph Node, Popliteal",No Remarkable Findings,,,,
PC201708,PC201708-4101,4,200 mg/kg PCDRUG,F,200.0,"Muscle, Quadriceps Femoris",No Remarkable Findings,,,,
PC201708,PC201708-4101,4,200 mg/kg PCDRUG,F,200.0,"Nerve, Optic",No Remarkable Findings,,,,
PC201708,PC201708-4101,4,200 mg/kg PCDRUG,F,200.0,"Nerve, Sciatic",No Remarkable Findings,,,,
PC201708,PC201708-4101,4,200 mg/kg PCDRUG,F,200.0,Pancreas,Inflammation,2,Moderate,chronic; multifocal; atrophic,
PC201708,PC201708-4101,4,200 mg/kg PCDRUG,F,200.0,Peyer'S Patch,No Remarkable Findings,,,,
PC201708,PC201708-4101,4,200 mg/kg PCDRUG,F,200.0,Skin,No Remarkable Findings,,,,
PC201708,PC201708-4101,4,200 mg/kg PCDRUG,F,200.0,"Small Intestine, Duodenum",No Remarkable Findings,,,,
PC201708,PC201708-4101,4,200 mg/kg PCDRUG,F,200.0,"Small Intestine, Ileum",No Remarkable Findings,,,,
PC201708,PC201708-4101,4,200 mg/kg PCDRUG,F,200.0,"Small Intestine, Jejunum",No Remarkable Findings,,,,
PC201708,PC201708-4101,4,200 mg/kg PCDRUG,F,200.0,"Spinal Cord, Cervical",No Remarkable Findings,,,,
PC201708,PC201708-4101,4,200 mg/kg PCDRUG,F,200.0,"Spinal Cord, Lumbar",No Remarkable Findings,,,,
PC201708,PC201708-4101,4,200 mg/kg PCDRUG,F,200.0,"Spinal Cord, Thoracic",No Remarkable Findings,,,,
PC201708,PC201708-4101,4,200 mg/kg PCDRUG,F,200.0,Spleen,Congestion,1,Mild,red pulp; diffuse,
PC201708,PC201708-4101,4,200 mg/kg PCDRUG,F,200.0,Spleen,Pigmentation,1,Mild,red pulp; diffuse,
PC201708,PC201708-4101,4,200 mg/kg PCDRUG,F,200.0,Stomach,No Remarkable Findings,,,,
PC201708,PC201708-4101,4,200 mg/kg PCDRUG,F,200.0,Thymus,No Remarkable Findings,,,,
PC201708,PC201708-4101,4,200 mg/kg PCDRUG,F,200.0,Tongue,Hemorrhage,1,Mild,,
PC201708,PC201708-4101,4,200 mg/kg PCDRUG,F,200.0,Trachea,No Remarkable Findings,,,,
PC201708,PC201708-4101,4,200 mg/kg PCDRUG,F,200.0,Ureter,No Remarkable Findings,,,,
PC201708,PC201708-4101,4,200 mg/kg PCDRUG,F,200.0,Urinary Bladder,No Remarkable Findings,,,,
PC201708,PC201708-4101,4,200 mg/kg PCDRUG,F,200.0,Uterus,No Remarkable Findings,,,,
PC201708,PC201708-4102,4,200 mg/kg PCDRUG,F,200.0,"Artery, Aorta",No Remarkable Findings,,,,
PC201708,PC201708-4102,4,200 mg/kg PCDRUG,F,200.0,"Bone Marrow, Femur",No Remarkable Findings,,,,
PC201708,PC201708-4102,4,200 mg/kg PCDRUG,F,200.0,"Bone Marrow, Sternum",No Remarkable Findings,,,,
PC201708,PC201708-4102,4,200 mg/kg PCDRUG,F,200.0,"Bone, Sternum",No Remarkable Findings,,,,
PC201708,PC201708-4102,4,200 mg/kg PCDRUG,F,200.0,Brain,No Remarkable Findings,,,,
PC201708,PC201708-4102,4,200 mg/kg PCDRUG,F,200.0,Esophagus,No Remarkable Findings,,,,
PC201708,PC201708-4102,4,200 mg/kg PCDRUG,F,200.0,Eye,Retinal Fold,1,Mild,single,
PC201708,PC201708-4102,4,200 mg/kg PCDRUG,F,200.0,"Gland, Adrenal",Hemorrhage,1,Mild,cortex; focal,
PC201708,PC201708-4102,4,200 mg/kg PCDRUG,F,200.0,"Gland, Adrenal",Vacuolization,1,Mild,cortex; diffuse,
PC201708,PC201708-4102,4,200 mg/kg PCDRUG,F,200.0,"Gland, Harderian",No Remarkable Findings,,,,
PC201708,PC201708-4102,4,200 mg/kg PCDRUG,F,200.0,"Gland, Mammary",Atrophy,2,Moderate,fat,
PC201708,PC201708-4102,4,200 mg/kg PCDRUG,F,200.0,"Gland, Parathyroid",No Remarkable Findings,,,,
PC201708,PC201708-4102,4,200 mg/kg PCDRUG,F,200.0,"Gland, Pituitary",No Remarkable Findings,,,,
PC201708,PC201708-4102,4,200 mg/kg PCDRUG,F,200.0,"Gland, Salivary, Parotid",No Remarkable Findings,,,,
PC201708,PC201708-4102,4,200 mg/kg PCDRUG,F,200.0,"Gland, Salivary, Sublingual",No Remarkable Findings,,,,
PC201708,PC201708-4102,4,200 mg/kg PCDRUG,F,200.0,"Gland, Salivary, Submandibular",No Remarkable Findings,,,,
PC201708,PC201708-4102,4,200 mg/kg PCDRUG,F,200.0,"Gland, Thyroid",No Remarkable Findings,,,,
PC201708,PC201708-4102,4,200 mg/kg PCDRUG,F,200.0,Heart,Inflammation,1,Mild,chronic; myocardium; focal; left ventricle,
PC201708,PC201708-4102,4,200 mg/kg PCDRUG,F,200.0,"Joint, Hip",No Remarkable Findings,,,,
PC201708,PC201708-4102,4,200 mg/kg PCDRUG,F,200.0,Kidney,No Remarkable Findings,,,,
PC201708,PC201708-4102,4,200 mg/kg PCDRUG,F,200.0,"Large Intestine, Cecum",No Remarkable Findings,,,,
PC201708,PC201708-4102,4,200 mg/kg PCDRUG,F,200.0,"Large Intestine, Colon",No Remarkable Findings,,,,
PC201708,PC201708-4102,4,200 mg/kg PCDRUG,F,200.0,"Large Intestine, Rectum",No Remarkable Findings,,,,
PC201708,PC201708-4102,4,200 mg/kg PCDRUG,F,200.0,Larynx,No Remarkable Findings,,,,
PC201708,PC201708-4102,4,200 mg/kg PCDRUG,F,200.0,Liver,Hypertrophy,1,Mild,hepatocellular; diffuse,
PC201708,PC201708-4102,4,200 mg/kg PCDRUG,F,200.0,Lung,Macrophages Intra-Alveolar,1,Mild,focal/multifocal; foamy,
PC201708,PC201708-4102,4,200 mg/kg PCDRUG,F,200.0,"Lymph Node, Mesenteric",No Remarkable Findings,,,,
PC201708,PC201708-4102,4,200 mg/kg PCDRUG,F,200.0,"Lymph Node, Popliteal",No Remarkable Findings,,,,
PC201708,PC201708-4102,4,200 mg/kg PCDRUG,F,200.0,"Muscle, Quadriceps Femoris",No Remarkable Findings,,,,
PC201708,PC201708-4102,4,200 mg/kg PCDRUG,F,200.0,"Nerve, Optic",No Remarkable Findings,,,,
PC201708,PC201708-4102,4,200 mg/kg PCDRUG,F,200.0,"Nerve, Sciatic",No Remarkable Findings,,,,
PC201708,PC201708-4102,4,200 mg/kg PCDRUG,F,200.0,Pancreas,No Remarkable Findings,,,,
PC201708,PC201708-4102,4,200 mg/kg PCDRUG,F,200.0,Peyer'S Patch,Mineralization,1,Mild,multifocal,
PC201708,PC201708-4102,4,200 mg/kg PCDRUG,F,200.0,Skin,No Remarkable Findings,,,,
PC201708,PC201708-4102,4,200 mg/kg PCDRUG,F,200.0,"Small Intestine, Duodenum",No Remarkable Findings,,,,
PC201708,PC201708-4102,4,200 mg/kg PCDRUG,F,200.0,"Small Intestine, Ileum",No Remarkable Findings,,,,
PC201708,PC201708-4102,4,200 mg/kg PCDRUG,F,200.0,"Small Intestine, Jejunum",No Remarkable Findings,,,,
PC201708,PC201708-4102,4,200 mg/kg PCDRUG,F,200.0,"Spinal Cord, Cervical",No Remarkable Findings,,,,
PC201708,PC201708-4102,4,200 mg/kg PCDRUG,F,200.0,"Spinal Cord, Lumbar",No Remarkable Findings,,,,
PC201708,PC201708-4102,4,200 mg/kg PCDRUG,F,200.0,"Spinal Cord, Thoracic",No Remarkable Findings,,,,
PC201708,PC201708-4102,4,200 mg/kg PCDRUG,F,200.0,Spleen,Congestion,1,Mild,red pulp; diffuse,
PC201708,PC201708-4102,4,200 mg/kg PCDRUG,F,200.0,Spleen,Pigmentation,1,Mild,red pulp; diffuse,
PC201708,PC201708-4102,4,200 mg/kg PCDRUG,F,200.0,Stomach,No Remarkable Findings,,,,
PC201708,PC201708-4102,4,200 mg/kg PCDRUG,F,200.0,Thymus,No Remarkable Findings,,,,
PC201708,PC201708-4102,4,200 mg/kg PCDRUG,F,200.0,Tongue,Hemorrhage,1,Mild,,
PC201708,PC201708-4102,4,200 mg/kg PCDRUG,F,200.0,Trachea,No Remarkable Findings,,,,
PC201708,PC201708-4102,4,200 mg/kg PCDRUG,F,200.0,Ureter,No Remarkable Findings,,,,
PC201708,PC201708-4102,4,200 mg/kg PCDRUG,F,200.0,Urinary Bladder,No Remarkable Findings,,,,
PC201708,PC201708-4102,4,200 mg/kg PCDRUG,F,200.0,Uterus,No Remarkable Findings,,,,
PC201708,PC201708-4103,4,200 mg/kg PCDRUG,F,200.0,"Artery, Aorta",No Remarkable Findings,,,,
PC201708,PC201708-4103,4,200 mg/kg PCDRUG,F,200.0,"Bone Marrow, Femur",No Remarkable Findings,,,,
PC201708,PC201708-4103,4,200 mg/kg PCDRUG,F,200.0,"Bone Marrow, Sternum",No Remarkable Findings,,,,
PC201708,PC201708-4103,4,200 mg/kg PCDRUG,F,200.0,"Bone, Sternum",No Remarkable Findings,,,,
PC201708,PC201708-4103,4,200 mg/kg PCDRUG,F,200.0,Brain,No Remarkable Findings,,,,
PC201708,PC201708-4103,4,200 mg/kg PCDRUG,F,200.0,Esophagus,No Remarkable Findings,,,,
PC201708,PC201708-4103,4,200 mg/kg PCDRUG,F,200.0,Eye,No Remarkable Findings,,,,
PC201708,PC201708-4103,4,200 mg/kg PCDRUG,F,200.0,"Gland, Adrenal",Vacuolization,1,Mild,cortex; diffuse,
PC201708,PC201708-4103,4,200 mg/kg PCDRUG,F,200.0,"Gland, Harderian",No Remarkable Findings,,,,
PC201708,PC201708-4103,4,200 mg/kg PCDRUG,F,200.0,"Gland, Mammary",Atrophy,2,Moderate,fat,
PC201708,PC201708-4103,4,200 mg/kg PCDRUG,F,200.0,"Gland, Parathyroid",No Remarkable Findings,,,,
PC201708,PC201708-4103,4,200 mg/kg PCDRUG,F,200.0,"Gland, Pituitary",No Remarkable Findings,,,,
PC201708,PC201708-4103,4,200 mg/kg PCDRUG,F,200.0,"Gland, Salivary, Parotid",No Remarkable Findings,,,,
PC201708,PC201708-4103,4,200 mg/kg PCDRUG,F,200.0,"Gland, Salivary, Sublingual",No Remarkable Findings,,,,
PC201708,PC201708-4103,4,200 mg/kg PCDRUG,F,200.0,"Gland, Salivary, Submandibular",No Remarkable Findings,,,,
PC201708,PC201708-4103,4,200 mg/kg PCDRUG,F,200.0,"Gland, Thyroid",No Remarkable Findings,,,,
PC201708,PC201708-4103,4,200 mg/kg PCDRUG,F,200.0,Heart,No Remarkable Findings,,,,
PC201708,PC201708-4103,4,200 mg/kg PCDRUG,F,200.0,"Joint, Hip",No Remarkable Findings,,,,
PC201708,PC201708-4103,4,200 mg/kg PCDRUG,F,200.0,Kidney,Necrosis,2,Moderate,proximal tubule; focal,
PC201708,PC201708-4103,4,200 mg/kg PCDRUG,F,200.0,"Large Intestine, Cecum",No Remarkable Findings,,,,
PC201708,PC201708-4103,4,200 mg/kg PCDRUG,F,200.0,"Large Intestine, Colon",No Remarkable Findings,,,,
PC201708,PC201708-4103,4,200 mg/kg PCDRUG,F,200.0,"Large Intestine, Rectum",No Remarkable Findings,,,,
PC201708,PC201708-4103,4,200 mg/kg PCDRUG,F,200.0,Larynx,No Remarkable Findings,,,,
PC201708,PC201708-4103,4,200 mg/kg PCDRUG,F,200.0,Liver,Hypertrophy,1,Mild,hepatocellular; diffuse,
PC201708,PC201708-4103,4,200 mg/kg PCDRUG,F,200.0,Liver,Necrosis,1,Mild,multifocal,
PC201708,PC201708-4103,4,200 mg/kg PCDRUG,F,200.0,Lung,No Remarkable Findings,,,,
PC201708,PC201708-4103,4,200 mg/kg PCDRUG,F,200.0,"Lymph Node, Mesenteric",No Remarkable Findings,,,,
PC201708,PC201708-4103,4,200 mg/kg PCDRUG,F,200.0,"Lymph Node, Popliteal",No Remarkable Findings,,,,
PC201708,PC201708-4103,4,200 mg/kg PCDRUG,F,200.0,"Muscle, Quadriceps Femoris",No Remarkable Findings,,,,
PC201708,PC201708-4103,4,200 mg/kg PCDRUG,F,200.0,"Nerve, Optic",No Remarkable Findings,,,,
PC201708,PC201708-4103,4,200 mg/kg PCDRUG,F,200.0,"Nerve, Sciatic",No Remarkable Findings,,,,
PC201708,PC201708-4103,4,200 mg/kg PCDRUG,F,200.0,Pancreas,No Remarkable Findings,,,,
PC201708,PC201708-4103,4,200 mg/kg PCDRUG,F,200.0,Peyer'S Patch,Mineralization,1,Mild,multifocal,
PC201708,PC201708-4103,4,200 mg/kg PCDRUG,F,200.0,Skin,No Remarkable Findings,,,,
PC201708,PC201708-4103,4,200 mg/kg PCDRUG,F,200.0,"Small Intestine, Duodenum",No Remarkable Findings,,,,
PC201708,PC201708-4103,4,200 mg/kg PCDRUG,F,200.0,"Small Intestine, Ileum",No Remarkable Findings,,,,
PC201708,PC201708-4103,4,200 mg/kg PCDRUG,F,200.0,"Small Intestine, Jejunum",No Remarkable Findings,,,,
PC201708,PC201708-4103,4,200 mg/kg PCDRUG,F,200.0,"Spinal Cord, Cervical",No Remarkable Findings,,,,
PC201708,PC201708-4103,4,200 mg/kg PCDRUG,F,200.0,"Spinal Cord, Lumbar",No Remarkable Findings,,,,
PC201708,PC201708-4103,4,200 mg/kg PCDRUG,F,200.0,"Spinal Cord, Thoracic",No Remarkable Findings,,,,
PC201708,PC201708-4103,4,200 mg/kg PCDRUG,F,200.0,Spleen,Congestion,1,Mild,red pulp; diffuse,
PC201708,PC201708-4103,4,200 mg/kg PCDRUG,F,200.0,Spleen,Pigmentation,1,Mild,red pulp; diffuse,
PC201708,PC201708-4103,4,200 mg/kg PCDRUG,F,200.0,Stomach,No Remarkable Findings,,,,
PC201708,PC201708-4103,4,200 mg/kg PCDRUG,F,200.0,Thymus,No Remarkable Findings,,,,
PC201708,PC201708-4103,4,200 mg/kg PCDRUG,F,200.0,Tongue,No Remarkable Findings,,,,
PC201708,PC201708-4103,4,200 mg/kg PCDRUG,F,200.0,Trachea,No Remarkable Findings,,,,
PC201708,PC201708-4103,4,200 mg/kg PCDRUG,F,200.0,Ureter,No Remarkable Findings,,,,
PC201708,PC201708-4103,4,200 mg/kg PCDRUG,F,200.0,Urinary Bladder,No Remarkable Findings,,,,
PC201708,PC201708-4103,4,200 mg/kg PCDRUG,F,200.0,Uterus,No Remarkable Findings,,,,
PC201708,PC201708-4104,4,200 mg/kg PCDRUG,F,200.0,"Artery, Aorta",No Remarkable Findings,,,,
PC201708,PC201708-4104,4,200 mg/kg PCDRUG,F,200.0,"Bone Marrow, Femur",Fibrosis,1,Mild,focal in epiphyseal marrow,
PC201708,PC201708-4104,4,200 mg/kg PCDRUG,F,200.0,"Bone Marrow, Sternum",No Remarkable Findings,,,,
PC201708,PC201708-4104,4,200 mg/kg PCDRUG,F,200.0,"Bone, Sternum",No Remarkable Findings,,,,
PC201708,PC201708-4104,4,200 mg/kg PCDRUG,F,200.0,Brain,No Remarkable Findings,,,,
PC201708,PC201708-4104,4,200 mg/kg PCDRUG,F,200.0,Esophagus,No Remarkable Findings,,,,
PC201708,PC201708-4104,4,200 mg/kg PCDRUG,F,200.0,Eye,No Remarkable Findings,,,,
PC201708,PC201708-4104,4,200 mg/kg PCDRUG,F,200.0,"Gland, Adrenal",Vacuolization,1,Mild,cortex; diffuse,
PC201708,PC201708-4104,4,200 mg/kg PCDRUG,F,200.0,"Gland, Harderian",No Remarkable Findings,,,,
PC201708,PC201708-4104,4,200 mg/kg PCDRUG,F,200.0,"Gland, Mammary",No Remarkable Findings,,,,
PC201708,PC201708-4104,4,200 mg/kg PCDRUG,F,200.0,"Gland, Parathyroid",No Remarkable Findings,,,,
PC201708,PC201708-4104,4,200 mg/kg PCDRUG,F,200.0,"Gland, Pituitary",No Remarkable Findings,,,,
PC201708,PC201708-4104,4,200 mg/kg PCDRUG,F,200.0,"Gland, Salivary, Parotid",No Remarkable Findings,,,,
PC201708,PC201708-4104,4,200 mg/kg PCDRUG,F,200.0,"Gland, Salivary, Sublingual",No Remarkable Findings,,,,
PC201708,PC201708-4104,4,200 mg/kg PCDRUG,F,200.0,"Gland, Salivary, Submandibular",No Remarkable Findings,,,,
PC201708,PC201708-4104,4,200 mg/kg PCDRUG,F,200.0,"Gland, Thyroid",No Remarkable Findings,,,,
PC201708,PC201708-4104,4,200 mg/kg PCDRUG,F,200.0,Heart,No Remarkable Findings,,,,
PC201708,PC201708-4104,4,200 mg/kg PCDRUG,F,200.0,"Joint, Hip",No Remarkable Findings,,,,
PC201708,PC201708-4104,4,200 mg/kg PCDRUG,F,200.0,Kidney,Necrosis,2,Moderate,proximal tubule; focal,
PC201708,PC201708-4104,4,200 mg/kg PCDRUG,F,200.0,"Large Intestine, Cecum",No Remarkable Findings,,,,
PC201708,PC201708-4104,4,200 mg/kg PCDRUG,F,200.0,"Large Intestine, Colon",No Remarkable Findings,,,,
PC201708,PC201708-4104,4,200 mg/kg PCDRUG,F,200.0,"Large Intestine, Rectum",No Remarkable Findings,,,,
PC201708,PC201708-4104,4,200 mg/kg PCDRUG,F,200.0,Larynx,No Remarkable Findings,,,,
PC201708,PC201708-4104,4,200 mg/kg PCDRUG,F,200.0,Liver,Hypertrophy,2,Moderate,hepatocellular; diffuse,
PC201708,PC201708-4104,4,200 mg/kg PCDRUG,F,200.0,Liver,Vacuolization,2,Moderate,centrilobular,
PC201708,PC201708-4104,4,200 mg/kg PCDRUG,F,200.0,Lung,No Remarkable Findings,,,,
PC201708,PC201708-4104,4,200 mg/kg PCDRUG,F,200.0,"Lymph Node, Mesenteric",No Remarkable Findings,,,,
PC201708,PC201708-4104,4,200 mg/kg PCDRUG,F,200.0,"Lymph Node, Popliteal",No Remarkable Findings,,,,
PC201708,PC201708-4104,4,200 mg/kg PCDRUG,F,200.0,"Muscle, Quadriceps Femoris",No Remarkable Findings,,,,
PC201708,PC201708-4104,4,200 mg/kg PCDRUG,F,200.0,"Nerve, Optic",No Remarkable Findings,,,,
PC201708,PC201708-4104,4,200 mg/kg PCDRUG,F,200.0,"Nerve, Sciatic",No Remarkable Findings,,,,
PC201708,PC201708-4104,4,200 mg/kg PCDRUG,F,200.0,Pancreas,No Remarkable Findings,,,,
PC201708,PC201708-4104,4,200 mg/kg PCDRUG,F,200.0,Peyer'S Patch,No Remarkable Findings,,,,
PC201708,PC201708-4104,4,200 mg/kg PCDRUG,F,200.0,Skin,No Remarkable Findings,,,,
PC201708,PC201708-4104,4,200 mg/kg PCDRUG,F,200.0,"Small Intestine, Duodenum",No Remarkable Findings,,,,
PC201708,PC201708-4104,4,200 mg/kg PCDRUG,F,200.0,"Small Intestine, Ileum",No Remarkable Findings,,,,
PC201708,PC201708-4104,4,200 mg/kg PCDRUG,F,200.0,"Small Intestine, Jejunum",No Remarkable Findings,,,,
PC201708,PC201708-4104,4,200 mg/kg PCDRUG,F,200.0,"Spinal Cord, Cervical",No Remarkable Findings,,,,
PC201708,PC201708-4104,4,200 mg/kg PCDRUG,F,200.0,"Spinal Cord, Lumbar",No Remarkable Findings,,,,
PC201708,PC201708-4104,4,200 mg/kg PCDRUG,F,200.0,"Spinal Cord, Thoracic",No Remarkable Findings,,,,
PC201708,PC201708-4104,4,200 mg/kg PCDRUG,F,200.0,Spleen,No Remarkable Findings,,,,
PC201708,PC201708-4104,4,200 mg/kg PCDRUG,F,200.0,Stomach,No Remarkable Findings,,,,
PC201708,PC201708-4104,4,200 mg/kg PCDRUG,F,200.0,Thymus,No Remarkable Findings,,,,
PC201708,PC201708-4104,4,200 mg/kg PCDRUG,F,200.0,Tongue,No Remarkable Findings,,,,
PC201708,PC201708-4104,4,200 mg/kg PCDRUG,F,200.0,Trachea,No Remarkable Findings,,,,
PC201708,PC201708-4104,4,200 mg/kg PCDRUG,F,200.0,Ureter,No Remarkable Findings,,,,
PC201708,PC201708-4104,4,200 mg/kg PCDRUG,F,200.0,Urinary Bladder,No Remarkable Findings,,,,
PC201708,PC201708-4104,4,200 mg/kg PCDRUG,F,200.0,Uterus,No Remarkable Findings,,,,
PC201708,PC201708-4105,4,200 mg/kg PCDRUG,F,200.0,"Artery, Aorta",No Remarkable Findings,,,,
PC201708,PC201708-4105,4,200 mg/kg PCDRUG,F,200.0,"Bone Marrow, Femur",Fat Vacuoles,1,Mild,diffuse,
PC201708,PC201708-4105,4,200 mg/kg PCDRUG,F,200.0,"Bone Marrow, Sternum",No Remarkable Findings,,,,
PC201708,PC201708-4105,4,200 mg/kg PCDRUG,F,200.0,"Bone, Sternum",No Remarkable Findings,,,,
PC201708,PC201708-4105,4,200 mg/kg PCDRUG,F,200.0,Brain,No Remarkable Findings,,,,
PC201708,PC201708-4105,4,200 mg/kg PCDRUG,F,200.0,Esophagus,No Remarkable Findings,,,,
PC201708,PC201708-4105,4,200 mg/kg PCDRUG,F,200.0,Eye,No Remarkable Findings,,,,
PC201708,PC201708-4105,4,200 mg/kg PCDRUG,F,200.0,"Gland, Adrenal",Vacuolization,1,Mild,cortex; diffuse,
PC201708,PC201708-4105,4,200 mg/kg PCDRUG,F,200.0,"Gland, Harderian",No Remarkable Findings,,,,
PC201708,PC201708-4105,4,200 mg/kg PCDRUG,F,200.0,"Gland, Mammary",No Remarkable Findings,,,,
PC201708,PC201708-4105,4,200 mg/kg PCDRUG,F,200.0,"Gland, Parathyroid",No Remarkable Findings,,,,
PC201708,PC201708-4105,4,200 mg/kg PCDRUG,F,200.0,"Gland, Pituitary",No Remarkable Findings,,,,
PC201708,PC201708-4105,4,200 mg/kg PCDRUG,F,200.0,"Gland, Salivary, Parotid",No Remarkable Findings,,,,
PC201708,PC201708-4105,4,200 mg/kg PCDRUG,F,200.0,"Gland, Salivary, Sublingual",No Remarkable Findings,,,,
PC201708,PC201708-4105,4,200 mg/kg PCDRUG,F,200.0,"Gland, Salivary, Submandibular",No Remarkable Findings,,,,
PC201708,PC201708-4105,4,200 mg/kg PCDRUG,F,200.0,"Gland, Thyroid",No Remarkable Findings,,,,
PC201708,PC201708-4105,4,200 mg/kg PCDRUG,F,200.0,Heart,No Remarkable Findings,,,,
PC201708,PC201708-4105,4,200 mg/kg PCDRUG,F,200.0,"Joint, Hip",No Remarkable Findings,,,,
PC201708,PC201708-4105,4,200 mg/kg PCDRUG,F,200.0,Kidney,Inflammation,1,Mild,chronic; cortex; focal/multifocal,
PC201708,PC201708-4105,4,200 mg/kg PCDRUG,F,200.0,"Large Intestine, Cecum",No Remarkable Findings,,,,
PC201708,PC201708-4105,4,200 mg/kg PCDRUG,F,200.0,"Large Intestine, Colon",No Remarkable Findings,,,,
PC201708,PC201708-4105,4,200 mg/kg PCDRUG,F,200.0,"Large Intestine, Rectum",No Remarkable Findings,,,,
PC201708,PC201708-4105,4,200 mg/kg PCDRUG,F,200.0,Larynx,No Remarkable Findings,,,,
PC201708,PC201708-4105,4,200 mg/kg PCDRUG,F,200.0,Liver,Hypertrophy,2,Moderate,hepatocellular; diffuse,
PC201708,PC201708-4105,4,200 mg/kg PCDRUG,F,200.0,Liver,Vacuolization,2,Moderate,centrilobular,
PC201708,PC201708-4105,4,200 mg/kg PCDRUG,F,200.0,Lung,Aspiration Blood,1,Mild,focal,
PC201708,PC201708-4105,4,200 mg/kg PCDRUG,F,200.0,"Lymph Node, Mesenteric",No Remarkable Findings,,,,
PC201708,PC201708-4105,4,200 mg/kg PCDRUG,F,200.0,"Lymph Node, Popliteal",No Remarkable Findings,,,,
PC201708,PC201708-4105,4,200 mg/kg PCDRUG,F,200.0,"Muscle, Quadriceps Femoris",No Remarkable Findings,,,,
PC201708,PC201708-4105,4,200 mg/kg PCDRUG,F,200.0,"Nerve, Optic",No Remarkable Findings,,,,
PC201708,PC201708-4105,4,200 mg/kg PCDRUG,F,200.0,"Nerve, Sciatic",No Remarkable Findings,,,,
PC201708,PC201708-4105,4,200 mg/kg PCDRUG,F,200.0,Pancreas,Inflammation,1,Mild,acute,
PC201708,PC201708-4105,4,200 mg/kg PCDRUG,F,200.0,Peyer'S Patch,Mineralization,1,Mild,focal,
PC201708,PC201708-4105,4,200 mg/kg PCDRUG,F,200.0,Skin,No Remarkable Findings,,,,
PC201708,PC201708-4105,4,200 mg/kg PCDRUG,F,200.0,"Small Intestine, Duodenum",No Remarkable Findings,,,,
PC201708,PC201708-4105,4,200 mg/kg PCDRUG,F,200.0,"Small Intestine, Ileum",No Remarkable Findings,,,,
PC201708,PC201708-4105,4,200 mg/kg PCDRUG,F,200.0,"Small Intestine, Jejunum",No Remarkable Findings,,,,
PC201708,PC201708-4105,4,200 mg/kg PCDRUG,F,200.0,"Spinal Cord, Cervical",No Remarkable Findings,,,,
PC201708,PC201708-4105,4,200 mg/kg PCDRUG,F,200.0,"Spinal Cord, Lumbar",No Remarkable Findings,,,,
PC201708,PC201708-4105,4,200 mg/kg PCDRUG,F,200.0,"Spinal Cord, Thoracic",No Remarkable Findings,,,,
PC201708,PC201708-4105,4,200 mg/kg PCDRUG,F,200.0,Spleen,Congestion,1,Mild,red pulp; diffuse,
PC201708,PC201708-4105,4,200 mg/kg PCDRUG,F,200.0,Spleen,Pigmentation,2,Moderate,red pulp; diffuse,
PC201708,PC201708-4105,4,200 mg/kg PCDRUG,F,200.0,Stomach,No Remarkable Findings,,,,
PC201708,PC201708-4105,4,200 mg/kg PCDRUG,F,200.0,Thymus,No Remarkable Findings,,,,
PC201708,PC201708-4105,4,200 mg/kg PCDRUG,F,200.0,Tongue,No Remarkable Findings,,,,
PC201708,PC201708-4105,4,200 mg/kg PCDRUG,F,200.0,Trachea,No Remarkable Findings,,,,
PC201708,PC201708-4105,4,200 mg/kg PCDRUG,F,200.0,Ureter,No Remarkable Findings,,,,
PC201708,PC201708-4105,4,200 mg/kg PCDRUG,F,200.0,Urinary Bladder,No Remarkable Findings,,,,
PC201708,PC201708-4105,4,200 mg/kg PCDRUG,F,200.0,Uterus,No Remarkable Findings,,,,
PC201708,PC201708-4106,4,200 mg/kg PCDRUG,F,200.0,"Artery, Aorta",No Remarkable Findings,,,,
PC201708,PC201708-4106,4,200 mg/kg PCDRUG,F,200.0,"Bone Marrow, Femur",No Remarkable Findings,,,,
PC201708,PC201708-4106,4,200 mg/kg PCDRUG,F,200.0,"Bone Marrow, Sternum",No Remarkable Findings,,,,
PC201708,PC201708-4106,4,200 mg/kg PCDRUG,F,200.0,"Bone, Sternum",No Remarkable Findings,,,,
PC201708,PC201708-4106,4,200 mg/kg PCDRUG,F,200.0,Brain,No Remarkable Findings,,,,
PC201708,PC201708-4106,4,200 mg/kg PCDRUG,F,200.0,Esophagus,No Remarkable Findings,,,,
PC201708,PC201708-4106,4,200 mg/kg PCDRUG,F,200.0,Eye,No Remarkable Findings,,,,
PC201708,PC201708-4106,4,200 mg/kg PCDRUG,F,200.0,"Gland, Adrenal",Vacuolization,1,Mild,cortex; diffuse,
PC201708,PC201708-4106,4,200 mg/kg PCDRUG,F,200.0,"Gland, Harderian",No Remarkable Findings,,,,
PC201708,PC201708-4106,4,200 mg/kg PCDRUG,F,200.0,"Gland, Mammary",No Remarkable Findings,,,,
PC201708,PC201708-4106,4,200 mg/kg PCDRUG,F,200.0,"Gland, Parathyroid",No Remarkable Findings,,,,
PC201708,PC201708-4106,4,200 mg/kg PCDRUG,F,200.0,"Gland, Pituitary",No Remarkable Findings,,,,
PC201708,PC201708-4106,4,200 mg/kg PCDRUG,F,200.0,"Gland, Salivary, Parotid",No Remarkable Findings,,,,
PC201708,PC201708-4106,4,200 mg/kg PCDRUG,F,200.0,"Gland, Salivary, Sublingual",No Remarkable Findings,,,,
PC201708,PC201708-4106,4,200 mg/kg PCDRUG,F,200.0,"Gland, Salivary, Submandibular",No Remarkable Findings,,,,
PC201708,PC201708-4106,4,200 mg/kg PCDRUG,F,200.0,"Gland, Thyroid",No Remarkable Findings,,,,
PC201708,PC201708-4106,4,200 mg/kg PCDRUG,F,200.0,Heart,No Remarkable Findings,,,,
PC201708,PC201708-4106,4,200 mg/kg PCDRUG,F,200.0,"Joint, Hip",No Remarkable Findings,,,,
PC201708,PC201708-4106,4,200 mg/kg PCDRUG,F,200.0,Kidney,Basophilic Tubules,1,Mild,cortex; focal/multifocal,
PC201708,PC201708-4106,4,200 mg/kg PCDRUG,F,200.0,"Large Intestine, Cecum",No Remarkable Findings,,,,
PC201708,PC201708-4106,4,200 mg/kg PCDRUG,F,200.0,"Large Intestine, Colon",No Remarkable Findings,,,,
PC201708,PC201708-4106,4,200 mg/kg PCDRUG,F,200.0,"Large Intestine, Rectum",No Remarkable Findings,,,,
PC201708,PC201708-4106,4,200 mg/kg PCDRUG,F,200.0,Larynx,No Remarkable Findings,,,,
PC201708,PC201708-4106,4,200 mg/kg PCDRUG,F,200.0,Liver,Necrosis,1,Mild,multifocal,
PC201708,PC201708-4106,4,200 mg/kg PCDRUG,F,200.0,Lung,Infiltration Mononuclear Cell,1,Mild,perivascular; focal,
PC201708,PC201708-4106,4,200 mg/kg PCDRUG,F,200.0,Lung,Macrophages Intra-Alveolar,1,Mild,focal/multifocal; foamy,
PC201708,PC201708-4106,4,200 mg/kg PCDRUG,F,200.0,"Lymph Node, Mesenteric",No Remarkable Findings,,,,
PC201708,PC201708-4106,4,200 mg/kg PCDRUG,F,200.0,"Lymph Node, Popliteal",No Remarkable Findings,,,,
PC201708,PC201708-4106,4,200 mg/kg PCDRUG,F,200.0,"Muscle, Quadriceps Femoris",No Remarkable Findings,,,,
PC201708,PC201708-4106,4,200 mg/kg PCDRUG,F,200.0,"Nerve, Optic",No Remarkable Findings,,,,
PC201708,PC201708-4106,4,200 mg/kg PCDRUG,F,200.0,"Nerve, Sciatic",No Remarkable Findings,,,,
PC201708,PC201708-4106,4,200 mg/kg PCDRUG,F,200.0,Pancreas,No Remarkable Findings,,,,
PC201708,PC201708-4106,4,200 mg/kg PCDRUG,F,200.0,Peyer'S Patch,Mineralization,1,Mild,multifocal,
PC201708,PC201708-4106,4,200 mg/kg PCDRUG,F,200.0,Skin,No Remarkable Findings,,,,
PC201708,PC201708-4106,4,200 mg/kg PCDRUG,F,200.0,"Small Intestine, Duodenum",No Remarkable Findings,,,,
PC201708,PC201708-4106,4,200 mg/kg PCDRUG,F,200.0,"Small Intestine, Ileum",No Remarkable Findings,,,,
PC201708,PC201708-4106,4,200 mg/kg PCDRUG,F,200.0,"Small Intestine, Jejunum",No Remarkable Findings,,,,
PC201708,PC201708-4106,4,200 mg/kg PCDRUG,F,200.0,"Spinal Cord, Cervical",No Remarkable Findings,,,,
PC201708,PC201708-4106,4,200 mg/kg PCDRUG,F,200.0,"Spinal Cord, Lumbar",No Remarkable Findings,,,,
PC201708,PC201708-4106,4,200 mg/kg PCDRUG,F,200.0,"Spinal Cord, Thoracic",No Remarkable Findings,,,,
PC201708,PC201708-4106,4,200 mg/kg PCDRUG,F,200.0,Spleen,Congestion,1,Mild,red pulp; diffuse,
PC201708,PC201708-4106,4,200 mg/kg PCDRUG,F,200.0,Spleen,Pigmentation,1,Mild,red pulp; diffuse,
PC201708,PC201708-4106,4,200 mg/kg PCDRUG,F,200.0,Stomach,No Remarkable Findings,,,,
PC201708,PC201708-4106,4,200 mg/kg PCDRUG,F,200.0,Thymus,No Remarkable Findings,,,,
PC201708,PC201708-4106,4,200 mg/kg PCDRUG,F,200.0,Tongue,No Remarkable Findings,,,,
PC201708,PC201708-4106,4,200 mg/kg PCDRUG,F,200.0,Trachea,No Remarkable Findings,,,,
PC201708,PC201708-4106,4,200 mg/kg PCDRUG,F,200.0,Ureter,No Remarkable Findings,,,,
PC201708,PC201708-4106,4,200 mg/kg PCDRUG,F,200.0,Urinary Bladder,No Remarkable Findings,,,,
PC201708,PC201708-4106,4,200 mg/kg PCDRUG,F,200.0,Uterus,No Remarkable Findings,,,,
PC201708,PC201708-4107,4,200 mg/kg PCDRUG,F,200.0,"Artery, Aorta",No Remarkable Findings,,,,
PC201708,PC201708-4107,4,200 mg/kg PCDRUG,F,200.0,"Bone Marrow, Femur",Fat Vacuoles,1,Mild,diffuse,
PC201708,PC201708-4107,4,200 mg/kg PCDRUG,F,200.0,"Bone Marrow, Sternum",No Remarkable Findings,,,,
PC201708,PC201708-4107,4,200 mg/kg PCDRUG,F,200.0,"Bone, Sternum",No Remarkable Findings,,,,
PC201708,PC201708-4107,4,200 mg/kg PCDRUG,F,200.0,Brain,No Remarkable Findings,,,,
PC201708,PC201708-4107,4,200 mg/kg PCDRUG,F,200.0,Esophagus,No Remarkable Findings,,,,
PC201708,PC201708-4107,4,200 mg/kg PCDRUG,F,200.0,Eye,No Remarkable Findings,,,,
PC201708,PC201708-4107,4,200 mg/kg PCDRUG,F,200.0,"Gland, Adrenal",Vacuolization,1,Mild,cortex; diffuse,
PC201708,PC201708-4107,4,200 mg/kg PCDRUG,F,200.0,"Gland, Harderian",No Remarkable Findings,,,,
PC201708,PC201708-4107,4,200 mg/kg PCDRUG,F,200.0,"Gland, Mammary",Atrophy,1,Mild,fat,
PC201708,PC201708-4107,4,200 mg/kg PCDRUG,F,200.0,"Gland, Parathyroid",No Remarkable Findings,,,,
PC201708,PC201708-4107,4,200 mg/kg PCDRUG,F,200.0,"Gland, Pituitary",No Remarkable Findings,,,,
PC201708,PC201708-4107,4,200 mg/kg PCDRUG,F,200.0,"Gland, Salivary, Parotid",No Remarkable Findings,,,,
PC201708,PC201708-4107,4,200 mg/kg PCDRUG,F,200.0,"Gland, Salivary, Sublingual",No Remarkable Findings,,,,
PC201708,PC201708-4107,4,200 mg/kg PCDRUG,F,200.0,"Gland, Salivary, Submandibular",No Remarkable Findings,,,,
PC201708,PC201708-4107,4,200 mg/kg PCDRUG,F,200.0,"Gland, Thyroid",No Remarkable Findings,,,,
PC201708,PC201708-4107,4,200 mg/kg PCDRUG,F,200.0,Heart,No Remarkable Findings,,,,
PC201708,PC201708-4107,4,200 mg/kg PCDRUG,F,200.0,"Joint, Hip",No Remarkable Findings,,,,
PC201708,PC201708-4107,4,200 mg/kg PCDRUG,F,200.0,Kidney,No Remarkable Findings,,,,
PC201708,PC201708-4107,4,200 mg/kg PCDRUG,F,200.0,"Large Intestine, Cecum",No Remarkable Findings,,,,
PC201708,PC201708-4107,4,200 mg/kg PCDRUG,F,200.0,"Large Intestine, Colon",No Remarkable Findings,,,,
PC201708,PC201708-4107,4,200 mg/kg PCDRUG,F,200.0,"Large Intestine, Rectum",No Remarkable Findings,,,,
PC201708,PC201708-4107,4,200 mg/kg PCDRUG,F,200.0,Larynx,No Remarkable Findings,,,,
PC201708,PC201708-4107,4,200 mg/kg PCDRUG,F,200.0,Liver,Hypertrophy,2,Moderate,hepatocellular; diffuse,
PC201708,PC201708-4107,4,200 mg/kg PCDRUG,F,200.0,Lung,No Remarkable Findings,,,,
PC201708,PC201708-4107,4,200 mg/kg PCDRUG,F,200.0,"Lymph Node, Mesenteric",No Remarkable Findings,,,,
PC201708,PC201708-4107,4,200 mg/kg PCDRUG,F,200.0,"Lymph Node, Popliteal",No Remarkable Findings,,,,
PC201708,PC201708-4107,4,200 mg/kg PCDRUG,F,200.0,"Muscle, Quadriceps Femoris",No Remarkable Findings,,,,
PC201708,PC201708-4107,4,200 mg/kg PCDRUG,F,200.0,"Nerve, Optic",No Remarkable Findings,,,,
PC201708,PC201708-4107,4,200 mg/kg PCDRUG,F,200.0,"Nerve, Sciatic",No Remarkable Findings,,,,
PC201708,PC201708-4107,4,200 mg/kg PCDRUG,F,200.0,Pancreas,No Remarkable Findings,,,,
PC201708,PC201708-4107,4,200 mg/kg PCDRUG,F,200.0,Peyer'S Patch,Mineralization,1,Mild,focal,
PC201708,PC201708-4107,4,200 mg/kg PCDRUG,F,200.0,Skin,No Remarkable Findings,,,,
PC201708,PC201708-4107,4,200 mg/kg PCDRUG,F,200.0,"Small Intestine, Duodenum",No Remarkable Findings,,,,
PC201708,PC201708-4107,4,200 mg/kg PCDRUG,F,200.0,"Small Intestine, Ileum",No Remarkable Findings,,,,
PC201708,PC201708-4107,4,200 mg/kg PCDRUG,F,200.0,"Small Intestine, Jejunum",No Remarkable Findings,,,,
PC201708,PC201708-4107,4,200 mg/kg PCDRUG,F,200.0,"Spinal Cord, Cervical",No Remarkable Findings,,,,
PC201708,PC201708-4107,4,200 mg/kg PCDRUG,F,200.0,"Spinal Cord, Lumbar",No Remarkable Findings,,,,
PC201708,PC201708-4107,4,200 mg/kg PCDRUG,F,200.0,"Spinal Cord, Thoracic",No Remarkable Findings,,,,
PC201708,PC201708-4107,4,200 mg/kg PCDRUG,F,200.0,Spleen,Atrophy,1,Mild,diffuse,
PC201708,PC201708-4107,4,200 mg/kg PCDRUG,F,200.0,Spleen,Congestion,1,Mild,red pulp; diffuse,
PC201708,PC201708-4107,4,200 mg/kg PCDRUG,F,200.0,Spleen,Pigmentation,1,Mild,red pulp; diffuse,
PC201708,PC201708-4107,4,200 mg/kg PCDRUG,F,200.0,Stomach,No Remarkable Findings,,,,
PC201708,PC201708-4107,4,200 mg/kg PCDRUG,F,200.0,Thymus,No Remarkable Findings,,,,
PC201708,PC201708-4107,4,200 mg/kg PCDRUG,F,200.0,Tongue,No Remarkable Findings,,,,
PC201708,PC201708-4107,4,200 mg/kg PCDRUG,F,200.0,Trachea,No Remarkable Findings,,,,
PC201708,PC201708-4107,4,200 mg/kg PCDRUG,F,200.0,Ureter,No Remarkable Findings,,,,
PC201708,PC201708-4107,4,200 mg/kg PCDRUG,F,200.0,Urinary Bladder,No Remarkable Findings,,,,
PC201708,PC201708-4107,4,200 mg/kg PCDRUG,F,200.0,Uterus,No Remarkable Findings,,,,
PC201708,PC201708-4108,4,200 mg/kg PCDRUG,F,200.0,"Artery, Aorta",No Remarkable Findings,,,,
PC201708,PC201708-4108,4,200 mg/kg PCDRUG,F,200.0,"Bone Marrow, Femur",No Remarkable Findings,,,,
PC201708,PC201708-4108,4,200 mg/kg PCDRUG,F,200.0,"Bone Marrow, Sternum",No Remarkable Findings,,,,
PC201708,PC201708-4108,4,200 mg/kg PCDRUG,F,200.0,"Bone, Sternum",No Remarkable Findings,,,,
PC201708,PC201708-4108,4,200 mg/kg PCDRUG,F,200.0,Brain,No Remarkable Findings,,,,
PC201708,PC201708-4108,4,200 mg/kg PCDRUG,F,200.0,Esophagus,No Remarkable Findings,,,,
PC201708,PC201708-4108,4,200 mg/kg PCDRUG,F,200.0,Eye,No Remarkable Findings,,,,
PC201708,PC201708-4108,4,200 mg/kg PCDRUG,F,200.0,"Gland, Adrenal",Vacuolization,1,Mild,cortex; diffuse,
PC201708,PC201708-4108,4,200 mg/kg PCDRUG,F,200.0,"Gland, Harderian",No Remarkable Findings,,,,
PC201708,PC201708-4108,4,200 mg/kg PCDRUG,F,200.0,"Gland, Mammary",No Remarkable Findings,,,,
PC201708,PC201708-4108,4,200 mg/kg PCDRUG,F,200.0,"Gland, Parathyroid",No Remarkable Findings,,,,
PC201708,PC201708-4108,4,200 mg/kg PCDRUG,F,200.0,"Gland, Pituitary",No Remarkable Findings,,,,
PC201708,PC201708-4108,4,200 mg/kg PCDRUG,F,200.0,"Gland, Salivary, Parotid",Metaplasia,1,Mild,mucinous; focal,
PC201708,PC201708-4108,4,200 mg/kg PCDRUG,F,200.0,"Gland, Salivary, Sublingual",No Remarkable Findings,,,,
PC201708,PC201708-4108,4,200 mg/kg PCDRUG,F,200.0,"Gland, Salivary, Submandibular",No Remarkable Findings,,,,
PC201708,PC201708-4108,4,200 mg/kg PCDRUG,F,200.0,"Gland, Thyroid",No Remarkable Findings,,,,
PC201708,PC201708-4108,4,200 mg/kg PCDRUG,F,200.0,Heart,Inflammation,1,Mild,chronic; myocardium; focal; left ventricle,
PC201708,PC201708-4108,4,200 mg/kg PCDRUG,F,200.0,"Joint, Hip",No Remarkable Findings,,,,
PC201708,PC201708-4108,4,200 mg/kg PCDRUG,F,200.0,Kidney,Cyst,1,Mild,medulla; focal,
PC201708,PC201708-4108,4,200 mg/kg PCDRUG,F,200.0,"Large Intestine, Cecum",No Remarkable Findings,,,,
PC201708,PC201708-4108,4,200 mg/kg PCDRUG,F,200.0,"Large Intestine, Colon",No Remarkable Findings,,,,
PC201708,PC201708-4108,4,200 mg/kg PCDRUG,F,200.0,"Large Intestine, Rectum",No Remarkable Findings,,,,
PC201708,PC201708-4108,4,200 mg/kg PCDRUG,F,200.0,Larynx,No Remarkable Findings,,,,
PC201708,PC201708-4108,4,200 mg/kg PCDRUG,F,200.0,Liver,Hypertrophy,2,Moderate,hepatocellular; diffuse,
PC201708,PC201708-4108,4,200 mg/kg PCDRUG,F,200.0,Lung,Macrophages Intra-Alveolar,1,Mild,focal/multifocal; foamy,
PC201708,PC201708-4108,4,200 mg/kg PCDRUG,F,200.0,"Lymph Node, Mesenteric",No Remarkable Findings,,,,
PC201708,PC201708-4108,4,200 mg/kg PCDRUG,F,200.0,"Lymph Node, Popliteal",No Remarkable Findings,,,,
PC201708,PC201708-4108,4,200 mg/kg PCDRUG,F,200.0,"Muscle, Quadriceps Femoris",No Remarkable Findings,,,,
PC201708,PC201708-4108,4,200 mg/kg PCDRUG,F,200.0,"Nerve, Optic",No Remarkable Findings,,,,
PC201708,PC201708-4108,4,200 mg/kg PCDRUG,F,200.0,"Nerve, Sciatic",No Remarkable Findings,,,,
PC201708,PC201708-4108,4,200 mg/kg PCDRUG,F,200.0,Pancreas,Inflammation,1,Mild,acute,
PC201708,PC201708-4108,4,200 mg/kg PCDRUG,F,200.0,Peyer'S Patch,No Remarkable Findings,,,,
PC201708,PC201708-4108,4,200 mg/kg PCDRUG,F,200.0,Skin,No Remarkable Findings,,,,
PC201708,PC201708-4108,4,200 mg/kg PCDRUG,F,200.0,"Small Intestine, Duodenum",No Remarkable Findings,,,,
PC201708,PC201708-4108,4,200 mg/kg PCDRUG,F,200.0,"Small Intestine, Ileum",No Remarkable Findings,,,,
PC201708,PC201708-4108,4,200 mg/kg PCDRUG,F,200.0,"Small Intestine, Jejunum",No Remarkable Findings,,,,
PC201708,PC201708-4108,4,200 mg/kg PCDRUG,F,200.0,"Spinal Cord, Cervical",No Remarkable Findings,,,,
PC201708,PC201708-4108,4,200 mg/kg PCDRUG,F,200.0,"Spinal Cord, Lumbar",No Remarkable Findings,,,,
PC201708,PC201708-4108,4,200 mg/kg PCDRUG,F,200.0,"Spinal Cord, Thoracic",No Remarkable Findings,,,,
PC201708,PC201708-4108,4,200 mg/kg PCDRUG,F,200.0,Spleen,Congestion,1,Mild,red pulp; diffuse,
PC201708,PC201708-4108,4,200 mg/kg PCDRUG,F,200.0,Spleen,Pigmentation,1,Mild,red pulp; diffuse,
PC201708,PC201708-4108,4,200 mg/kg PCDRUG,F,200.0,Stomach,No Remarkable Findings,,,,
PC201708,PC201708-4108,4,200 mg/kg PCDRUG,F,200.0,Thymus,No Remarkable Findings,,,,
PC201708,PC201708-4108,4,200 mg/kg PCDRUG,F,200.0,Tongue,No Remarkable Findings,,,,
PC201708,PC201708-4108,4,200 mg/kg PCDRUG,F,200.0,Trachea,No Remarkable Findings,,,,
PC201708,PC201708-4108,4,200 mg/kg PCDRUG,F,200.0,Ureter,No Remarkable Findings,,,,
PC201708,PC201708-4108,4,200 mg/kg PCDRUG,F,200.0,Urinary Bladder,No Remarkable Findings,,,,
PC201708,PC201708-4108,4,200 mg/kg PCDRUG,F,200.0,Uterus,No Remarkable Findings,,,,
PC201708,PC201708-4109,4,200 mg/kg PCDRUG,F,200.0,"Artery, Aorta",No Remarkable Findings,,,,
PC201708,PC201708-4109,4,200 mg/kg PCDRUG,F,200.0,"Bone Marrow, Femur",Fat Vacuoles,1,Mild,diffuse,
PC201708,PC201708-4109,4,200 mg/kg PCDRUG,F,200.0,"Bone Marrow, Sternum",No Remarkable Findings,,,,
PC201708,PC201708-4109,4,200 mg/kg PCDRUG,F,200.0,"Bone, Sternum",No Remarkable Findings,,,,
PC201708,PC201708-4109,4,200 mg/kg PCDRUG,F,200.0,Brain,No Remarkable Findings,,,,
PC201708,PC201708-4109,4,200 mg/kg PCDRUG,F,200.0,Esophagus,No Remarkable Findings,,,,
PC201708,PC201708-4109,4,200 mg/kg PCDRUG,F,200.0,Eye,No Remarkable Findings,,,,
PC201708,PC201708-4109,4,200 mg/kg PCDRUG,F,200.0,"Gland, Adrenal",Vacuolization,1,Mild,cortex; diffuse,
PC201708,PC201708-4109,4,200 mg/kg PCDRUG,F,200.0,"Gland, Harderian",No Remarkable Findings,,,,
PC201708,PC201708-4109,4,200 mg/kg PCDRUG,F,200.0,"Gland, Mammary",No Remarkable Findings,,,,
PC201708,PC201708-4109,4,200 mg/kg PCDRUG,F,200.0,"Gland, Parathyroid",No Remarkable Findings,,,,
PC201708,PC201708-4109,4,200 mg/kg PCDRUG,F,200.0,"Gland, Pituitary",No Remarkable Findings,,,,
PC201708,PC201708-4109,4,200 mg/kg PCDRUG,F,200.0,"Gland, Salivary, Parotid",No Remarkable Findings,,,,
PC201708,PC201708-4109,4,200 mg/kg PCDRUG,F,200.0,"Gland, Salivary, Sublingual",No Remarkable Findings,,,,
PC201708,PC201708-4109,4,200 mg/kg PCDRUG,F,200.0,"Gland, Salivary, Submandibular",No Remarkable Findings,,,,
PC201708,PC201708-4109,4,200 mg/kg PCDRUG,F,200.0,"Gland, Thyroid",No Remarkable Findings,,,,
PC201708,PC201708-4109,4,200 mg/kg PCDRUG,F,200.0,Heart,Inflammation,1,Mild,chronic; myocardium; focal; left ventricle,
PC201708,PC201708-4109,4,200 mg/kg PCDRUG,F,200.0,"Joint, Hip",No Remarkable Findings,,,,
PC201708,PC201708-4109,4,200 mg/kg PCDRUG,F,200.0,Kidney,No Remarkable Findings,,,,
PC201708,PC201708-4109,4,200 mg/kg PCDRUG,F,200.0,"Large Intestine, Cecum",No Remarkable Findings,,,,
PC201708,PC201708-4109,4,200 mg/kg PCDRUG,F,200.0,"Large Intestine, Colon",No Remarkable Findings,,,,
PC201708,PC201708-4109,4,200 mg/kg PCDRUG,F,200.0,"Large Intestine, Rectum",No Remarkable Findings,,,,
PC201708,PC201708-4109,4,200 mg/kg PCDRUG,F,200.0,Larynx,No Remarkable Findings,,,,
PC201708,PC201708-4109,4,200 mg/kg PCDRUG,F,200.0,Liver,Hypertrophy,1,Mild,hepatocellular; diffuse,
PC201708,PC201708-4109,4,200 mg/kg PCDRUG,F,200.0,Lung,Macrophages Intra-Alveolar,1,Mild,focal/multifocal; foamy,
PC201708,PC201708-4109,4,200 mg/kg PCDRUG,F,200.0,"Lymph Node, Mesenteric",No Remarkable Findings,,,,
PC201708,PC201708-4109,4,200 mg/kg PCDRUG,F,200.0,"Lymph Node, Popliteal",No Remarkable Findings,,,,
PC201708,PC201708-4109,4,200 mg/kg PCDRUG,F,200.0,"Muscle, Quadriceps Femoris",No Remarkable Findings,,,,
PC201708,PC201708-4109,4,200 mg/kg PCDRUG,F,200.0,"Nerve, Optic",No Remarkable Findings,,,,
PC201708,PC201708-4109,4,200 mg/kg PCDRUG,F,200.0,"Nerve, Sciatic",No Remarkable Findings,,,,
PC201708,PC201708-4109,4,200 mg/kg PCDRUG,F,200.0,Pancreas,No Remarkable Findings,,,,
PC201708,PC201708-4109,4,200 mg/kg PCDRUG,F,200.0,Peyer'S Patch,No Remarkable Findings,,,,
PC201708,PC201708-4109,4,200 mg/kg PCDRUG,F,200.0,Skin,No Remarkable Findings,,,,
PC201708,PC201708-4109,4,200 mg/kg PCDRUG,F,200.0,"Small Intestine, Duodenum",No Remarkable Findings,,,,
PC201708,PC201708-4109,4,200 mg/kg PCDRUG,F,200.0,"Small Intestine, Ileum",No Remarkable Findings,,,,
PC201708,PC201708-4109,4,200 mg/kg PCDRUG,F,200.0,"Small Intestine, Jejunum",No Remarkable Findings,,,,
PC201708,PC201708-4109,4,200 mg/kg PCDRUG,F,200.0,"Spinal Cord, Cervical",No Remarkable Findings,,,,
PC201708,PC201708-4109,4,200 mg/kg PCDRUG,F,200.0,"Spinal Cord, Lumbar",No Remarkable Findings,,,,
PC201708,PC201708-4109,4,200 mg/kg PCDRUG,F,200.0,"Spinal Cord, Thoracic",No Remarkable Findings,,,,
PC201708,PC201708-4109,4,200 mg/kg PCDRUG,F,200.0,Spleen,No Remarkable Findings,,,,
PC201708,PC201708-4109,4,200 mg/kg PCDRUG,F,200.0,Stomach,No Remarkable Findings,,,,
PC201708,PC201708-4109,4,200 mg/kg PCDRUG,F,200.0,Thymus,No Remarkable Findings,,,,
PC201708,PC201708-4109,4,200 mg/kg PCDRUG,F,200.0,Tongue,No Remarkable Findings,,,,
PC201708,PC201708-4109,4,200 mg/kg PCDRUG,F,200.0,Trachea,No Remarkable Findings,,,,
PC201708,PC201708-4109,4,200 mg/kg PCDRUG,F,200.0,Ureter,No Remarkable Findings,,,,
PC201708,PC201708-4109,4,200 mg/kg PCDRUG,F,200.0,Urinary Bladder,No Remarkable Findings,,,,
PC201708,PC201708-4109,4,200 mg/kg PCDRUG,F,200.0,Uterus,No Remarkable Findings,,,,
PC201708,PC201708-4110,4,200 mg/kg PCDRUG,F,200.0,"Artery, Aorta",No Remarkable Findings,,,,
PC201708,PC201708-4110,4,200 mg/kg PCDRUG,F,200.0,"Bone Marrow, Femur",No Remarkable Findings,,,,
PC201708,PC201708-4110,4,200 mg/kg PCDRUG,F,200.0,"Bone Marrow, Sternum",No Remarkable Findings,,,,
PC201708,PC201708-4110,4,200 mg/kg PCDRUG,F,200.0,"Bone, Sternum",No Remarkable Findings,,,,
PC201708,PC201708-4110,4,200 mg/kg PCDRUG,F,200.0,Brain,No Remarkable Findings,,,,
PC201708,PC201708-4110,4,200 mg/kg PCDRUG,F,200.0,Esophagus,No Remarkable Findings,,,,
PC201708,PC201708-4110,4,200 mg/kg PCDRUG,F,200.0,Eye,No Remarkable Findings,,,,
PC201708,PC201708-4110,4,200 mg/kg PCDRUG,F,200.0,"Gland, Adrenal",Vacuolization,1,Mild,cortex; diffuse,
PC201708,PC201708-4110,4,200 mg/kg PCDRUG,F,200.0,"Gland, Harderian",No Remarkable Findings,,,,
PC201708,PC201708-4110,4,200 mg/kg PCDRUG,F,200.0,"Gland, Mammary",Atrophy,1,Mild,fat,
PC201708,PC201708-4110,4,200 mg/kg PCDRUG,F,200.0,"Gland, Parathyroid",No Remarkable Findings,,,,
PC201708,PC201708-4110,4,200 mg/kg PCDRUG,F,200.0,"Gland, Pituitary",No Remarkable Findings,,,,
PC201708,PC201708-4110,4,200 mg/kg PCDRUG,F,200.0,"Gland, Salivary, Parotid",No Remarkable Findings,,,,
PC201708,PC201708-4110,4,200 mg/kg PCDRUG,F,200.0,"Gland, Salivary, Sublingual",No Remarkable Findings,,,,
PC201708,PC201708-4110,4,200 mg/kg PCDRUG,F,200.0,"Gland, Salivary, Submandibular",No Remarkable Findings,,,,
PC201708,PC201708-4110,4,200 mg/kg PCDRUG,F,200.0,"Gland, Thyroid",No Remarkable Findings,,,,
PC201708,PC201708-4110,4,200 mg/kg PCDRUG,F,200.0,Heart,No Remarkable Findings,,,,
PC201708,PC201708-4110,4,200 mg/kg PCDRUG,F,200.0,"Joint, Hip",No Remarkable Findings,,,,
PC201708,PC201708-4110,4,200 mg/kg PCDRUG,F,200.0,Kidney,No Remarkable Findings,,,,
PC201708,PC201708-4110,4,200 mg/kg PCDRUG,F,200.0,"Large Intestine, Cecum",No Remarkable Findings,,,,
PC201708,PC201708-4110,4,200 mg/kg PCDRUG,F,200.0,"Large Intestine, Colon",No Remarkable Findings,,,,
PC201708,PC201708-4110,4,200 mg/kg PCDRUG,F,200.0,"Large Intestine, Rectum",No Remarkable Findings,,,,
PC201708,PC201708-4110,4,200 mg/kg PCDRUG,F,200.0,Larynx,No Remarkable Findings,,,,
PC201708,PC201708-4110,4,200 mg/kg PCDRUG,F,200.0,Liver,Hypertrophy,2,Moderate,hepatocellular; diffuse,
PC201708,PC201708-4110,4,200 mg/kg PCDRUG,F,200.0,Lung,No Remarkable Findings,,,,
PC201708,PC201708-4110,4,200 mg/kg PCDRUG,F,200.0,"Lymph Node, Mesenteric",No Remarkable Findings,,,,
PC201708,PC201708-4110,4,200 mg/kg PCDRUG,F,200.0,"Lymph Node, Popliteal",No Remarkable Findings,,,,
PC201708,PC201708-4110,4,200 mg/kg PCDRUG,F,200.0,"Muscle, Quadriceps Femoris",No Remarkable Findings,,,,
PC201708,PC201708-4110,4,200 mg/kg PCDRUG,F,200.0,"Nerve, Optic",No Remarkable Findings,,,,
PC201708,PC201708-4110,4,200 mg/kg PCDRUG,F,200.0,"Nerve, Sciatic",No Remarkable Findings,,,,
PC201708,PC201708-4110,4,200 mg/kg PCDRUG,F,200.0,Pancreas,No Remarkable Findings,,,,
PC201708,PC201708-4110,4,200 mg/kg PCDRUG,F,200.0,Peyer'S Patch,Mineralization,1,Mild,multifocal,
PC201708,PC201708-4110,4,200 mg/kg PCDRUG,F,200.0,Skin,No Remarkable Findings,,,,
PC201708,PC201708-4110,4,200 mg/kg PCDRUG,F,200.0,"Small Intestine, Duodenum",No Remarkable Findings,,,,
PC201708,PC201708-4110,4,200 mg/kg PCDRUG,F,200.0,"Small Intestine, Ileum",No Remarkable Findings,,,,
PC201708,PC201708-4110,4,200 mg/kg PCDRUG,F,200.0,"Small Intestine, Jejunum",No Remarkable Findings,,,,
PC201708,PC201708-4110,4,200 mg/kg PCDRUG,F,200.0,"Spinal Cord, Cervical",No Remarkable Findings,,,,
PC201708,PC201708-4110,4,200 mg/kg PCDRUG,F,200.0,"Spinal Cord, Lumbar",No Remarkable Findings,,,,
PC201708,PC201708-4110,4,200 mg/kg PCDRUG,F,200.0,"Spinal Cord, Thoracic",No Remarkable Findings,,,,
PC201708,PC201708-4110,4,200 mg/kg PCDRUG,F,200.0,Spleen,Congestion,1,Mild,red pulp; diffuse,
PC201708,PC201708-4110,4,200 mg/kg PCDRUG,F,200.0,Spleen,Pigmentation,2,Moderate,red pulp; diffuse,
PC201708,PC201708-4110,4,200 mg/kg PCDRUG,F,200.0,Stomach,No Remarkable Findings,,,,
PC201708,PC201708-4110,4,200 mg/kg PCDRUG,F,200.0,Thymus,No Remarkable Findings,,,,
PC201708,PC201708-4110,4,200 mg/kg PCDRUG,F,200.0,Tongue,No Remarkable Findings,,,,
PC201708,PC201708-4110,4,200 mg/kg PCDRUG,F,200.0,Trachea,No Remarkable Findings,,,,
PC201708,PC201708-4110,4,200 mg/kg PCDRUG,F,200.0,Ureter,No Remarkable Findings,,,,
PC201708,PC201708-4110,4,200 mg/kg PCDRUG,F,200.0,Urinary Bladder,No Remarkable Findings,,,,
PC201708,PC201708-4110,4,200 mg/kg PCDRUG,F,200.0,Uterus,No Remarkable Findings,,,,
PC201708,PC201708-4111,4,200 mg/kg PCDRUG,F,200.0,"Bone Marrow, Sternum",No Remarkable Findings,,,,
PC201708,PC201708-4111,4,200 mg/kg PCDRUG,F,200.0,"Bone, Sternum",No Remarkable Findings,,,,
PC201708,PC201708-4111,4,200 mg/kg PCDRUG,F,200.0,"Gland, Adrenal",Vacuolization,1,Mild,cortex; diffuse,
PC201708,PC201708-4111,4,200 mg/kg PCDRUG,F,200.0,"Gland, Mammary",No Remarkable Findings,,,,
PC201708,PC201708-4111,4,200 mg/kg PCDRUG,F,200.0,"Gland, Thyroid",No Remarkable Findings,,,,
PC201708,PC201708-4111,4,200 mg/kg PCDRUG,F,200.0,Liver,Necrosis,1,Mild,multifocal,
PC201708,PC201708-4111,4,200 mg/kg PCDRUG,F,200.0,Liver,Vacuolization,1,Mild,hepatocellular; diffuse; eprilobular,
PC201708,PC201708-4112,4,200 mg/kg PCDRUG,F,200.0,"Bone Marrow, Sternum",No Remarkable Findings,,,,
PC201708,PC201708-4112,4,200 mg/kg PCDRUG,F,200.0,"Bone, Sternum",No Remarkable Findings,,,,
PC201708,PC201708-4112,4,200 mg/kg PCDRUG,F,200.0,"Gland, Adrenal",No Remarkable Findings,,,,
PC201708,PC201708-4112,4,200 mg/kg PCDRUG,F,200.0,"Gland, Mammary",No Remarkable Findings,,,,
PC201708,PC201708-4112,4,200 mg/kg PCDRUG,F,200.0,"Gland, Thyroid",No Remarkable Findings,,,,
PC201708,PC201708-4112,4,200 mg/kg PCDRUG,F,200.0,Liver,Hypertrophy,1,Mild,hepatocellular; diffuse,
PC201708,PC201708-4113,4,200 mg/kg PCDRUG,F,200.0,"Bone Marrow, Sternum",No Remarkable Findings,,,,
PC201708,PC201708-4113,4,200 mg/kg PCDRUG,F,200.0,"Bone, Sternum",No Remarkable Findings,,,,
PC201708,PC201708-4113,4,200 mg/kg PCDRUG,F,200.0,"Gland, Adrenal",Vacuolization,1,Mild,cortex; diffuse,
PC201708,PC201708-4113,4,200 mg/kg PCDRUG,F,200.0,"Gland, Mammary",No Remarkable Findings,,,,
PC201708,PC201708-4113,4,200 mg/kg PCDRUG,F,200.0,"Gland, Thyroid",No Remarkable Findings,,,,
PC201708,PC201708-4113,4,200 mg/kg PCDRUG,F,200.0,Liver,Hepatocellular Carcinoma,,,,
PC201708,PC201708-4114,4,200 mg/kg PCDRUG,F,200.0,"Bone Marrow, Sternum",No Remarkable Findings,,,,
PC201708,PC201708-4114,4,200 mg/kg PCDRUG,F,200.0,"Bone, Sternum",No Remarkable Findings,,,,
PC201708,PC201708-4114,4,200 mg/kg PCDRUG,F,200.0,"Gland, Adrenal",No Remarkable Findings,,,,
PC201708,PC201708-4114,4,200 mg/kg PCDRUG,F,200.0,"Gland, Mammary",No Remarkable Findings,,,,
PC201708,PC201708-4114,4,200 mg/kg PCDRUG,F,200.0,"Gland, Thyroid",No Remarkable Findings,,,,
PC201708,PC201708-4114,4,200 mg/kg PCDRUG,F,200.0,Liver,Vacuolization,2,Moderate,hepatocellular; diffuse; perilobular,
PC201708,PC201708-4115,4,200 mg/kg PCDRUG,F,200.0,"Bone Marrow, Sternum",No Remarkable Findings,,,,
PC201708,PC201708-4115,4,200 mg/kg PCDRUG,F,200.0,"Bone, Sternum",No Remarkable Findings,,,,
PC201708,PC201708-4115,4,200 mg/kg PCDRUG,F,200.0,"Gland, Adrenal",No Remarkable Findings,,,,
PC201708,PC201708-4115,4,200 mg/kg PCDRUG,F,200.0,"Gland, Mammary",No Remarkable Findings,,,,
PC201708,PC201708-4115,4,200 mg/kg PCDRUG,F,200.0,"Gland, Thyroid",No Remarkable Findings,,,,
PC201708,PC201708-4115,4,200 mg/kg PCDRUG,F,200.0,Liver,Hypertrophy,1,Mild,hepatocellular; diffuse,
