study_id,animal_id,group_number,group_name,sex,dose_mgkg_day,organ,organ_label,paired,weight_g,bw_at_necropsy_g,organ_to_bw_ratio,necropsy_date
PC201708,PC201708-1001,1,Vehicle Control,M,0.0,adrenal_gland,Adrenal Glands,True,0.0875,511.0,0.017,2016-05-02
PC201708,PC201708-1001,1,Vehicle Control,M,0.0,brain,Brain,False,2.0789,511.0,0.407,2016-05-02
PC201708,PC201708-1001,1,Vehicle Control,M,0.0,heart,Heart,False,1.3104,511.0,0.256,2016-05-02
PC201708,PC201708-1001,1,Vehicle Control,M,0.0,kidney,Kidneys (paired),True,3.2055,511.0,0.627,2016-05-02
PC201708,PC201708-1001,1,Vehicle Control,M,0.0,liver,Liver,False,8.7775,511.0,1.718,2016-05-02
PC201708,PC201708-1001,1,Vehicle Control,M,0.0,pituitary_gland,Pituitary Gland,False,0.0148,511.0,0.003,2016-05-02
PC201708,PC201708-1001,1,Vehicle Control,M,0.0,spleen,Spleen,False,0.5583,511.0,0.109,2016-05-02
PC201708,PC201708-1001,1,Vehicle Control,M,0.0,testis,Testes (paired),True,4.069,511.0,0.796,2016-05-02
PC201708,PC201708-1001,1,Vehicle Control,M,0.0,thymus,Thymus,False,0.3826,511.0,0.075,2016-05-02
PC201708,PC201708-1001,1,Vehicle Control,M,0.0,thyroid_gland,Thyroid Gland,False,0.0269,511.0,0.005,2016-05-02
PC201708,PC201708-1002,1,Vehicle Control,M,0.0,adrenal_gland,Adrenal Glands,True,0.0766,554.0,0.014,2016-05-02
PC201708,PC201708-1002,1,Vehicle Control,M,0.0,brain,Brain,False,2.1089,554.0,0.381,2016-05-02
PC201708,PC201708-1002,1,Vehicle Control,M,0.0,heart,Heart,False,1.4671,554.0,0.265,2016-05-02
PC201708,PC201708-1002,1,Vehicle Control,M,0.0,kidney,Kidneys (paired),True,2.8,554.0,0.505,2016-05-02
PC201708,PC201708-1002,1,Vehicle Control,M,0.0,liver,Liver,False,9.8338,554.0,1.775,2016-05-02
PC201708,PC201708-1002,1,Vehicle Control,M,0.0,pituitary_gland,Pituitary Gland,False,0.0135,554.0,0.002,2016-05-02
PC201708,PC201708-1002,1,Vehicle Control,M,0.0,spleen,Spleen,False,0.699,554.0,0.126,2016-05-02
PC201708,PC201708-1002,1,Vehicle Control,M,0.0,testis,Testes (paired),True,3.6367,554.0,0.656,2016-05-02
PC201708,PC201708-1002,1,Vehicle Control,M,0.0,thymus,Thymus,False,0.5844,554.0,0.105,2016-05-02
PC201708,PC201708-1002,1,Vehicle Control,M,0.0,thyroid_gland,Thyroid Gland,False,0.0175,554.0,0.003,2016-05-02
PC201708,PC201708-1003,1,Vehicle Control,M,0.0,adrenal_gland,Adrenal Glands,True,0.086,537.0,0.016,2016-05-02
PC201708,PC201708-1003,1,Vehicle Control,M,0.0,brain,Brain,False,2.2374,537.0,0.417,2016-05-02
PC201708,PC201708-1003,1,Vehicle Control,M,0.0,heart,Heart,False,1.6419,537.0,0.306,2016-05-02
PC201708,PC201708-1003,1,Vehicle Control,M,0.0,kidney,Kidneys (paired),True,3.487,537.0,0.649,2016-05-02
PC201708,PC201708-1003,1,Vehicle Control,M,0.0,liver,Liver,False,13.2848,537.0,2.474,2016-05-02
PC201708,PC201708-1003,1,Vehicle Control,M,0.0,pituitary_gland,Pituitary Gland,False,0.0164,537.0,0.003,2016-05-02
PC201708,PC201708-1003,1,Vehicle Control,M,0.0,spleen,Spleen,False,0.7665,537.0,0.143,2016-05-02
PC201708,PC201708-1003,1,Vehicle Control,M,0.0,testis,Testes (paired),True,3.481,537.0,0.648,2016-05-02
PC201708,PC201708-1003,1,Vehicle Control,M,0.0,thymus,Thymus,False,0.4859,537.0,0.09,2016-05-02
PC201708,PC201708-1003,1,Vehicle Control,M,0.0,thyroid_gland,Thyroid Gland,False,0.0472,537.0,0.009,2016-05-02
PC201708,PC201708-1004,1,Vehicle Control,M,0.0,adrenal_gland,Adrenal Glands,True,0.0859,474.0,0.018,2016-05-02
PC201708,PC201708-1004,1,Vehicle Control,M,0.0,brain,Brain,False,2.2251,474.0,0.469,2016-05-02
PC201708,PC201708-1004,1,Vehicle Control,M,0.0,heart,Heart,False,1.5245,474.0,0.322,2016-05-02
PC201708,PC201708-1004,1,Vehicle Control,M,0.0,kidney,Kidneys (paired),True,3.1734,474.0,0.669,2016-05-02
PC201708,PC201708-1004,1,Vehicle Control,M,0.0,liver,Liver,False,10.6624,474.0,2.249,2016-05-02
PC201708,PC201708-1004,1,Vehicle Control,M,0.0,pituitary_gland,Pituitary Gland,False,0.0189,474.0,0.004,2016-05-02
PC201708,PC201708-1004,1,Vehicle Control,M,0.0,spleen,Spleen,False,0.6588,474.0,0.139,2016-05-02
PC201708,PC201708-1004,1,Vehicle Control,M,0.0,testis,Testes (paired),True,3.5654,474.0,0.752,2016-05-02
PC201708,PC201708-1004,1,Vehicle Control,M,0.0,thymus,Thymus,False,0.4799,474.0,0.101,2016-05-02
PC201708,PC201708-1004,1,Vehicle Control,M,0.0,thyroid_gland,Thyroid Gland,False,0.0263,474.0,0.006,2016-05-02
PC201708,PC201708-1005,1,Vehicle Control,M,0.0,adrenal_gland,Adrenal Glands,True,0.0686,475.0,0.014,2016-05-02
PC201708,PC201708-1005,1,Vehicle Control,M,0.0,brain,Brain,False,2.0908,475.0,0.44,2016-05-02
PC201708,PC201708-1005,1,Vehicle Control,M,0.0,heart,Heart,False,1.4141,475.0,0.298,2016-05-02
PC201708,PC201708-1005,1,Vehicle Control,M,0.0,kidney,Kidneys (paired),True,2.7992,475.0,0.589,2016-05-02
PC201708,PC201708-1005,1,Vehicle Control,M,0.0,liver,Liver,False,9.3514,475.0,1.969,2016-05-02
PC201708,PC201708-1005,1,Vehicle Control,M,0.0,pituitary_gland,Pituitary Gland,False,0.0157,475.0,0.003,2016-05-02
PC201708,PC201708-1005,1,Vehicle Control,M,0.0,spleen,Spleen,False,0.6447,475.0,0.136,2016-05-02
PC201708,PC201708-1005,1,Vehicle Control,M,0.0,testis,Testes (paired),True,3.2633,475.0,0.687,2016-05-02
PC201708,PC201708-1005,1,Vehicle Control,M,0.0,thymus,Thymus,False,0.5195,475.0,0.109,2016-05-02
PC201708,PC201708-1005,1,Vehicle Control,M,0.0,thyroid_gland,Thyroid Gland,False,0.0245,475.0,0.005,2016-05-02
PC201708,PC201708-1006,1,Vehicle Control,M,0.0,adrenal_gland,Adrenal Glands,True,0.082,509.0,0.016,2016-05-02
PC201708,PC201708-1006,1,Vehicle Control,M,0.0,brain,Brain,False,2.2016,509.0,0.433,2016-05-02
PC201708,PC201708-1006,1,Vehicle Control,M,0.0,heart,Heart,False,1.4468,509.0,0.284,2016-05-02
PC201708,PC201708-1006,1,Vehicle Control,M,0.0,kidney,Kidneys (paired),True,2.7949,509.0,0.549,2016-05-02
PC201708,PC201708-1006,1,Vehicle Control,M,0.0,liver,Liver,False,8.1761,509.0,1.606,2016-05-02
PC201708,PC201708-1006,1,Vehicle Control,M,0.0,pituitary_gland,Pituitary Gland,False,0.0095,509.0,0.002,2016-05-02
PC201708,PC201708-1006,1,Vehicle Control,M,0.0,spleen,Spleen,False,0.5453,509.0,0.107,2016-05-02
PC201708,PC201708-1006,1,Vehicle Control,M,0.0,testis,Testes (paired),True,3.7763,509.0,0.742,2016-05-02
PC201708,PC201708-1006,1,Vehicle Control,M,0.0,thymus,Thymus,False,0.2831,509.0,0.056,2016-05-02
PC201708,PC201708-1006,1,Vehicle Control,M,0.0,thyroid_gland,Thyroid Gland,False,0.0167,509.0,0.003,2016-05-02
PC201708,PC201708-1007,1,Vehicle Control,M,0.0,adrenal_gland,Adrenal Glands,True,0.0913,481.0,0.019,2016-05-02
PC201708,PC201708-1007,1,Vehicle Control,M,0.0,brain,Brain,False,2.1265,481.0,0.442,2016-05-02
PC201708,PC201708-1007,1,Vehicle Control,M,0.0,heart,Heart,False,1.5127,481.0,0.314,2016-05-02
PC201708,PC201708-1007,1,Vehicle Control,M,0.0,kidney,Kidneys (paired),True,3.5138,481.0,0.731,2016-05-02
PC201708,PC201708-1007,1,Vehicle Control,M,0.0,liver,Liver,False,9.3504,481.0,1.944,2016-05-02
PC201708,PC201708-1007,1,Vehicle Control,M,0.0,pituitary_gland,Pituitary Gland,False,0.0125,481.0,0.003,2016-05-02
PC201708,PC201708-1007,1,Vehicle Control,M,0.0,spleen,Spleen,False,0.5854,481.0,0.122,2016-05-02
PC201708,PC201708-1007,1,Vehicle Control,M,0.0,testis,Testes (paired),True,3.3238,481.0,0.691,2016-05-02
PC201708,PC201708-1007,1,Vehicle Control,M,0.0,thymus,Thymus,False,0.2896,481.0,0.06,2016-05-02
PC201708,PC201708-1007,1,Vehicle Control,M,0.0,thyroid_gland,Thyroid Gland,False,0.0324,481.0,0.007,2016-05-02
PC201708,PC201708-1008,1,Vehicle Control,M,0.0,adrenal_gland,Adrenal Glands,True,0.0739,543.0,0.014,2016-05-02
PC201708,PC201708-1008,1,Vehicle Control,M,0.0,brain,Brain,False,2.0869,543.0,0.384,2016-05-02
PC201708,PC201708-1008,1,Vehicle Control,M,0.0,heart,Heart,False,1.3669,543.0,0.252,2016-05-02
PC201708,PC201708-1008,1,Vehicle Control,M,0.0,kidney,Kidneys (paired),True,2.7755,543.0,0.511,2016-05-02
PC201708,PC201708-1008,1,Vehicle Control,M,0.0,liver,Liver,False,13.3327,543.0,2.455,2016-05-02
PC201708,PC201708-1008,1,Vehicle Control,M,0.0,pituitary_gland,Pituitary Gland,False,0.0151,543.0,0.003,2016-05-02
PC201708,PC201708-1008,1,Vehicle Control,M,0.0,spleen,Spleen,False,0.6148,543.0,0.113,2016-05-02
PC201708,PC201708-1008,1,Vehicle Control,M,0.0,testis,Testes (paired),True,3.5568,543.0,0.655,2016-05-02
PC201708,PC201708-1008,1,Vehicle Control,M,0.0,thymus,Thymus,False,0.227,543.0,0.042,2016-05-02
PC201708,PC201708-1008,1,Vehicle Control,M,0.0,thyroid_gland,Thyroid Gland,False,0.0269,543.0,0.005,2016-05-02
PC201708,PC201708-1009,1,Vehicle Control,M,0.0,adrenal_gland,Adrenal Glands,True,0.072,567.0,0.013,2016-05-02
PC201708,PC201708-1009,1,Vehicle Control,M,0.0,brain,Brain,False,2.0489,567.0,0.361,2016-05-02
PC201708,PC201708-1009,1,Vehicle Control,M,0.0,heart,Heart,False,1.0978,567.0,0.194,2016-05-02
PC201708,PC201708-1009,1,Vehicle Control,M,0.0,kidney,Kidneys (paired),True,1.7533,567.0,0.309,2016-05-02
PC201708,PC201708-1009,1,Vehicle Control,M,0.0,liver,Liver,False,5.9919,567.0,1.057,2016-05-02
PC201708,PC201708-1009,1,Vehicle Control,M,0.0,pituitary_gland,Pituitary Gland,False,0.013,567.0,0.002,2016-05-02
PC201708,PC201708-1009,1,Vehicle Control,M,0.0,spleen,Spleen,False,0.4314,567.0,0.076,2016-05-02
PC201708,PC201708-1009,1,Vehicle Control,M,0.0,testis,Testes (paired),True,2.9118,567.0,0.514,2016-05-02
PC201708,PC201708-1009,1,Vehicle Control,M,0.0,thymus,Thymus,False,0.2416,567.0,0.043,2016-05-02
PC201708,PC201708-1009,1,Vehicle Control,M,0.0,thyroid_gland,Thyroid Gland,False,0.0286,567.0,0.005,2016-05-02
PC201708,PC201708-1010,1,Vehicle Control,M,0.0,adrenal_gland,Adrenal Glands,True,0.0688,550.0,0.013,2016-05-02
PC201708,PC201708-1010,1,Vehicle Control,M,0.0,brain,Brain,False,2.3233,550.0,0.422,2016-05-02
PC201708,PC201708-1010,1,Vehicle Control,M,0.0,heart,Heart,False,1.6942,550.0,0.308,2016-05-02
PC201708,PC201708-1010,1,Vehicle Control,M,0.0,kidney,Kidneys (paired),True,3.2246,550.0,0.586,2016-05-02
PC201708,PC201708-1010,1,Vehicle Control,M,0.0,liver,Liver,False,10.5508,550.0,1.918,2016-05-02
PC201708,PC201708-1010,1,Vehicle Control,M,0.0,pituitary_gland,Pituitary Gland,False,0.0175,550.0,0.003,2016-05-02
PC201708,PC201708-1010,1,Vehicle Control,M,0.0,spleen,Spleen,False,0.7383,550.0,0.134,2016-05-02
PC201708,PC201708-1010,1,Vehicle Control,M,0.0,testis,Testes (paired),True,3.6361,550.0,0.661,2016-05-02
PC201708,PC201708-1010,1,Vehicle Control,M,0.0,thymus,Thymus,False,0.374,550.0,0.068,2016-05-02
PC201708,PC201708-1010,1,Vehicle Control,M,0.0,thyroid_gland,Thyroid Gland,False,0.0448,550.0,0.008,2016-05-02
PC201708,PC201708-1011,1,Vehicle Control,M,0.0,adrenal_gland,Adrenal Glands,True,0.0774,554.0,0.014,2016-05-16
PC201708,PC201708-1011,1,Vehicle Control,M,0.0,brain,Brain,False,2.3403,554.0,0.422,2016-05-16
PC201708,PC201708-1011,1,Vehicle Control,M,0.0,heart,Heart,False,1.6835,554.0,0.304,2016-05-16
PC201708,PC201708-1011,1,Vehicle Control,M,0.0,kidney,Kidneys (paired),True,3.1862,554.0,0.575,2016-05-16
PC201708,PC201708-1011,1,Vehicle Control,M,0.0,liver,Liver,False,11.2931,554.0,2.038,2016-05-16
PC201708,PC201708-1011,1,Vehicle Control,M,0.0,pituitary_gland,Pituitary Gland,False,0.0173,554.0,0.003,2016-05-16
PC201708,PC201708-1011,1,Vehicle Control,M,0.0,spleen,Spleen,False,0.8062,554.0,0.146,2016-05-16
PC201708,PC201708-1011,1,Vehicle Control,M,0.0,testis,Testes (paired),True,3.6185,554.0,0.653,2016-05-16
PC201708,PC201708-1011,1,Vehicle Control,M,0.0,thymus,Thymus,False,0.2374,554.0,0.043,2016-05-16
PC201708,PC201708-1011,1,Vehicle Control,M,0.0,thyroid_gland,Thyroid Gland,False,0.0386,554.0,0.007,2016-05-16
PC201708,PC201708-1012,1,Vehicle Control,M,0.0,adrenal_gland,Adrenal Glands,True,0.0653,571.0,0.011,2016-05-16
PC201708,PC201708-1012,1,Vehicle Control,M,0.0,brain,Brain,False,2.1581,571.0,0.378,2016-05-16
PC201708,PC201708-1012,1,Vehicle Control,M,0.0,heart,Heart,False,1.5345,571.0,0.269,2016-05-16
PC201708,PC201708-1012,1,Vehicle Control,M,0.0,kidney,Kidneys (paired),True,2.9252,571.0,0.512,2016-05-16
PC201708,PC201708-1012,1,Vehicle Control,M,0.0,liver,Liver,False,9.5001,571.0,1.664,2016-05-16
PC201708,PC201708-1012,1,Vehicle Control,M,0.0,pituitary_gland,Pituitary Gland,False,0.0163,571.0,0.003,2016-05-16
PC201708,PC201708-1012,1,Vehicle Control,M,0.0,spleen,Spleen,False,0.7003,571.0,0.123,2016-05-16
PC201708,PC201708-1012,1,Vehicle Control,M,0.0,testis,Testes (paired),True,4.0259,571.0,0.705,2016-05-16
PC201708,PC201708-1012,1,Vehicle Control,M,0.0,thymus,Thymus,False,0.1778,571.0,0.031,2016-05-16
PC201708,PC201708-1012,1,Vehicle Control,M,0.0,thyroid_gland,Thyroid Gland,False,0.0403,571.0,0.007,2016-05-16
PC201708,PC201708-1013,1,Vehicle Control,M,0.0,adrenal_gland,Adrenal Glands,True,0.0886,507.0,0.017,2016-05-16
PC201708,PC201708-1013,1,Vehicle Control,M,0.0,brain,Brain,False,1.9834,507.0,0.391,2016-05-16
PC201708,PC201708-1013,1,Vehicle Control,M,0.0,heart,Heart,False,1.3226,507.0,0.261,2016-05-16
PC201708,PC201708-1013,1,Vehicle Control,M,0.0,kidney,Kidneys (paired),True,2.6565,507.0,0.524,2016-05-16
PC201708,PC201708-1013,1,Vehicle Control,M,0.0,liver,Liver,False,8.7448,507.0,1.725,2016-05-16
PC201708,PC201708-1013,1,Vehicle Control,M,0.0,pituitary_gland,Pituitary Gland,False,0.0134,507.0,0.003,2016-05-16
PC201708,PC201708-1013,1,Vehicle Control,M,0.0,spleen,Spleen,False,0.655,507.0,0.129,2016-05-16
PC201708,PC201708-1013,1,Vehicle Control,M,0.0,testis,Testes (paired),True,4.0469,507.0,0.798,2016-05-16
PC201708,PC201708-1013,1,Vehicle Control,M,0.0,thymus,Thymus,False,0.2274,507.0,0.045,2016-05-16
PC201708,PC201708-1013,1,Vehicle Control,M,0.0,thyroid_gland,Thyroid Gland,False,0.0351,507.0,0.007,2016-05-16
PC201708,PC201708-1014,1,Vehicle Control,M,0.0,adrenal_gland,Adrenal Glands,True,0.0623,552.0,0.011,2016-05-16
PC201708,PC201708-1014,1,Vehicle Control,M,0.0,brain,Brain,False,2.0916,552.0,0.379,2016-05-16
PC201708,PC201708-1014,1,Vehicle Control,M,0.0,heart,Heart,False,1.4021,552.0,0.254,2016-05-16
PC201708,PC201708-1014,1,Vehicle Control,M,0.0,kidney,Kidneys (paired),True,2.7381,552.0,0.496,2016-05-16
PC201708,PC201708-1014,1,Vehicle Control,M,0.0,liver,Liver,False,9.511,552.0,1.723,2016-05-16
PC201708,PC201708-1014,1,Vehicle Control,M,0.0,pituitary_gland,Pituitary Gland,False,0.0126,552.0,0.002,2016-05-16
PC201708,PC201708-1014,1,Vehicle Control,M,0.0,spleen,Spleen,False,0.7685,552.0,0.139,2016-05-16
PC201708,PC201708-1014,1,Vehicle Control,M,0.0,testis,Testes (paired),True,3.9078,552.0,0.708,2016-05-16
PC201708,PC201708-1014,1,Vehicle Control,M,0.0,thymus,Thymus,False,0.2959,552.0,0.054,2016-05-16
PC201708,PC201708-1014,1,Vehicle Control,M,0.0,thyroid_gland,Thyroid Gland,False,0.0363,552.0,0.007,2016-05-16
PC201708,PC201708-1015,1,Vehicle Control,M,0.0,adrenal_gland,Adrenal Glands,True,0.0909,563.0,0.016,2016-05-16
PC201708,PC201708-1015,1,Vehicle Control,M,0.0,brain,Brain,False,2.1432,563.0,0.381,2016-05-16
PC201708,PC201708-1015,1,Vehicle Control,M,0.0,heart,Heart,False,1.4355,563.0,0.255,2016-05-16
PC201708,PC201708-1015,1,Vehicle Control,M,0.0,kidney,Kidneys (paired),True,3.1573,563.0,0.561,2016-05-16
PC201708,PC201708-1015,1,Vehicle Control,M,0.0,liver,Liver,False,10.6053,563.0,1.884,2016-05-16
PC201708,PC201708-1015,1,Vehicle Control,M,0.0,pituitary_gland,Pituitary Gland,False,0.015,563.0,0.003,2016-05-16
PC201708,PC201708-1015,1,Vehicle Control,M,0.0,spleen,Spleen,False,0.7922,563.0,0.141,2016-05-16
PC201708,PC201708-1015,1,Vehicle Control,M,0.0,testis,Testes (paired),True,3.7827,563.0,0.672,2016-05-16
PC201708,PC201708-1015,1,Vehicle Control,M,0.0,thymus,Thymus,False,0.3421,563.0,0.061,2016-05-16
PC201708,PC201708-1015,1,Vehicle Control,M,0.0,thyroid_gland,Thyroid Gland,False,0.0242,563.0,0.004,2016-05-16
PC201708,PC201708-1101,1,Vehicle Control,F,0.0,adrenal_gland,Adrenal Glands,True,0.0892,357.0,0.025,2016-05-02
PC201708,PC201708-1101,1,Vehicle Control,F,0.0,brain,Brain,False,1.9348,357.0,0.542,2016-05-02
PC201708,PC201708-1101,1,Vehicle Control,F,0.0,heart,Heart,False,0.8474,357.0,0.237,2016-05-02
PC201708,PC201708-1101,1,Vehicle Control,F,0.0,kidney,Kidneys (paired),True,1.8872,357.0,0.529,2016-05-02
PC201708,PC201708-1101,1,Vehicle Control,F,0.0,liver,Liver,False,7.6295,357.0,2.137,2016-05-02
PC201708,PC201708-1101,1,Vehicle Control,F,0.0,ovary,Ovaries (paired),True,0.1585,357.0,0.044,2016-05-02
PC201708,PC201708-1101,1,Vehicle Control,F,0.0,pituitary_gland,Pituitary Gland,False,0.0182,357.0,0.005,2016-05-02
PC201708,PC201708-1101,1,Vehicle Control,F,0.0,spleen,Spleen,False,0.5938,357.0,0.166,2016-05-02
PC201708,PC201708-1101,1,Vehicle Control,F,0.0,thymus,Thymus,False,0.445,357.0,0.125,2016-05-02
PC201708,PC201708-1101,1,Vehicle Control,F,0.0,thyroid_gland,Thyroid Gland,False,0.0239,357.0,0.007,2016-05-02
PC201708,PC201708-1102,1,Vehicle Control,F,0.0,adrenal_gland,Adrenal Glands,True,0.0679,338.0,0.02,2016-05-02
PC201708,PC201708-1102,1,Vehicle Control,F,0.0,brain,Brain,False,1.7676,338.0,0.523,2016-05-02
PC201708,PC201708-1102,1,Vehicle Control,F,0.0,heart,Heart,False,0.762,338.0,0.225,2016-05-02
PC201708,PC201708-1102,1,Vehicle Control,F,0.0,kidney,Kidneys (paired),True,1.5946,338.0,0.472,2016-05-02
PC201708,PC201708-1102,1,Vehicle Control,F,0.0,liver,Liver,False,5.9648,338.0,1.765,2016-05-02
PC201708,PC201708-1102,1,Vehicle Control,F,0.0,ovary,Ovaries (paired),True,0.1194,338.0,0.035,2016-05-02
PC201708,PC201708-1102,1,Vehicle Control,F,0.0,pituitary_gland,Pituitary Gland,False,0.0129,338.0,0.004,2016-05-02
PC201708,PC201708-1102,1,Vehicle Control,F,0.0,spleen,Spleen,False,0.5792,338.0,0.171,2016-05-02
PC201708,PC201708-1102,1,Vehicle Control,F,0.0,thymus,Thymus,False,0.3938,338.0,0.117,2016-05-02
PC201708,PC201708-1102,1,Vehicle Control,F,0.0,thyroid_gland,Thyroid Gland,False,0.0212,338.0,0.006,2016-05-02
PC201708,PC201708-1103,1,Vehicle Control,F,0.0,adrenal_gland,Adrenal Glands,True,0.077,319.0,0.024,2016-05-02
PC201708,PC201708-1103,1,Vehicle Control,F,0.0,brain,Brain,False,1.8603,319.0,0.583,2016-05-02
PC201708,PC201708-1103,1,Vehicle Control,F,0.0,heart,Heart,False,0.8291,319.0,0.26,2016-05-02
PC201708,PC201708-1103,1,Vehicle Control,F,0.0,kidney,Kidneys (paired),True,1.6091,319.0,0.504,2016-05-02
PC201708,PC201708-1103,1,Vehicle Control,F,0.0,liver,Liver,False,6.0197,319.0,1.887,2016-05-02
PC201708,PC201708-1103,1,Vehicle Control,F,0.0,ovary,Ovaries (paired),True,0.0752,319.0,0.024,2016-05-02
PC201708,PC201708-1103,1,Vehicle Control,F,0.0,pituitary_gland,Pituitary Gland,False,0.0167,319.0,0.005,2016-05-02
PC201708,PC201708-1103,1,Vehicle Control,F,0.0,spleen,Spleen,False,0.469,319.0,0.147,2016-05-02
PC201708,PC201708-1103,1,Vehicle Control,F,0.0,thymus,Thymus,False,0.3027,319.0,0.095,2016-05-02
PC201708,PC201708-1103,1,Vehicle Control,F,0.0,thyroid_gland,Thyroid Gland,False,0.0203,319.0,0.006,2016-05-02
PC201708,PC201708-1104,1,Vehicle Control,F,0.0,adrenal_gland,Adrenal Glands,True,0.0823,396.0,0.021,2016-05-02
PC201708,PC201708-1104,1,Vehicle Control,F,0.0,brain,Brain,False,1.8668,396.0,0.471,2016-05-02
PC201708,PC201708-1104,1,Vehicle Control,F,0.0,heart,Heart,False,0.9153,396.0,0.231,2016-05-02
PC201708,PC201708-1104,1,Vehicle Control,F,0.0,kidney,Kidneys (paired),True,1.7978,396.0,0.454,2016-05-02
PC201708,PC201708-1104,1,Vehicle Control,F,0.0,liver,Liver,False,6.8981,396.0,1.742,2016-05-02
PC201708,PC201708-1104,1,Vehicle Control,F,0.0,ovary,Ovaries (paired),True,0.1496,396.0,0.038,2016-05-02
PC201708,PC201708-1104,1,Vehicle Control,F,0.0,pituitary_gland,Pituitary Gland,False,0.0166,396.0,0.004,2016-05-02
PC201708,PC201708-1104,1,Vehicle Control,F,0.0,spleen,Spleen,False,0.5382,396.0,0.136,2016-05-02
PC201708,PC201708-1104,1,Vehicle Control,F,0.0,thymus,Thymus,False,0.3112,396.0,0.079,2016-05-02
PC201708,PC201708-1104,1,Vehicle Control,F,0.0,thyroid_gland,Thyroid Gland,False,0.0211,396.0,0.005,2016-05-02
PC201708,PC201708-1105,1,Vehicle Control,F,0.0,adrenal_gland,Adrenal Glands,True,0.0758,355.0,0.021,2016-05-02
PC201708,PC201708-1105,1,Vehicle Control,F,0.0,brain,Brain,False,1.8888,355.0,0.532,2016-05-02
PC201708,PC201708-1105,1,Vehicle Control,F,0.0,heart,Heart,False,0.9828,355.0,0.277,2016-05-02
PC201708,PC201708-1105,1,Vehicle Control,F,0.0,kidney,Kidneys (paired),True,2.1198,355.0,0.597,2016-05-02
PC201708,PC201708-1105,1,Vehicle Control,F,0.0,liver,Liver,False,7.2953,355.0,2.055,2016-05-02
PC201708,PC201708-1105,1,Vehicle Control,F,0.0,ovary,Ovaries (paired),True,0.1532,355.0,0.043,2016-05-02
PC201708,PC201708-1105,1,Vehicle Control,F,0.0,pituitary_gland,Pituitary Gland,False,0.0151,355.0,0.004,2016-05-02
PC201708,PC201708-1105,1,Vehicle Control,F,0.0,spleen,Spleen,False,0.5324,355.0,0.15,2016-05-02
PC201708,PC201708-1105,1,Vehicle Control,F,0.0,thymus,Thymus,False,0.3915,355.0,0.11,2016-05-02
PC201708,PC201708-1105,1,Vehicle Control,F,0.0,thyroid_gland,Thyroid Gland,False,0.0196,355.0,0.006,2016-05-02
PC201708,PC201708-1106,1,Vehicle Control,F,0.0,adrenal_gland,Adrenal Glands,True,0.1045,345.0,0.03,2016-05-02
PC201708,PC201708-1106,1,Vehicle Control,F,0.0,brain,Brain,False,2.0554,345.0,0.596,2016-05-02
PC201708,PC201708-1106,1,Vehicle Control,F,0.0,heart,Heart,False,1.0124,345.0,0.293,2016-05-02
PC201708,PC201708-1106,1,Vehicle Control,F,0.0,kidney,Kidneys (paired),True,1.79,345.0,0.519,2016-05-02
PC201708,PC201708-1106,1,Vehicle Control,F,0.0,liver,Liver,False,6.9701,345.0,2.02,2016-05-02
PC201708,PC201708-1106,1,Vehicle Control,F,0.0,ovary,Ovaries (paired),True,0.1271,345.0,0.037,2016-05-02
PC201708,PC201708-1106,1,Vehicle Control,F,0.0,pituitary_gland,Pituitary Gland,False,0.0196,345.0,0.006,2016-05-02
PC201708,PC201708-1106,1,Vehicle Control,F,0.0,spleen,Spleen,False,0.5884,345.0,0.171,2016-05-02
PC201708,PC201708-1106,1,Vehicle Control,F,0.0,thymus,Thymus,False,0.6582,345.0,0.191,2016-05-02
PC201708,PC201708-1106,1,Vehicle Control,F,0.0,thyroid_gland,Thyroid Gland,False,0.0156,345.0,0.005,2016-05-02
PC201708,PC201708-1107,1,Vehicle Control,F,0.0,adrenal_gland,Adrenal Glands,True,0.1124,398.0,0.028,2016-05-02
PC201708,PC201708-1107,1,Vehicle Control,F,0.0,brain,Brain,False,2.1052,398.0,0.529,2016-05-02
PC201708,PC201708-1107,1,Vehicle Control,F,0.0,heart,Heart,False,0.8349,398.0,0.21,2016-05-02
PC201708,PC201708-1107,1,Vehicle Control,F,0.0,kidney,Kidneys (paired),True,1.8533,398.0,0.466,2016-05-02
PC201708,PC201708-1107,1,Vehicle Control,F,0.0,liver,Liver,False,6.8178,398.0,1.713,2016-05-02
PC201708,PC201708-1107,1,Vehicle Control,F,0.0,ovary,Ovaries (paired),True,0.1003,398.0,0.025,2016-05-02
PC201708,PC201708-1107,1,Vehicle Control,F,0.0,pituitary_gland,Pituitary Gland,False,0.0193,398.0,0.005,2016-05-02
PC201708,PC201708-1107,1,Vehicle Control,F,0.0,spleen,Spleen,False,0.5251,398.0,0.132,2016-05-02
PC201708,PC201708-1107,1,Vehicle Control,F,0.0,thymus,Thymus,False,0.3077,398.0,0.077,2016-05-02
PC201708,PC201708-1107,1,Vehicle Control,F,0.0,thyroid_gland,Thyroid Gland,False,0.0246,398.0,0.006,2016-05-02
PC201708,PC201708-1108,1,Vehicle Control,F,0.0,adrenal_gland,Adrenal Glands,True,0.0713,356.0,0.02,2016-05-02
PC201708,PC201708-1108,1,Vehicle Control,F,0.0,brain,Brain,False,1.8397,356.0,0.517,2016-05-02
PC201708,PC201708-1108,1,Vehicle Control,F,0.0,heart,Heart,False,0.853,356.0,0.24,2016-05-02
PC201708,PC201708-1108,1,Vehicle Control,F,0.0,kidney,Kidneys (paired),True,1.7268,356.0,0.485,2016-05-02
PC201708,PC201708-1108,1,Vehicle Control,F,0.0,liver,Liver,False,6.0079,356.0,1.688,2016-05-02
PC201708,PC201708-1108,1,Vehicle Control,F,0.0,ovary,Ovaries (paired),True,0.1069,356.0,0.03,2016-05-02
PC201708,PC201708-1108,1,Vehicle Control,F,0.0,pituitary_gland,Pituitary Gland,False,0.015,356.0,0.004,2016-05-02
PC201708,PC201708-1108,1,Vehicle Control,F,0.0,spleen,Spleen,False,0.5716,356.0,0.161,2016-05-02
PC201708,PC201708-1108,1,Vehicle Control,F,0.0,thymus,Thymus,False,0.5515,356.0,0.155,2016-05-02
PC201708,PC201708-1108,1,Vehicle Control,F,0.0,thyroid_gland,Thyroid Gland,False,0.0215,356.0,0.006,2016-05-02
PC201708,PC201708-1109,1,Vehicle Control,F,0.0,adrenal_gland,Adrenal Glands,True,0.0741,364.0,0.02,2016-05-02
PC201708,PC201708-1109,1,Vehicle Control,F,0.0,brain,Brain,False,1.9071,364.0,0.524,2016-05-02
PC201708,PC201708-1109,1,Vehicle Control,F,0.0,heart,Heart,False,0.8067,364.0,0.222,2016-05-02
PC201708,PC201708-1109,1,Vehicle Control,F,0.0,kidney,Kidneys (paired),True,1.6602,364.0,0.456,2016-05-02
PC201708,PC201708-1109,1,Vehicle Control,F,0.0,liver,Liver,False,6.1771,364.0,1.697,2016-05-02
PC201708,PC201708-1109,1,Vehicle Control,F,0.0,ovary,Ovaries (paired),True,0.1085,364.0,0.03,2016-05-02
PC201708,PC201708-1109,1,Vehicle Control,F,0.0,pituitary_gland,Pituitary Gland,False,0.0149,364.0,0.004,2016-05-02
PC201708,PC201708-1109,1,Vehicle Control,F,0.0,spleen,Spleen,False,0.5471,364.0,0.15,2016-05-02
PC201708,PC201708-1109,1,Vehicle Control,F,0.0,thymus,Thymus,False,0.3853,364.0,0.106,2016-05-02
PC201708,PC201708-1109,1,Vehicle Control,F,0.0,thyroid_gland,Thyroid Gland,False,0.0165,364.0,0.005,2016-05-02
PC201708,PC201708-1110,1,Vehicle Control,F,0.0,adrenal_gland,Adrenal Glands,True,0.1037,344.0,0.03,2016-05-02
PC201708,PC201708-1110,1,Vehicle Control,F,0.0,brain,Brain,False,1.9354,344.0,0.563,2016-05-02
PC201708,PC201708-1110,1,Vehicle Control,F,0.0,heart,Heart,False,1.0082,344.0,0.293,2016-05-02
PC201708,PC201708-1110,1,Vehicle Control,F,0.0,kidney,Kidneys (paired),True,1.9845,344.0,0.577,2016-05-02
PC201708,PC201708-1110,1,Vehicle Control,F,0.0,liver,Liver,False,9.067,344.0,2.636,2016-05-02
PC201708,PC201708-1110,1,Vehicle Control,F,0.0,ovary,Ovaries (paired),True,0.1312,344.0,0.038,2016-05-02
PC201708,PC201708-1110,1,Vehicle Control,F,0.0,pituitary_gland,Pituitary Gland,False,0.0152,344.0,0.004,2016-05-02
PC201708,PC201708-1110,1,Vehicle Control,F,0.0,spleen,Spleen,False,0.511,344.0,0.149,2016-05-02
PC201708,PC201708-1110,1,Vehicle Control,F,0.0,thymus,Thymus,False,0.3971,344.0,0.115,2016-05-02
PC201708,PC201708-1110,1,Vehicle Control,F,0.0,thyroid_gland,Thyroid Gland,False,0.0221,344.0,0.006,2016-05-02
PC201708,PC201708-1111,1,Vehicle Control,F,0.0,adrenal_gland,Adrenal Glands,True,0.0933,429.0,0.022,2016-05-16
PC201708,PC201708-1111,1,Vehicle Control,F,0.0,brain,Brain,False,1.8773,429.0,0.438,2016-05-16
PC201708,PC201708-1111,1,Vehicle Control,F,0.0,heart,Heart,False,0.762,429.0,0.178,2016-05-16
PC201708,PC201708-1111,1,Vehicle Control,F,0.0,kidney,Kidneys (paired),True,1.7747,429.0,0.414,2016-05-16
PC201708,PC201708-1111,1,Vehicle Control,F,0.0,liver,Liver,False,6.8462,429.0,1.596,2016-05-16
PC201708,PC201708-1111,1,Vehicle Control,F,0.0,ovary,Ovaries (paired),True,0.1273,429.0,0.03,2016-05-16
PC201708,PC201708-1111,1,Vehicle Control,F,0.0,pituitary_gland,Pituitary Gland,False,0.0138,429.0,0.003,2016-05-16
PC201708,PC201708-1111,1,Vehicle Control,F,0.0,spleen,Spleen,False,0.5309,429.0,0.124,2016-05-16
PC201708,PC201708-1111,1,Vehicle Control,F,0.0,thymus,Thymus,False,0.368,429.0,0.086,2016-05-16
PC201708,PC201708-1111,1,Vehicle Control,F,0.0,thyroid_gland,Thyroid Gland,False,0.0211,429.0,0.005,2016-05-16
PC201708,PC201708-1112,1,Vehicle Control,F,0.0,adrenal_gland,Adrenal Glands,True,0.1007,423.0,0.024,2016-05-16
PC201708,PC201708-1112,1,Vehicle Control,F,0.0,brain,Brain,False,2.0446,423.0,0.483,2016-05-16
PC201708,PC201708-1112,1,Vehicle Control,F,0.0,heart,Heart,False,0.8169,423.0,0.193,2016-05-16
PC201708,PC201708-1112,1,Vehicle Control,F,0.0,kidney,Kidneys (paired),True,1.8334,423.0,0.433,2016-05-16
PC201708,PC201708-1112,1,Vehicle Control,F,0.0,liver,Liver,False,7.2283,423.0,1.709,2016-05-16
PC201708,PC201708-1112,1,Vehicle Control,F,0.0,ovary,Ovaries (paired),True,0.1377,423.0,0.033,2016-05-16
PC201708,PC201708-1112,1,Vehicle Control,F,0.0,pituitary_gland,Pituitary Gland,False,0.02,423.0,0.005,2016-05-16
PC201708,PC201708-1112,1,Vehicle Control,F,0.0,spleen,Spleen,False,0.5237,423.0,0.124,2016-05-16
PC201708,PC201708-1112,1,Vehicle Control,F,0.0,thymus,Thymus,False,0.3077,423.0,0.073,2016-05-16
PC201708,PC201708-1112,1,Vehicle Control,F,0.0,thyroid_gland,Thyroid Gland,False,0.0207,423.0,0.005,2016-05-16
PC201708,PC201708-1113,1,Vehicle Control,F,0.0,adrenal_gland,Adrenal Glands,True,0.1091,427.0,0.026,2016-05-16
PC201708,PC201708-1113,1,Vehicle Control,F,0.0,brain,Brain,False,2.0681,427.0,0.484,2016-05-16
PC201708,PC201708-1113,1,Vehicle Control,F,0.0,heart,Heart,False,0.9465,427.0,0.222,2016-05-16
PC201708,PC201708-1113,1,Vehicle Control,F,0.0,kidney,Kidneys (paired),True,2.1521,427.0,0.504,2016-05-16
PC201708,PC201708-1113,1,Vehicle Control,F,0.0,liver,Liver,False,7.2121,427.0,1.689,2016-05-16
PC201708,PC201708-1113,1,Vehicle Control,F,0.0,ovary,Ovaries (paired),True,0.0968,427.0,0.023,2016-05-16
PC201708,PC201708-1113,1,Vehicle Control,F,0.0,pituitary_gland,Pituitary Gland,False,0.0178,427.0,0.004,2016-05-16
PC201708,PC201708-1113,1,Vehicle Control,F,0.0,spleen,Spleen,False,0.6201,427.0,0.145,2016-05-16
PC201708,PC201708-1113,1,Vehicle Control,F,0.0,thymus,Thymus,False,0.3317,427.0,0.078,2016-05-16
PC201708,PC201708-1113,1,Vehicle Control,F,0.0,thyroid_gland,Thyroid Gland,False,0.0196,427.0,0.005,2016-05-16
PC201708,PC201708-1114,1,Vehicle Control,F,0.0,adrenal_gland,Adrenal Glands,True,0.1014,336.0,0.03,2016-05-16
PC201708,PC201708-1114,1,Vehicle Control,F,0.0,brain,Brain,False,1.9791,336.0,0.589,2016-05-16
PC201708,PC201708-1114,1,Vehicle Control,F,0.0,heart,Heart,False,0.8471,336.0,0.252,2016-05-16
PC201708,PC201708-1114,1,Vehicle Control,F,0.0,kidney,Kidneys (paired),True,1.8838,336.0,0.561,2016-05-16
PC201708,PC201708-1114,1,Vehicle Control,F,0.0,liver,Liver,False,7.5461,336.0,2.246,2016-05-16
PC201708,PC201708-1114,1,Vehicle Control,F,0.0,ovary,Ovaries (paired),True,0.1462,336.0,0.044,2016-05-16
PC201708,PC201708-1114,1,Vehicle Control,F,0.0,pituitary_gland,Pituitary Gland,False,0.0157,336.0,0.005,2016-05-16
PC201708,PC201708-1114,1,Vehicle Control,F,0.0,spleen,Spleen,False,0.5623,336.0,0.167,2016-05-16
PC201708,PC201708-1114,1,Vehicle Control,F,0.0,thymus,Thymus,False,0.5532,336.0,0.165,2016-05-16
PC201708,PC201708-1114,1,Vehicle Control,F,0.0,thyroid_gland,Thyroid Gland,False,0.0221,336.0,0.007,2016-05-16
PC201708,PC201708-1115,1,Vehicle Control,F,0.0,adrenal_gland,Adrenal Glands,True,0.1033,351.0,0.029,2016-05-16
PC201708,PC201708-1115,1,Vehicle Control,F,0.0,brain,Brain,False,1.9099,351.0,0.544,2016-05-16
PC201708,PC201708-1115,1,Vehicle Control,F,0.0,heart,Heart,False,0.9721,351.0,0.277,2016-05-16
PC201708,PC201708-1115,1,Vehicle Control,F,0.0,kidney,Kidneys (paired),True,2.0492,351.0,0.584,2016-05-16
PC201708,PC201708-1115,1,Vehicle Control,F,0.0,liver,Liver,False,8.6168,351.0,2.455,2016-05-16
PC201708,PC201708-1115,1,Vehicle Control,F,0.0,ovary,Ovaries (paired),True,0.1355,351.0,0.039,2016-05-16
PC201708,PC201708-1115,1,Vehicle Control,F,0.0,pituitary_gland,Pituitary Gland,False,0.0136,351.0,0.004,2016-05-16
PC201708,PC201708-1115,1,Vehicle Control,F,0.0,spleen,Spleen,False,0.5015,351.0,0.143,2016-05-16
PC201708,PC201708-1115,1,Vehicle Control,F,0.0,thymus,Thymus,False,0.4579,351.0,0.13,2016-05-16
PC201708,PC201708-1115,1,Vehicle Control,F,0.0,thyroid_gland,Thyroid Gland,False,0.0259,351.0,0.007,2016-05-16
PC201708,PC201708-2001,2,2 mg/kg PCDRUG,M,2.0,adrenal_gland,Adrenal Glands,True,0.0622,558.0,0.011,2016-05-02
PC201708,PC201708-2001,2,2 mg/kg PCDRUG,M,2.0,brain,Brain,False,1.7744,558.0,0.318,2016-05-02
PC201708,PC201708-2001,2,2 mg/kg PCDRUG,M,2.0,heart,Heart,False,1.2938,558.0,0.232,2016-05-02
PC201708,PC201708-2001,2,2 mg/kg PCDRUG,M,2.0,kidney,Kidneys (paired),True,2.4653,558.0,0.442,2016-05-02
PC201708,PC201708-2001,2,2 mg/kg PCDRUG,M,2.0,liver,Liver,False,8.333,558.0,1.493,2016-05-02
PC201708,PC201708-2001,2,2 mg/kg PCDRUG,M,2.0,pituitary_gland,Pituitary Gland,False,0.0115,558.0,0.002,2016-05-02
PC201708,PC201708-2001,2,2 mg/kg PCDRUG,M,2.0,spleen,Spleen,False,0.4954,558.0,0.089,2016-05-02
PC201708,PC201708-2001,2,2 mg/kg PCDRUG,M,2.0,testis,Testes (paired),True,2.7799,558.0,0.498,2016-05-02
PC201708,PC201708-2001,2,2 mg/kg PCDRUG,M,2.0,thymus,Thymus,False,0.4294,558.0,0.077,2016-05-02
PC201708,PC201708-2001,2,2 mg/kg PCDRUG,M,2.0,thyroid_gland,Thyroid Gland,False,0.0264,558.0,0.005,2016-05-02
PC201708,PC201708-2002,2,2 mg/kg PCDRUG,M,2.0,adrenal_gland,Adrenal Glands,True,0.0662,559.0,0.012,2016-05-02
PC201708,PC201708-2002,2,2 mg/kg PCDRUG,M,2.0,brain,Brain,False,2.1144,559.0,0.378,2016-05-02
PC201708,PC201708-2002,2,2 mg/kg PCDRUG,M,2.0,heart,Heart,False,1.3618,559.0,0.244,2016-05-02
PC201708,PC201708-2002,2,2 mg/kg PCDRUG,M,2.0,kidney,Kidneys (paired),True,3.0889,559.0,0.553,2016-05-02
PC201708,PC201708-2002,2,2 mg/kg PCDRUG,M,2.0,liver,Liver,False,10.4369,559.0,1.867,2016-05-02
PC201708,PC201708-2002,2,2 mg/kg PCDRUG,M,2.0,pituitary_gland,Pituitary Gland,False,0.0165,559.0,0.003,2016-05-02
PC201708,PC201708-2002,2,2 mg/kg PCDRUG,M,2.0,spleen,Spleen,False,0.7082,559.0,0.127,2016-05-02
PC201708,PC201708-2002,2,2 mg/kg PCDRUG,M,2.0,testis,Testes (paired),True,3.1954,559.0,0.572,2016-05-02
PC201708,PC201708-2002,2,2 mg/kg PCDRUG,M,2.0,thymus,Thymus,False,0.5261,559.0,0.094,2016-05-02
PC201708,PC201708-2002,2,2 mg/kg PCDRUG,M,2.0,thyroid_gland,Thyroid Gland,False,0.0286,559.0,0.005,2016-05-02
PC201708,PC201708-2003,2,2 mg/kg PCDRUG,M,2.0,adrenal_gland,Adrenal Glands,True,0.077,518.0,0.015,2016-05-02
PC201708,PC201708-2003,2,2 mg/kg PCDRUG,M,2.0,brain,Brain,False,2.0499,518.0,0.396,2016-05-02
PC201708,PC201708-2003,2,2 mg/kg PCDRUG,M,2.0,heart,Heart,False,1.2531,518.0,0.242,2016-05-02
PC201708,PC201708-2003,2,2 mg/kg PCDRUG,M,2.0,kidney,Kidneys (paired),True,2.7879,518.0,0.538,2016-05-02
PC201708,PC201708-2003,2,2 mg/kg PCDRUG,M,2.0,liver,Liver,False,9.3067,518.0,1.797,2016-05-02
PC201708,PC201708-2003,2,2 mg/kg PCDRUG,M,2.0,pituitary_gland,Pituitary Gland,False,0.0139,518.0,0.003,2016-05-02
PC201708,PC201708-2003,2,2 mg/kg PCDRUG,M,2.0,spleen,Spleen,False,0.5927,518.0,0.114,2016-05-02
PC201708,PC201708-2003,2,2 mg/kg PCDRUG,M,2.0,testis,Testes (paired),True,3.3675,518.0,0.65,2016-05-02
PC201708,PC201708-2003,2,2 mg/kg PCDRUG,M,2.0,thymus,Thymus,False,0.3583,518.0,0.069,2016-05-02
PC201708,PC201708-2003,2,2 mg/kg PCDRUG,M,2.0,thyroid_gland,Thyroid Gland,False,0.0204,518.0,0.004,2016-05-02
PC201708,PC201708-2004,2,2 mg/kg PCDRUG,M,2.0,adrenal_gland,Adrenal Glands,True,0.0596,557.0,0.011,2016-05-02
PC201708,PC201708-2004,2,2 mg/kg PCDRUG,M,2.0,brain,Brain,False,2.1373,557.0,0.384,2016-05-02
PC201708,PC201708-2004,2,2 mg/kg PCDRUG,M,2.0,heart,Heart,False,1.4346,557.0,0.258,2016-05-02
PC201708,PC201708-2004,2,2 mg/kg PCDRUG,M,2.0,kidney,Kidneys (paired),True,3.0144,557.0,0.541,2016-05-02
PC201708,PC201708-2004,2,2 mg/kg PCDRUG,M,2.0,liver,Liver,False,9.6558,557.0,1.734,2016-05-02
PC201708,PC201708-2004,2,2 mg/kg PCDRUG,M,2.0,pituitary_gland,Pituitary Gland,False,0.0139,557.0,0.002,2016-05-02
PC201708,PC201708-2004,2,2 mg/kg PCDRUG,M,2.0,spleen,Spleen,False,0.6086,557.0,0.109,2016-05-02
PC201708,PC201708-2004,2,2 mg/kg PCDRUG,M,2.0,testis,Testes (paired),True,3.2195,557.0,0.578,2016-05-02
PC201708,PC201708-2004,2,2 mg/kg PCDRUG,M,2.0,thymus,Thymus,False,0.3776,557.0,0.068,2016-05-02
PC201708,PC201708-2004,2,2 mg/kg PCDRUG,M,2.0,thyroid_gland,Thyroid Gland,False,0.0224,557.0,0.004,2016-05-02
PC201708,PC201708-2005,2,2 mg/kg PCDRUG,M,2.0,adrenal_gland,Adrenal Glands,True,0.0654,562.0,0.012,2016-05-02
PC201708,PC201708-2005,2,2 mg/kg PCDRUG,M,2.0,brain,Brain,False,2.1377,562.0,0.38,2016-05-02
PC201708,PC201708-2005,2,2 mg/kg PCDRUG,M,2.0,heart,Heart,False,1.3277,562.0,0.236,2016-05-02
PC201708,PC201708-2005,2,2 mg/kg PCDRUG,M,2.0,kidney,Kidneys (paired),True,3.0423,562.0,0.541,2016-05-02
PC201708,PC201708-2005,2,2 mg/kg PCDRUG,M,2.0,liver,Liver,False,9.8795,562.0,1.758,2016-05-02
PC201708,PC201708-2005,2,2 mg/kg PCDRUG,M,2.0,pituitary_gland,Pituitary Gland,False,0.0152,562.0,0.003,2016-05-02
PC201708,PC201708-2005,2,2 mg/kg PCDRUG,M,2.0,spleen,Spleen,False,0.6338,562.0,0.113,2016-05-02
PC201708,PC201708-2005,2,2 mg/kg PCDRUG,M,2.0,testis,Testes (paired),True,3.6886,562.0,0.656,2016-05-02
PC201708,PC201708-2005,2,2 mg/kg PCDRUG,M,2.0,thymus,Thymus,False,0.3423,562.0,0.061,2016-05-02
PC201708,PC201708-2005,2,2 mg/kg PCDRUG,M,2.0,thyroid_gland,Thyroid Gland,False,0.0284,562.0,0.005,2016-05-02
PC201708,PC201708-2006,2,2 mg/kg PCDRUG,M,2.0,adrenal_gland,Adrenal Glands,True,0.0682,531.0,0.013,2016-05-02
PC201708,PC201708-2006,2,2 mg/kg PCDRUG,M,2.0,brain,Brain,False,2.0403,531.0,0.384,2016-05-02
PC201708,PC201708-2006,2,2 mg/kg PCDRUG,M,2.0,heart,Heart,False,1.2263,531.0,0.231,2016-05-02
PC201708,PC201708-2006,2,2 mg/kg PCDRUG,M,2.0,kidney,Kidneys (paired),True,2.3969,531.0,0.451,2016-05-02
PC201708,PC201708-2006,2,2 mg/kg PCDRUG,M,2.0,liver,Liver,False,8.0429,531.0,1.515,2016-05-02
PC201708,PC201708-2006,2,2 mg/kg PCDRUG,M,2.0,pituitary_gland,Pituitary Gland,False,0.013,531.0,0.002,2016-05-02
PC201708,PC201708-2006,2,2 mg/kg PCDRUG,M,2.0,spleen,Spleen,False,0.546,531.0,0.103,2016-05-02
PC201708,PC201708-2006,2,2 mg/kg PCDRUG,M,2.0,testis,Testes (paired),True,3.0709,531.0,0.578,2016-05-02
PC201708,PC201708-2006,2,2 mg/kg PCDRUG,M,2.0,thymus,Thymus,False,0.2669,531.0,0.05,2016-05-02
PC201708,PC201708-2006,2,2 mg/kg PCDRUG,M,2.0,thyroid_gland,Thyroid Gland,False,0.0232,531.0,0.004,2016-05-02
PC201708,PC201708-2007,2,2 mg/kg PCDRUG,M,2.0,adrenal_gland,Adrenal Glands,True,0.0643,534.0,0.012,2016-05-02
PC201708,PC201708-2007,2,2 mg/kg PCDRUG,M,2.0,brain,Brain,False,2.1506,534.0,0.403,2016-05-02
PC201708,PC201708-2007,2,2 mg/kg PCDRUG,M,2.0,heart,Heart,False,1.3587,534.0,0.254,2016-05-02
PC201708,PC201708-2007,2,2 mg/kg PCDRUG,M,2.0,kidney,Kidneys (paired),True,2.5416,534.0,0.476,2016-05-02
PC201708,PC201708-2007,2,2 mg/kg PCDRUG,M,2.0,liver,Liver,False,9.0496,534.0,1.695,2016-05-02
PC201708,PC201708-2007,2,2 mg/kg PCDRUG,M,2.0,pituitary_gland,Pituitary Gland,False,0.0127,534.0,0.002,2016-05-02
PC201708,PC201708-2007,2,2 mg/kg PCDRUG,M,2.0,spleen,Spleen,False,0.6156,534.0,0.115,2016-05-02
PC201708,PC201708-2007,2,2 mg/kg PCDRUG,M,2.0,testis,Testes (paired),True,2.8943,534.0,0.542,2016-05-02
PC201708,PC201708-2007,2,2 mg/kg PCDRUG,M,2.0,thymus,Thymus,False,0.3183,534.0,0.06,2016-05-02
PC201708,PC201708-2007,2,2 mg/kg PCDRUG,M,2.0,thyroid_gland,Thyroid Gland,False,0.0199,534.0,0.004,2016-05-02
PC201708,PC201708-2008,2,2 mg/kg PCDRUG,M,2.0,adrenal_gland,Adrenal Glands,True,0.0753,566.0,0.013,2016-05-02
PC201708,PC201708-2008,2,2 mg/kg PCDRUG,M,2.0,brain,Brain,False,2.1375,566.0,0.378,2016-05-02
PC201708,PC201708-2008,2,2 mg/kg PCDRUG,M,2.0,heart,Heart,False,1.4685,566.0,0.259,2016-05-02
PC201708,PC201708-2008,2,2 mg/kg PCDRUG,M,2.0,kidney,Kidneys (paired),True,3.0387,566.0,0.537,2016-05-02
PC201708,PC201708-2008,2,2 mg/kg PCDRUG,M,2.0,liver,Liver,False,10.2031,566.0,1.803,2016-05-02
PC201708,PC201708-2008,2,2 mg/kg PCDRUG,M,2.0,pituitary_gland,Pituitary Gland,False,0.0147,566.0,0.003,2016-05-02
PC201708,PC201708-2008,2,2 mg/kg PCDRUG,M,2.0,spleen,Spleen,False,0.7503,566.0,0.133,2016-05-02
PC201708,PC201708-2008,2,2 mg/kg PCDRUG,M,2.0,testis,Testes (paired),True,3.3379,566.0,0.59,2016-05-02
PC201708,PC201708-2008,2,2 mg/kg PCDRUG,M,2.0,thymus,Thymus,False,0.3216,566.0,0.057,2016-05-02
PC201708,PC201708-2008,2,2 mg/kg PCDRUG,M,2.0,thyroid_gland,Thyroid Gland,False,0.0281,566.0,0.005,2016-05-02
PC201708,PC201708-2009,2,2 mg/kg PCDRUG,M,2.0,adrenal_gland,Adrenal Glands,True,0.0814,522.0,0.016,2016-05-02
PC201708,PC201708-2009,2,2 mg/kg PCDRUG,M,2.0,brain,Brain,False,2.1529,522.0,0.412,2016-05-02
PC201708,PC201708-2009,2,2 mg/kg PCDRUG,M,2.0,heart,Heart,False,1.2816,522.0,0.246,2016-05-02
PC201708,PC201708-2009,2,2 mg/kg PCDRUG,M,2.0,kidney,Kidneys (paired),True,2.9011,522.0,0.556,2016-05-02
PC201708,PC201708-2009,2,2 mg/kg PCDRUG,M,2.0,liver,Liver,False,10.011,522.0,1.918,2016-05-02
PC201708,PC201708-2009,2,2 mg/kg PCDRUG,M,2.0,pituitary_gland,Pituitary Gland,False,0.0133,522.0,0.003,2016-05-02
PC201708,PC201708-2009,2,2 mg/kg PCDRUG,M,2.0,spleen,Spleen,False,0.6547,522.0,0.125,2016-05-02
PC201708,PC201708-2009,2,2 mg/kg PCDRUG,M,2.0,testis,Testes (paired),True,3.2599,522.0,0.625,2016-05-02
PC201708,PC201708-2009,2,2 mg/kg PCDRUG,M,2.0,thymus,Thymus,False,0.4335,522.0,0.083,2016-05-02
PC201708,PC201708-2009,2,2 mg/kg PCDRUG,M,2.0,thyroid_gland,Thyroid Gland,False,0.0218,522.0,0.004,2016-05-02
PC201708,PC201708-2010,2,2 mg/kg PCDRUG,M,2.0,adrenal_gland,Adrenal Glands,True,0.0854,537.0,0.016,2016-05-02
PC201708,PC201708-2010,2,2 mg/kg PCDRUG,M,2.0,brain,Brain,False,2.179,537.0,0.406,2016-05-02
PC201708,PC201708-2010,2,2 mg/kg PCDRUG,M,2.0,heart,Heart,False,1.3173,537.0,0.245,2016-05-02
PC201708,PC201708-2010,2,2 mg/kg PCDRUG,M,2.0,kidney,Kidneys (paired),True,2.5553,537.0,0.476,2016-05-02
PC201708,PC201708-2010,2,2 mg/kg PCDRUG,M,2.0,liver,Liver,False,9.4977,537.0,1.769,2016-05-02
PC201708,PC201708-2010,2,2 mg/kg PCDRUG,M,2.0,pituitary_gland,Pituitary Gland,False,0.0156,537.0,0.003,2016-05-02
PC201708,PC201708-2010,2,2 mg/kg PCDRUG,M,2.0,spleen,Spleen,False,0.5988,537.0,0.112,2016-05-02
PC201708,PC201708-2010,2,2 mg/kg PCDRUG,M,2.0,testis,Testes (paired),True,3.5633,537.0,0.664,2016-05-02
PC201708,PC201708-2010,2,2 mg/kg PCDRUG,M,2.0,thymus,Thymus,False,0.2608,537.0,0.049,2016-05-02
PC201708,PC201708-2010,2,2 mg/kg PCDRUG,M,2.0,thyroid_gland,Thyroid Gland,False,0.0257,537.0,0.005,2016-05-02
PC201708,PC201708-2011,2,2 mg/kg PCDRUG,M,2.0,adrenal_gland,Adrenal Glands,True,0.0816,551.0,0.015,2016-05-16
PC201708,PC201708-2011,2,2 mg/kg PCDRUG,M,2.0,brain,Brain,False,2.0867,551.0,0.379,2016-05-16
PC201708,PC201708-2011,2,2 mg/kg PCDRUG,M,2.0,heart,Heart,False,1.2507,551.0,0.227,2016-05-16
PC201708,PC201708-2011,2,2 mg/kg PCDRUG,M,2.0,kidney,Kidneys (paired),True,2.6108,551.0,0.474,2016-05-16
PC201708,PC201708-2011,2,2 mg/kg PCDRUG,M,2.0,liver,Liver,False,9.0181,551.0,1.637,2016-05-16
PC201708,PC201708-2011,2,2 mg/kg PCDRUG,M,2.0,pituitary_gland,Pituitary Gland,False,0.0128,551.0,0.002,2016-05-16
PC201708,PC201708-2011,2,2 mg/kg PCDRUG,M,2.0,spleen,Spleen,False,0.599,551.0,0.109,2016-05-16
PC201708,PC201708-2011,2,2 mg/kg PCDRUG,M,2.0,testis,Testes (paired),True,3.4398,551.0,0.624,2016-05-16
PC201708,PC201708-2011,2,2 mg/kg PCDRUG,M,2.0,thymus,Thymus,False,0.32,551.0,0.058,2016-05-16
PC201708,PC201708-2011,2,2 mg/kg PCDRUG,M,2.0,thyroid_gland,Thyroid Gland,False,0.0215,551.0,0.004,2016-05-16
PC201708,PC201708-2012,2,2 mg/kg PCDRUG,M,2.0,adrenal_gland,Adrenal Glands,True,0.0737,564.0,0.013,2016-05-16
PC201708,PC201708-2012,2,2 mg/kg PCDRUG,M,2.0,brain,Brain,False,2.0962,564.0,0.372,2016-05-16
PC201708,PC201708-2012,2,2 mg/kg PCDRUG,M,2.0,heart,Heart,False,1.5747,564.0,0.279,2016-05-16
PC201708,PC201708-2012,2,2 mg/kg PCDRUG,M,2.0,kidney,Kidneys (paired),True,3.1363,564.0,0.556,2016-05-16
PC201708,PC201708-2012,2,2 mg/kg PCDRUG,M,2.0,liver,Liver,False,10.6051,564.0,1.88,2016-05-16
PC201708,PC201708-2012,2,2 mg/kg PCDRUG,M,2.0,pituitary_gland,Pituitary Gland,False,0.016,564.0,0.003,2016-05-16
PC201708,PC201708-2012,2,2 mg/kg PCDRUG,M,2.0,spleen,Spleen,False,0.6658,564.0,0.118,2016-05-16
PC201708,PC201708-2012,2,2 mg/kg PCDRUG,M,2.0,testis,Testes (paired),True,3.4861,564.0,0.618,2016-05-16
PC201708,PC201708-2012,2,2 mg/kg PCDRUG,M,2.0,thymus,Thymus,False,0.4656,564.0,0.083,2016-05-16
PC201708,PC201708-2012,2,2 mg/kg PCDRUG,M,2.0,thyroid_gland,Thyroid Gland,False,0.0324,564.0,0.006,2016-05-16
PC201708,PC201708-2013,2,2 mg/kg PCDRUG,M,2.0,adrenal_gland,Adrenal Glands,True,0.0561,513.0,0.011,2016-05-16
PC201708,PC201708-2013,2,2 mg/kg PCDRUG,M,2.0,brain,Brain,False,2.1367,513.0,0.417,2016-05-16
PC201708,PC201708-2013,2,2 mg/kg PCDRUG,M,2.0,heart,Heart,False,1.2874,513.0,0.251,2016-05-16
PC201708,PC201708-2013,2,2 mg/kg PCDRUG,M,2.0,kidney,Kidneys (paired),True,2.7013,513.0,0.527,2016-05-16
PC201708,PC201708-2013,2,2 mg/kg PCDRUG,M,2.0,liver,Liver,False,9.0051,513.0,1.755,2016-05-16
PC201708,PC201708-2013,2,2 mg/kg PCDRUG,M,2.0,pituitary_gland,Pituitary Gland,False,0.0158,513.0,0.003,2016-05-16
PC201708,PC201708-2013,2,2 mg/kg PCDRUG,M,2.0,spleen,Spleen,False,0.5987,513.0,0.117,2016-05-16
PC201708,PC201708-2013,2,2 mg/kg PCDRUG,M,2.0,testis,Testes (paired),True,3.9838,513.0,0.777,2016-05-16
PC201708,PC201708-2013,2,2 mg/kg PCDRUG,M,2.0,thymus,Thymus,False,0.2082,513.0,0.041,2016-05-16
PC201708,PC201708-2013,2,2 mg/kg PCDRUG,M,2.0,thyroid_gland,Thyroid Gland,False,0.0301,513.0,0.006,2016-05-16
PC201708,PC201708-2014,2,2 mg/kg PCDRUG,M,2.0,adrenal_gland,Adrenal Glands,True,0.0676,561.0,0.012,2016-05-16
PC201708,PC201708-2014,2,2 mg/kg PCDRUG,M,2.0,brain,Brain,False,2.2067,561.0,0.393,2016-05-16
PC201708,PC201708-2014,2,2 mg/kg PCDRUG,M,2.0,heart,Heart,False,1.2524,561.0,0.223,2016-05-16
PC201708,PC201708-2014,2,2 mg/kg PCDRUG,M,2.0,kidney,Kidneys (paired),True,2.9546,561.0,0.527,2016-05-16
PC201708,PC201708-2014,2,2 mg/kg PCDRUG,M,2.0,liver,Liver,False,10.9057,561.0,1.944,2016-05-16
PC201708,PC201708-2014,2,2 mg/kg PCDRUG,M,2.0,pituitary_gland,Pituitary Gland,False,0.0131,561.0,0.002,2016-05-16
PC201708,PC201708-2014,2,2 mg/kg PCDRUG,M,2.0,spleen,Spleen,False,0.6535,561.0,0.116,2016-05-16
PC201708,PC201708-2014,2,2 mg/kg PCDRUG,M,2.0,testis,Testes (paired),True,3.5219,561.0,0.628,2016-05-16
PC201708,PC201708-2014,2,2 mg/kg PCDRUG,M,2.0,thymus,Thymus,False,0.3673,561.0,0.065,2016-05-16
PC201708,PC201708-2014,2,2 mg/kg PCDRUG,M,2.0,thyroid_gland,Thyroid Gland,False,0.0259,561.0,0.005,2016-05-16
PC201708,PC201708-2015,2,2 mg/kg PCDRUG,M,2.0,adrenal_gland,Adrenal Glands,True,0.0737,534.0,0.014,2016-05-16
PC201708,PC201708-2015,2,2 mg/kg PCDRUG,M,2.0,brain,Brain,False,2.2103,534.0,0.414,2016-05-16
PC201708,PC201708-2015,2,2 mg/kg PCDRUG,M,2.0,heart,Heart,False,1.6686,534.0,0.312,2016-05-16
PC201708,PC201708-2015,2,2 mg/kg PCDRUG,M,2.0,kidney,Kidneys (paired),True,3.5776,534.0,0.67,2016-05-16
PC201708,PC201708-2015,2,2 mg/kg PCDRUG,M,2.0,liver,Liver,False,11.569,534.0,2.166,2016-05-16
PC201708,PC201708-2015,2,2 mg/kg PCDRUG,M,2.0,pituitary_gland,Pituitary Gland,False,0.015,534.0,0.003,2016-05-16
PC201708,PC201708-2015,2,2 mg/kg PCDRUG,M,2.0,spleen,Spleen,False,0.8468,534.0,0.159,2016-05-16
PC201708,PC201708-2015,2,2 mg/kg PCDRUG,M,2.0,testis,Testes (paired),True,3.5121,534.0,0.658,2016-05-16
PC201708,PC201708-2015,2,2 mg/kg PCDRUG,M,2.0,thymus,Thymus,False,0.4901,534.0,0.092,2016-05-16
PC201708,PC201708-2015,2,2 mg/kg PCDRUG,M,2.0,thyroid_gland,Thyroid Gland,False,0.0228,534.0,0.004,2016-05-16
PC201708,PC201708-2101,2,2 mg/kg PCDRUG,F,2.0,adrenal_gland,Adrenal Glands,True,0.1146,388.0,0.03,2016-05-02
PC201708,PC201708-2101,2,2 mg/kg PCDRUG,F,2.0,brain,Brain,False,1.9399,388.0,0.5,2016-05-02
PC201708,PC201708-2101,2,2 mg/kg PCDRUG,F,2.0,heart,Heart,False,0.885,388.0,0.228,2016-05-02
PC201708,PC201708-2101,2,2 mg/kg PCDRUG,F,2.0,kidney,Kidneys (paired),True,1.8466,388.0,0.476,2016-05-02
PC201708,PC201708-2101,2,2 mg/kg PCDRUG,F,2.0,liver,Liver,False,6.5316,388.0,1.683,2016-05-02
PC201708,PC201708-2101,2,2 mg/kg PCDRUG,F,2.0,ovary,Ovaries (paired),True,0.1312,388.0,0.034,2016-05-02
PC201708,PC201708-2101,2,2 mg/kg PCDRUG,F,2.0,pituitary_gland,Pituitary Gland,False,0.0166,388.0,0.004,2016-05-02
PC201708,PC201708-2101,2,2 mg/kg PCDRUG,F,2.0,spleen,Spleen,False,0.4122,388.0,0.106,2016-05-02
PC201708,PC201708-2101,2,2 mg/kg PCDRUG,F,2.0,thymus,Thymus,False,0.2111,388.0,0.054,2016-05-02
PC201708,PC201708-2101,2,2 mg/kg PCDRUG,F,2.0,thyroid_gland,Thyroid Gland,False,0.0137,388.0,0.004,2016-05-02
PC201708,PC201708-2102,2,2 mg/kg PCDRUG,F,2.0,adrenal_gland,Adrenal Glands,True,0.0675,322.0,0.021,2016-05-02
PC201708,PC201708-2102,2,2 mg/kg PCDRUG,F,2.0,brain,Brain,False,1.9285,322.0,0.599,2016-05-02
PC201708,PC201708-2102,2,2 mg/kg PCDRUG,F,2.0,heart,Heart,False,0.8786,322.0,0.273,2016-05-02
PC201708,PC201708-2102,2,2 mg/kg PCDRUG,F,2.0,kidney,Kidneys (paired),True,1.6648,322.0,0.517,2016-05-02
PC201708,PC201708-2102,2,2 mg/kg PCDRUG,F,2.0,liver,Liver,False,5.794,322.0,1.799,2016-05-02
PC201708,PC201708-2102,2,2 mg/kg PCDRUG,F,2.0,ovary,Ovaries (paired),True,0.1008,322.0,0.031,2016-05-02
PC201708,PC201708-2102,2,2 mg/kg PCDRUG,F,2.0,pituitary_gland,Pituitary Gland,False,0.012,322.0,0.004,2016-05-02
PC201708,PC201708-2102,2,2 mg/kg PCDRUG,F,2.0,spleen,Spleen,False,0.4779,322.0,0.148,2016-05-02
PC201708,PC201708-2102,2,2 mg/kg PCDRUG,F,2.0,thymus,Thymus,False,0.3691,322.0,0.115,2016-05-02
PC201708,PC201708-2102,2,2 mg/kg PCDRUG,F,2.0,thyroid_gland,Thyroid Gland,False,0.0202,322.0,0.006,2016-05-02
PC201708,PC201708-2103,2,2 mg/kg PCDRUG,F,2.0,adrenal_gland,Adrenal Glands,True,0.0836,413.0,0.02,2016-05-02
PC201708,PC201708-2103,2,2 mg/kg PCDRUG,F,2.0,brain,Brain,False,1.7651,413.0,0.427,2016-05-02
PC201708,PC201708-2103,2,2 mg/kg PCDRUG,F,2.0,heart,Heart,False,0.7468,413.0,0.181,2016-05-02
PC201708,PC201708-2103,2,2 mg/kg PCDRUG,F,2.0,kidney,Kidneys (paired),True,1.5148,413.0,0.367,2016-05-02
PC201708,PC201708-2103,2,2 mg/kg PCDRUG,F,2.0,liver,Liver,False,7.2582,413.0,1.757,2016-05-02
PC201708,PC201708-2103,2,2 mg/kg PCDRUG,F,2.0,ovary,Ovaries (paired),True,0.1029,413.0,0.025,2016-05-02
PC201708,PC201708-2103,2,2 mg/kg PCDRUG,F,2.0,pituitary_gland,Pituitary Gland,False,0.0147,413.0,0.004,2016-05-02
PC201708,PC201708-2103,2,2 mg/kg PCDRUG,F,2.0,spleen,Spleen,False,0.4789,413.0,0.116,2016-05-02
PC201708,PC201708-2103,2,2 mg/kg PCDRUG,F,2.0,thymus,Thymus,False,0.3887,413.0,0.094,2016-05-02
PC201708,PC201708-2103,2,2 mg/kg PCDRUG,F,2.0,thyroid_gland,Thyroid Gland,False,0.0156,413.0,0.004,2016-05-02
PC201708,PC201708-2104,2,2 mg/kg PCDRUG,F,2.0,adrenal_gland,Adrenal Glands,True,0.0937,313.0,0.03,2016-05-02
PC201708,PC201708-2104,2,2 mg/kg PCDRUG,F,2.0,brain,Brain,False,1.896,313.0,0.606,2016-05-02
PC201708,PC201708-2104,2,2 mg/kg PCDRUG,F,2.0,heart,Heart,False,0.6665,313.0,0.213,2016-05-02
PC201708,PC201708-2104,2,2 mg/kg PCDRUG,F,2.0,kidney,Kidneys (paired),True,1.7911,313.0,0.572,2016-05-02
PC201708,PC201708-2104,2,2 mg/kg PCDRUG,F,2.0,liver,Liver,False,7.6661,313.0,2.449,2016-05-02
PC201708,PC201708-2104,2,2 mg/kg PCDRUG,F,2.0,ovary,Ovaries (paired),True,0.1505,313.0,0.048,2016-05-02
PC201708,PC201708-2104,2,2 mg/kg PCDRUG,F,2.0,pituitary_gland,Pituitary Gland,False,0.0128,313.0,0.004,2016-05-02
PC201708,PC201708-2104,2,2 mg/kg PCDRUG,F,2.0,spleen,Spleen,False,0.4362,313.0,0.139,2016-05-02
PC201708,PC201708-2104,2,2 mg/kg PCDRUG,F,2.0,thymus,Thymus,False,0.2104,313.0,0.067,2016-05-02
PC201708,PC201708-2104,2,2 mg/kg PCDRUG,F,2.0,thyroid_gland,Thyroid Gland,False,0.0265,313.0,0.008,2016-05-02
PC201708,PC201708-2105,2,2 mg/kg PCDRUG,F,2.0,adrenal_gland,Adrenal Glands,True,0.0882,372.0,0.024,2016-05-02
PC201708,PC201708-2105,2,2 mg/kg PCDRUG,F,2.0,brain,Brain,False,1.742,372.0,0.468,2016-05-02
PC201708,PC201708-2105,2,2 mg/kg PCDRUG,F,2.0,heart,Heart,False,0.6566,372.0,0.177,2016-05-02
PC201708,PC201708-2105,2,2 mg/kg PCDRUG,F,2.0,kidney,Kidneys (paired),True,1.5533,372.0,0.418,2016-05-02
PC201708,PC201708-2105,2,2 mg/kg PCDRUG,F,2.0,liver,Liver,False,6.9571,372.0,1.87,2016-05-02
PC201708,PC201708-2105,2,2 mg/kg PCDRUG,F,2.0,ovary,Ovaries (paired),True,0.1153,372.0,0.031,2016-05-02
PC201708,PC201708-2105,2,2 mg/kg PCDRUG,F,2.0,pituitary_gland,Pituitary Gland,False,0.0119,372.0,0.003,2016-05-02
PC201708,PC201708-2105,2,2 mg/kg PCDRUG,F,2.0,spleen,Spleen,False,0.4783,372.0,0.129,2016-05-02
PC201708,PC201708-2105,2,2 mg/kg PCDRUG,F,2.0,thymus,Thymus,False,0.3093,372.0,0.083,2016-05-02
PC201708,PC201708-2105,2,2 mg/kg PCDRUG,F,2.0,thyroid_gland,Thyroid Gland,False,0.0244,372.0,0.007,2016-05-02
PC201708,PC201708-2106,2,2 mg/kg PCDRUG,F,2.0,adrenal_gland,Adrenal Glands,True,0.0632,348.0,0.018,2016-05-02
PC201708,PC201708-2106,2,2 mg/kg PCDRUG,F,2.0,brain,Brain,False,1.9094,348.0,0.549,2016-05-02
PC201708,PC201708-2106,2,2 mg/kg PCDRUG,F,2.0,heart,Heart,False,0.6519,348.0,0.187,2016-05-02
PC201708,PC201708-2106,2,2 mg/kg PCDRUG,F,2.0,kidney,Kidneys (paired),True,1.5459,348.0,0.444,2016-05-02
PC201708,PC201708-2106,2,2 mg/kg PCDRUG,F,2.0,liver,Liver,False,7.002,348.0,2.012,2016-05-02
PC201708,PC201708-2106,2,2 mg/kg PCDRUG,F,2.0,ovary,Ovaries (paired),True,0.1002,348.0,0.029,2016-05-02
PC201708,PC201708-2106,2,2 mg/kg PCDRUG,F,2.0,pituitary_gland,Pituitary Gland,False,0.0105,348.0,0.003,2016-05-02
PC201708,PC201708-2106,2,2 mg/kg PCDRUG,F,2.0,spleen,Spleen,False,0.3879,348.0,0.111,2016-05-02
PC201708,PC201708-2106,2,2 mg/kg PCDRUG,F,2.0,thymus,Thymus,False,0.3042,348.0,0.087,2016-05-02
PC201708,PC201708-2106,2,2 mg/kg PCDRUG,F,2.0,thyroid_gland,Thyroid Gland,False,0.0245,348.0,0.007,2016-05-02
PC201708,PC201708-2107,2,2 mg/kg PCDRUG,F,2.0,adrenal_gland,Adrenal Glands,True,0.0779,331.0,0.024,2016-05-02
PC201708,PC201708-2107,2,2 mg/kg PCDRUG,F,2.0,brain,Brain,False,1.852,331.0,0.56,2016-05-02
PC201708,PC201708-2107,2,2 mg/kg PCDRUG,F,2.0,heart,Heart,False,0.9178,331.0,0.277,2016-05-02
PC201708,PC201708-2107,2,2 mg/kg PCDRUG,F,2.0,kidney,Kidneys (paired),True,1.8973,331.0,0.573,2016-05-02
PC201708,PC201708-2107,2,2 mg/kg PCDRUG,F,2.0,liver,Liver,False,8.3623,331.0,2.526,2016-05-02
PC201708,PC201708-2107,2,2 mg/kg PCDRUG,F,2.0,ovary,Ovaries (paired),True,0.097,331.0,0.029,2016-05-02
PC201708,PC201708-2107,2,2 mg/kg PCDRUG,F,2.0,pituitary_gland,Pituitary Gland,False,0.0185,331.0,0.006,2016-05-02
PC201708,PC201708-2107,2,2 mg/kg PCDRUG,F,2.0,spleen,Spleen,False,0.6121,331.0,0.185,2016-05-02
PC201708,PC201708-2107,2,2 mg/kg PCDRUG,F,2.0,thymus,Thymus,False,0.3303,331.0,0.1,2016-05-02
PC201708,PC201708-2107,2,2 mg/kg PCDRUG,F,2.0,thyroid_gland,Thyroid Gland,False,0.0236,331.0,0.007,2016-05-02
PC201708,PC201708-2108,2,2 mg/kg PCDRUG,F,2.0,adrenal_gland,Adrenal Glands,True,0.0913,410.0,0.022,2016-05-02
PC201708,PC201708-2108,2,2 mg/kg PCDRUG,F,2.0,brain,Brain,False,1.8096,410.0,0.441,2016-05-02
PC201708,PC201708-2108,2,2 mg/kg PCDRUG,F,2.0,heart,Heart,False,0.6855,410.0,0.167,2016-05-02
PC201708,PC201708-2108,2,2 mg/kg PCDRUG,F,2.0,kidney,Kidneys (paired),True,1.7555,410.0,0.428,2016-05-02
PC201708,PC201708-2108,2,2 mg/kg PCDRUG,F,2.0,liver,Liver,False,7.337,410.0,1.79,2016-05-02
PC201708,PC201708-2108,2,2 mg/kg PCDRUG,F,2.0,ovary,Ovaries (paired),True,0.1107,410.0,0.027,2016-05-02
PC201708,PC201708-2108,2,2 mg/kg PCDRUG,F,2.0,pituitary_gland,Pituitary Gland,False,0.0121,410.0,0.003,2016-05-02
PC201708,PC201708-2108,2,2 mg/kg PCDRUG,F,2.0,spleen,Spleen,False,0.4122,410.0,0.101,2016-05-02
PC201708,PC201708-2108,2,2 mg/kg PCDRUG,F,2.0,thymus,Thymus,False,0.1653,410.0,0.04,2016-05-02
PC201708,PC201708-2108,2,2 mg/kg PCDRUG,F,2.0,thyroid_gland,Thyroid Gland,False,0.0243,410.0,0.006,2016-05-02
PC201708,PC201708-2109,2,2 mg/kg PCDRUG,F,2.0,adrenal_gland,Adrenal Glands,True,0.0815,396.0,0.021,2016-05-02
PC201708,PC201708-2109,2,2 mg/kg PCDRUG,F,2.0,brain,Brain,False,1.9659,396.0,0.496,2016-05-02
PC201708,PC201708-2109,2,2 mg/kg PCDRUG,F,2.0,heart,Heart,False,0.8825,396.0,0.223,2016-05-02
PC201708,PC201708-2109,2,2 mg/kg PCDRUG,F,2.0,kidney,Kidneys (paired),True,1.7306,396.0,0.437,2016-05-02
PC201708,PC201708-2109,2,2 mg/kg PCDRUG,F,2.0,liver,Liver,False,6.8407,396.0,1.727,2016-05-02
PC201708,PC201708-2109,2,2 mg/kg PCDRUG,F,2.0,ovary,Ovaries (paired),True,0.1358,396.0,0.034,2016-05-02
PC201708,PC201708-2109,2,2 mg/kg PCDRUG,F,2.0,pituitary_gland,Pituitary Gland,False,0.0146,396.0,0.004,2016-05-02
PC201708,PC201708-2109,2,2 mg/kg PCDRUG,F,2.0,spleen,Spleen,False,0.5339,396.0,0.135,2016-05-02
PC201708,PC201708-2109,2,2 mg/kg PCDRUG,F,2.0,thymus,Thymus,False,0.477,396.0,0.12,2016-05-02
PC201708,PC201708-2109,2,2 mg/kg PCDRUG,F,2.0,thyroid_gland,Thyroid Gland,False,0.0181,396.0,0.005,2016-05-02
PC201708,PC201708-2110,2,2 mg/kg PCDRUG,F,2.0,adrenal_gland,Adrenal Glands,True,0.0963,359.0,0.027,2016-05-02
PC201708,PC201708-2110,2,2 mg/kg PCDRUG,F,2.0,brain,Brain,False,1.6506,359.0,0.46,2016-05-02
PC201708,PC201708-2110,2,2 mg/kg PCDRUG,F,2.0,heart,Heart,False,0.743,359.0,0.207,2016-05-02
PC201708,PC201708-2110,2,2 mg/kg PCDRUG,F,2.0,kidney,Kidneys (paired),True,1.8458,359.0,0.514,2016-05-02
PC201708,PC201708-2110,2,2 mg/kg PCDRUG,F,2.0,liver,Liver,False,8.2952,359.0,2.311,2016-05-02
PC201708,PC201708-2110,2,2 mg/kg PCDRUG,F,2.0,ovary,Ovaries (paired),True,0.1089,359.0,0.03,2016-05-02
PC201708,PC201708-2110,2,2 mg/kg PCDRUG,F,2.0,pituitary_gland,Pituitary Gland,False,0.0108,359.0,0.003,2016-05-02
PC201708,PC201708-2110,2,2 mg/kg PCDRUG,F,2.0,spleen,Spleen,False,0.357,359.0,0.099,2016-05-02
PC201708,PC201708-2110,2,2 mg/kg PCDRUG,F,2.0,thymus,Thymus,False,0.1672,359.0,0.047,2016-05-02
PC201708,PC201708-2110,2,2 mg/kg PCDRUG,F,2.0,thyroid_gland,Thyroid Gland,False,0.0112,359.0,0.003,2016-05-02
PC201708,PC201708-2111,2,2 mg/kg PCDRUG,F,2.0,adrenal_gland,Adrenal Glands,True,0.1024,426.0,0.024,2016-05-16
PC201708,PC201708-2111,2,2 mg/kg PCDRUG,F,2.0,brain,Brain,False,1.9152,426.0,0.45,2016-05-16
PC201708,PC201708-2111,2,2 mg/kg PCDRUG,F,2.0,heart,Heart,False,0.9155,426.0,0.215,2016-05-16
PC201708,PC201708-2111,2,2 mg/kg PCDRUG,F,2.0,kidney,Kidneys (paired),True,1.953,426.0,0.458,2016-05-16
PC201708,PC201708-2111,2,2 mg/kg PCDRUG,F,2.0,liver,Liver,False,6.882,426.0,1.615,2016-05-16
PC201708,PC201708-2111,2,2 mg/kg PCDRUG,F,2.0,ovary,Ovaries (paired),True,0.1144,426.0,0.027,2016-05-16
PC201708,PC201708-2111,2,2 mg/kg PCDRUG,F,2.0,pituitary_gland,Pituitary Gland,False,0.0193,426.0,0.005,2016-05-16
PC201708,PC201708-2111,2,2 mg/kg PCDRUG,F,2.0,spleen,Spleen,False,0.4807,426.0,0.113,2016-05-16
PC201708,PC201708-2111,2,2 mg/kg PCDRUG,F,2.0,thymus,Thymus,False,0.3794,426.0,0.089,2016-05-16
PC201708,PC201708-2111,2,2 mg/kg PCDRUG,F,2.0,thyroid_gland,Thyroid Gland,False,0.024,426.0,0.006,2016-05-16
PC201708,PC201708-2112,2,2 mg/kg PCDRUG,F,2.0,adrenal_gland,Adrenal Glands,True,0.0838,332.0,0.025,2016-05-16
PC201708,PC201708-2112,2,2 mg/kg PCDRUG,F,2.0,brain,Brain,False,1.8693,332.0,0.563,2016-05-16
PC201708,PC201708-2112,2,2 mg/kg PCDRUG,F,2.0,heart,Heart,False,0.8305,332.0,0.25,2016-05-16
PC201708,PC201708-2112,2,2 mg/kg PCDRUG,F,2.0,kidney,Kidneys (paired),True,1.6857,332.0,0.508,2016-05-16
PC201708,PC201708-2112,2,2 mg/kg PCDRUG,F,2.0,liver,Liver,False,8.0649,332.0,2.429,2016-05-16
PC201708,PC201708-2112,2,2 mg/kg PCDRUG,F,2.0,ovary,Ovaries (paired),True,0.076,332.0,0.023,2016-05-16
PC201708,PC201708-2112,2,2 mg/kg PCDRUG,F,2.0,pituitary_gland,Pituitary Gland,False,0.0117,332.0,0.004,2016-05-16
PC201708,PC201708-2112,2,2 mg/kg PCDRUG,F,2.0,spleen,Spleen,False,0.505,332.0,0.152,2016-05-16
PC201708,PC201708-2112,2,2 mg/kg PCDRUG,F,2.0,thymus,Thymus,False,0.4814,332.0,0.145,2016-05-16
PC201708,PC201708-2112,2,2 mg/kg PCDRUG,F,2.0,thyroid_gland,Thyroid Gland,False,0.0158,332.0,0.005,2016-05-16
PC201708,PC201708-2113,2,2 mg/kg PCDRUG,F,2.0,adrenal_gland,Adrenal Glands,True,0.0894,373.0,0.024,2016-05-16
PC201708,PC201708-2113,2,2 mg/kg PCDRUG,F,2.0,brain,Brain,False,2.1368,373.0,0.573,2016-05-16
PC201708,PC201708-2113,2,2 mg/kg PCDRUG,F,2.0,heart,Heart,False,1.1791,373.0,0.316,2016-05-16
PC201708,PC201708-2113,2,2 mg/kg PCDRUG,F,2.0,kidney,Kidneys (paired),True,2.0503,373.0,0.55,2016-05-16
PC201708,PC201708-2113,2,2 mg/kg PCDRUG,F,2.0,liver,Liver,False,8.2193,373.0,2.204,2016-05-16
PC201708,PC201708-2113,2,2 mg/kg PCDRUG,F,2.0,ovary,Ovaries (paired),True,0.1363,373.0,0.037,2016-05-16
PC201708,PC201708-2113,2,2 mg/kg PCDRUG,F,2.0,pituitary_gland,Pituitary Gland,False,0.021,373.0,0.006,2016-05-16
PC201708,PC201708-2113,2,2 mg/kg PCDRUG,F,2.0,spleen,Spleen,False,0.5726,373.0,0.154,2016-05-16
PC201708,PC201708-2113,2,2 mg/kg PCDRUG,F,2.0,thymus,Thymus,False,0.4641,373.0,0.124,2016-05-16
PC201708,PC201708-2113,2,2 mg/kg PCDRUG,F,2.0,thyroid_gland,Thyroid Gland,False,0.032,373.0,0.009,2016-05-16
PC201708,PC201708-2114,2,2 mg/kg PCDRUG,F,2.0,adrenal_gland,Adrenal Glands,True,0.0906,330.0,0.027,2016-05-16
PC201708,PC201708-2114,2,2 mg/kg PCDRUG,F,2.0,brain,Brain,False,2.0161,330.0,0.611,2016-05-16
PC201708,PC201708-2114,2,2 mg/kg PCDRUG,F,2.0,heart,Heart,False,1.0004,330.0,0.303,2016-05-16
PC201708,PC201708-2114,2,2 mg/kg PCDRUG,F,2.0,kidney,Kidneys (paired),True,1.8891,330.0,0.572,2016-05-16
PC201708,PC201708-2114,2,2 mg/kg PCDRUG,F,2.0,liver,Liver,False,7.7022,330.0,2.334,2016-05-16
PC201708,PC201708-2114,2,2 mg/kg PCDRUG,F,2.0,ovary,Ovaries (paired),True,0.1188,330.0,0.036,2016-05-16
PC201708,PC201708-2114,2,2 mg/kg PCDRUG,F,2.0,pituitary_gland,Pituitary Gland,False,0.0183,330.0,0.006,2016-05-16
PC201708,PC201708-2114,2,2 mg/kg PCDRUG,F,2.0,spleen,Spleen,False,0.6076,330.0,0.184,2016-05-16
PC201708,PC201708-2114,2,2 mg/kg PCDRUG,F,2.0,thymus,Thymus,False,0.4528,330.0,0.137,2016-05-16
PC201708,PC201708-2114,2,2 mg/kg PCDRUG,F,2.0,thyroid_gland,Thyroid Gland,False,0.0294,330.0,0.009,2016-05-16
PC201708,PC201708-2115,2,2 mg/kg PCDRUG,F,2.0,adrenal_gland,Adrenal Glands,True,0.1013,413.0,0.025,2016-05-16
PC201708,PC201708-2115,2,2 mg/kg PCDRUG,F,2.0,brain,Brain,False,1.937,413.0,0.469,2016-05-16
PC201708,PC201708-2115,2,2 mg/kg PCDRUG,F,2.0,heart,Heart,False,0.9452,413.0,0.229,2016-05-16
PC201708,PC201708-2115,2,2 mg/kg PCDRUG,F,2.0,kidney,Kidneys (paired),True,1.6215,413.0,0.393,2016-05-16
PC201708,PC201708-2115,2,2 mg/kg PCDRUG,F,2.0,liver,Liver,False,6.459,413.0,1.564,2016-05-16
PC201708,PC201708-2115,2,2 mg/kg PCDRUG,F,2.0,ovary,Ovaries (paired),True,0.0783,413.0,0.019,2016-05-16
PC201708,PC201708-2115,2,2 mg/kg PCDRUG,F,2.0,pituitary_gland,Pituitary Gland,False,0.0174,413.0,0.004,2016-05-16
PC201708,PC201708-2115,2,2 mg/kg PCDRUG,F,2.0,spleen,Spleen,False,0.6095,413.0,0.148,2016-05-16
PC201708,PC201708-2115,2,2 mg/kg PCDRUG,F,2.0,thymus,Thymus,False,0.3078,413.0,0.075,2016-05-16
PC201708,PC201708-2115,2,2 mg/kg PCDRUG,F,2.0,thyroid_gland,Thyroid Gland,False,0.0297,413.0,0.007,2016-05-16
PC201708,PC201708-3001,3,20 mg/kg PCDRUG,M,20.0,adrenal_gland,Adrenal Glands,True,0.0696,492.0,0.014,2016-05-02
PC201708,PC201708-3001,3,20 mg/kg PCDRUG,M,20.0,brain,Brain,False,2.0296,492.0,0.413,2016-05-02
PC201708,PC201708-3001,3,20 mg/kg PCDRUG,M,20.0,heart,Heart,False,1.2874,492.0,0.262,2016-05-02
PC201708,PC201708-3001,3,20 mg/kg PCDRUG,M,20.0,kidney,Kidneys (paired),True,2.5893,492.0,0.526,2016-05-02
PC201708,PC201708-3001,3,20 mg/kg PCDRUG,M,20.0,liver,Liver,False,9.2312,492.0,1.876,2016-05-02
PC201708,PC201708-3001,3,20 mg/kg PCDRUG,M,20.0,pituitary_gland,Pituitary Gland,False,0.0137,492.0,0.003,2016-05-02
PC201708,PC201708-3001,3,20 mg/kg PCDRUG,M,20.0,spleen,Spleen,False,0.5366,492.0,0.109,2016-05-02
PC201708,PC201708-3001,3,20 mg/kg PCDRUG,M,20.0,testis,Testes (paired),True,3.2161,492.0,0.654,2016-05-02
PC201708,PC201708-3001,3,20 mg/kg PCDRUG,M,20.0,thymus,Thymus,False,0.3476,492.0,0.071,2016-05-02
PC201708,PC201708-3001,3,20 mg/kg PCDRUG,M,20.0,thyroid_gland,Thyroid Gland,False,0.0229,492.0,0.005,2016-05-02
PC201708,PC201708-3002,3,20 mg/kg PCDRUG,M,20.0,adrenal_gland,Adrenal Glands,True,0.075,464.0,0.016,2016-05-02
PC201708,PC201708-3002,3,20 mg/kg PCDRUG,M,20.0,brain,Brain,False,2.1057,464.0,0.454,2016-05-02
PC201708,PC201708-3002,3,20 mg/kg PCDRUG,M,20.0,heart,Heart,False,1.4644,464.0,0.316,2016-05-02
PC201708,PC201708-3002,3,20 mg/kg PCDRUG,M,20.0,kidney,Kidneys (paired),True,2.678,464.0,0.577,2016-05-02
PC201708,PC201708-3002,3,20 mg/kg PCDRUG,M,20.0,liver,Liver,False,9.0317,464.0,1.946,2016-05-02
PC201708,PC201708-3002,3,20 mg/kg PCDRUG,M,20.0,pituitary_gland,Pituitary Gland,False,0.0135,464.0,0.003,2016-05-02
PC201708,PC201708-3002,3,20 mg/kg PCDRUG,M,20.0,spleen,Spleen,False,0.5458,464.0,0.118,2016-05-02
PC201708,PC201708-3002,3,20 mg/kg PCDRUG,M,20.0,testis,Testes (paired),True,3.2914,464.0,0.709,2016-05-02
PC201708,PC201708-3002,3,20 mg/kg PCDRUG,M,20.0,thymus,Thymus,False,0.4388,464.0,0.095,2016-05-02
PC201708,PC201708-3002,3,20 mg/kg PCDRUG,M,20.0,thyroid_gland,Thyroid Gland,False,0.0221,464.0,0.005,2016-05-02
PC201708,PC201708-3003,3,20 mg/kg PCDRUG,M,20.0,adrenal_gland,Adrenal Glands,True,0.0798,470.0,0.017,2016-05-02
PC201708,PC201708-3003,3,20 mg/kg PCDRUG,M,20.0,brain,Brain,False,2.1457,470.0,0.457,2016-05-02
PC201708,PC201708-3003,3,20 mg/kg PCDRUG,M,20.0,heart,Heart,False,1.4322,470.0,0.305,2016-05-02
PC201708,PC201708-3003,3,20 mg/kg PCDRUG,M,20.0,kidney,Kidneys (paired),True,3.2674,470.0,0.695,2016-05-02
PC201708,PC201708-3003,3,20 mg/kg PCDRUG,M,20.0,liver,Liver,False,10.7023,470.0,2.277,2016-05-02
PC201708,PC201708-3003,3,20 mg/kg PCDRUG,M,20.0,pituitary_gland,Pituitary Gland,False,0.0192,470.0,0.004,2016-05-02
PC201708,PC201708-3003,3,20 mg/kg PCDRUG,M,20.0,spleen,Spleen,False,0.6594,470.0,0.14,2016-05-02
PC201708,PC201708-3003,3,20 mg/kg PCDRUG,M,20.0,testis,Testes (paired),True,3.6771,470.0,0.782,2016-05-02
PC201708,PC201708-3003,3,20 mg/kg PCDRUG,M,20.0,thymus,Thymus,False,0.4694,470.0,0.1,2016-05-02
PC201708,PC201708-3003,3,20 mg/kg PCDRUG,M,20.0,thyroid_gland,Thyroid Gland,False,0.0272,470.0,0.006,2016-05-02
PC201708,PC201708-3004,3,20 mg/kg PCDRUG,M,20.0,adrenal_gland,Adrenal Glands,True,0.0831,563.0,0.015,2016-05-02
PC201708,PC201708-3004,3,20 mg/kg PCDRUG,M,20.0,brain,Brain,False,2.1795,563.0,0.387,2016-05-02
PC201708,PC201708-3004,3,20 mg/kg PCDRUG,M,20.0,heart,Heart,False,1.2218,563.0,0.217,2016-05-02
PC201708,PC201708-3004,3,20 mg/kg PCDRUG,M,20.0,kidney,Kidneys (paired),True,3.0104,563.0,0.535,2016-05-02
PC201708,PC201708-3004,3,20 mg/kg PCDRUG,M,20.0,liver,Liver,False,9.8983,563.0,1.758,2016-05-02
PC201708,PC201708-3004,3,20 mg/kg PCDRUG,M,20.0,pituitary_gland,Pituitary Gland,False,0.0155,563.0,0.003,2016-05-02
PC201708,PC201708-3004,3,20 mg/kg PCDRUG,M,20.0,spleen,Spleen,False,0.6833,563.0,0.121,2016-05-02
PC201708,PC201708-3004,3,20 mg/kg PCDRUG,M,20.0,testis,Testes (paired),True,3.8882,563.0,0.691,2016-05-02
PC201708,PC201708-3004,3,20 mg/kg PCDRUG,M,20.0,thymus,Thymus,False,0.4155,563.0,0.074,2016-05-02
PC201708,PC201708-3004,3,20 mg/kg PCDRUG,M,20.0,thyroid_gland,Thyroid Gland,False,0.0298,563.0,0.005,2016-05-02
PC201708,PC201708-3005,3,20 mg/kg PCDRUG,M,20.0,adrenal_gland,Adrenal Glands,True,0.0739,508.0,0.015,2016-05-02
PC201708,PC201708-3005,3,20 mg/kg PCDRUG,M,20.0,brain,Brain,False,2.0942,508.0,0.412,2016-05-02
PC201708,PC201708-3005,3,20 mg/kg PCDRUG,M,20.0,heart,Heart,False,1.3791,508.0,0.271,2016-05-02
PC201708,PC201708-3005,3,20 mg/kg PCDRUG,M,20.0,kidney,Kidneys (paired),True,3.1464,508.0,0.619,2016-05-02
PC201708,PC201708-3005,3,20 mg/kg PCDRUG,M,20.0,liver,Liver,False,10.6348,508.0,2.093,2016-05-02
PC201708,PC201708-3005,3,20 mg/kg PCDRUG,M,20.0,pituitary_gland,Pituitary Gland,False,0.0156,508.0,0.003,2016-05-02
PC201708,PC201708-3005,3,20 mg/kg PCDRUG,M,20.0,spleen,Spleen,False,0.6749,508.0,0.133,2016-05-02
PC201708,PC201708-3005,3,20 mg/kg PCDRUG,M,20.0,testis,Testes (paired),True,3.4472,508.0,0.679,2016-05-02
PC201708,PC201708-3005,3,20 mg/kg PCDRUG,M,20.0,thymus,Thymus,False,0.3294,508.0,0.065,2016-05-02
PC201708,PC201708-3005,3,20 mg/kg PCDRUG,M,20.0,thyroid_gland,Thyroid Gland,False,0.023,508.0,0.005,2016-05-02
PC201708,PC201708-3006,3,20 mg/kg PCDRUG,M,20.0,adrenal_gland,Adrenal Glands,True,0.0699,506.0,0.014,2016-05-02
PC201708,PC201708-3006,3,20 mg/kg PCDRUG,M,20.0,brain,Brain,False,2.1399,506.0,0.423,2016-05-02
PC201708,PC201708-3006,3,20 mg/kg PCDRUG,M,20.0,heart,Heart,False,1.3596,506.0,0.269,2016-05-02
PC201708,PC201708-3006,3,20 mg/kg PCDRUG,M,20.0,kidney,Kidneys (paired),True,2.717,506.0,0.537,2016-05-02
PC201708,PC201708-3006,3,20 mg/kg PCDRUG,M,20.0,liver,Liver,False,10.6073,506.0,2.096,2016-05-02
PC201708,PC201708-3006,3,20 mg/kg PCDRUG,M,20.0,pituitary_gland,Pituitary Gland,False,0.0172,506.0,0.003,2016-05-02
PC201708,PC201708-3006,3,20 mg/kg PCDRUG,M,20.0,spleen,Spleen,False,0.5705,506.0,0.113,2016-05-02
PC201708,PC201708-3006,3,20 mg/kg PCDRUG,M,20.0,testis,Testes (paired),True,3.5592,506.0,0.703,2016-05-02
PC201708,PC201708-3006,3,20 mg/kg PCDRUG,M,20.0,thymus,Thymus,False,0.4141,506.0,0.082,2016-05-02
PC201708,PC201708-3006,3,20 mg/kg PCDRUG,M,20.0,thyroid_gland,Thyroid Gland,False,0.0229,506.0,0.005,2016-05-02
PC201708,PC201708-3007,3,20 mg/kg PCDRUG,M,20.0,adrenal_gland,Adrenal Glands,True,0.0637,503.0,0.013,2016-05-02
PC201708,PC201708-3007,3,20 mg/kg PCDRUG,M,20.0,brain,Brain,False,2.0125,503.0,0.4,2016-05-02
PC201708,PC201708-3007,3,20 mg/kg PCDRUG,M,20.0,heart,Heart,False,1.189,503.0,0.236,2016-05-02
PC201708,PC201708-3007,3,20 mg/kg PCDRUG,M,20.0,kidney,Kidneys (paired),True,2.4584,503.0,0.489,2016-05-02
PC201708,PC201708-3007,3,20 mg/kg PCDRUG,M,20.0,liver,Liver,False,9.5445,503.0,1.898,2016-05-02
PC201708,PC201708-3007,3,20 mg/kg PCDRUG,M,20.0,pituitary_gland,Pituitary Gland,False,0.012,503.0,0.002,2016-05-02
PC201708,PC201708-3007,3,20 mg/kg PCDRUG,M,20.0,spleen,Spleen,False,0.5487,503.0,0.109,2016-05-02
PC201708,PC201708-3007,3,20 mg/kg PCDRUG,M,20.0,testis,Testes (paired),True,3.6944,503.0,0.734,2016-05-02
PC201708,PC201708-3007,3,20 mg/kg PCDRUG,M,20.0,thymus,Thymus,False,0.2822,503.0,0.056,2016-05-02
PC201708,PC201708-3007,3,20 mg/kg PCDRUG,M,20.0,thyroid_gland,Thyroid Gland,False,0.0255,503.0,0.005,2016-05-02
PC201708,PC201708-3008,3,20 mg/kg PCDRUG,M,20.0,adrenal_gland,Adrenal Glands,True,0.0701,537.0,0.013,2016-05-02
PC201708,PC201708-3008,3,20 mg/kg PCDRUG,M,20.0,brain,Brain,False,2.1685,537.0,0.404,2016-05-02
PC201708,PC201708-3008,3,20 mg/kg PCDRUG,M,20.0,heart,Heart,False,1.0878,537.0,0.203,2016-05-02
PC201708,PC201708-3008,3,20 mg/kg PCDRUG,M,20.0,kidney,Kidneys (paired),True,2.7688,537.0,0.516,2016-05-02
PC201708,PC201708-3008,3,20 mg/kg PCDRUG,M,20.0,liver,Liver,False,10.4056,537.0,1.938,2016-05-02
PC201708,PC201708-3008,3,20 mg/kg PCDRUG,M,20.0,pituitary_gland,Pituitary Gland,False,0.0152,537.0,0.003,2016-05-02
PC201708,PC201708-3008,3,20 mg/kg PCDRUG,M,20.0,spleen,Spleen,False,0.5203,537.0,0.097,2016-05-02
PC201708,PC201708-3008,3,20 mg/kg PCDRUG,M,20.0,testis,Testes (paired),True,3.2232,537.0,0.6,2016-05-02
PC201708,PC201708-3008,3,20 mg/kg PCDRUG,M,20.0,thymus,Thymus,False,0.2706,537.0,0.05,2016-05-02
PC201708,PC201708-3008,3,20 mg/kg PCDRUG,M,20.0,thyroid_gland,Thyroid Gland,False,0.0219,537.0,0.004,2016-05-02
PC201708,PC201708-3009,3,20 mg/kg PCDRUG,M,20.0,adrenal_gland,Adrenal Glands,True,0.0832,504.0,0.017,2016-05-02
PC201708,PC201708-3009,3,20 mg/kg PCDRUG,M,20.0,brain,Brain,False,2.1763,504.0,0.432,2016-05-02
PC201708,PC201708-3009,3,20 mg/kg PCDRUG,M,20.0,heart,Heart,False,1.3473,504.0,0.267,2016-05-02
PC201708,PC201708-3009,3,20 mg/kg PCDRUG,M,20.0,kidney,Kidneys (paired),True,2.9747,504.0,0.59,2016-05-02
PC201708,PC201708-3009,3,20 mg/kg PCDRUG,M,20.0,liver,Liver,False,9.3444,504.0,1.854,2016-05-02
PC201708,PC201708-3009,3,20 mg/kg PCDRUG,M,20.0,pituitary_gland,Pituitary Gland,False,0.0159,504.0,0.003,2016-05-02
PC201708,PC201708-3009,3,20 mg/kg PCDRUG,M,20.0,spleen,Spleen,False,0.6274,504.0,0.124,2016-05-02
PC201708,PC201708-3009,3,20 mg/kg PCDRUG,M,20.0,testis,Testes (paired),True,3.9554,504.0,0.785,2016-05-02
PC201708,PC201708-3009,3,20 mg/kg PCDRUG,M,20.0,thymus,Thymus,False,0.3381,504.0,0.067,2016-05-02
PC201708,PC201708-3009,3,20 mg/kg PCDRUG,M,20.0,thyroid_gland,Thyroid Gland,False,0.0205,504.0,0.004,2016-05-02
PC201708,PC201708-3010,3,20 mg/kg PCDRUG,M,20.0,adrenal_gland,Adrenal Glands,True,0.0788,510.0,0.015,2016-05-02
PC201708,PC201708-3010,3,20 mg/kg PCDRUG,M,20.0,brain,Brain,False,2.123,510.0,0.416,2016-05-02
PC201708,PC201708-3010,3,20 mg/kg PCDRUG,M,20.0,heart,Heart,False,1.394,510.0,0.273,2016-05-02
PC201708,PC201708-3010,3,20 mg/kg PCDRUG,M,20.0,kidney,Kidneys (paired),True,2.7676,510.0,0.543,2016-05-02
PC201708,PC201708-3010,3,20 mg/kg PCDRUG,M,20.0,liver,Liver,False,9.0108,510.0,1.767,2016-05-02
PC201708,PC201708-3010,3,20 mg/kg PCDRUG,M,20.0,pituitary_gland,Pituitary Gland,False,0.0167,510.0,0.003,2016-05-02
PC201708,PC201708-3010,3,20 mg/kg PCDRUG,M,20.0,spleen,Spleen,False,0.5535,510.0,0.109,2016-05-02
PC201708,PC201708-3010,3,20 mg/kg PCDRUG,M,20.0,testis,Testes (paired),True,3.3895,510.0,0.665,2016-05-02
PC201708,PC201708-3010,3,20 mg/kg PCDRUG,M,20.0,thymus,Thymus,False,0.34,510.0,0.067,2016-05-02
PC201708,PC201708-3010,3,20 mg/kg PCDRUG,M,20.0,thyroid_gland,Thyroid Gland,False,0.0221,510.0,0.004,2016-05-02
PC201708,PC201708-3011,3,20 mg/kg PCDRUG,M,20.0,adrenal_gland,Adrenal Glands,True,0.0809,478.0,0.017,2016-05-16
PC201708,PC201708-3011,3,20 mg/kg PCDRUG,M,20.0,brain,Brain,False,2.0811,478.0,0.435,2016-05-16
PC201708,PC201708-3011,3,20 mg/kg PCDRUG,M,20.0,heart,Heart,False,1.4833,478.0,0.31,2016-05-16
PC201708,PC201708-3011,3,20 mg/kg PCDRUG,M,20.0,kidney,Kidneys (paired),True,2.8793,478.0,0.602,2016-05-16
PC201708,PC201708-3011,3,20 mg/kg PCDRUG,M,20.0,liver,Liver,False,10.9225,478.0,2.285,2016-05-16
PC201708,PC201708-3011,3,20 mg/kg PCDRUG,M,20.0,pituitary_gland,Pituitary Gland,False,0.0103,478.0,0.002,2016-05-16
PC201708,PC201708-3011,3,20 mg/kg PCDRUG,M,20.0,spleen,Spleen,False,0.6548,478.0,0.137,2016-05-16
PC201708,PC201708-3011,3,20 mg/kg PCDRUG,M,20.0,testis,Testes (paired),True,3.7696,478.0,0.789,2016-05-16
PC201708,PC201708-3011,3,20 mg/kg PCDRUG,M,20.0,thymus,Thymus,False,0.3764,478.0,0.079,2016-05-16
PC201708,PC201708-3011,3,20 mg/kg PCDRUG,M,20.0,thyroid_gland,Thyroid Gland,False,0.0225,478.0,0.005,2016-05-16
PC201708,PC201708-3012,3,20 mg/kg PCDRUG,M,20.0,adrenal_gland,Adrenal Glands,True,0.069,552.0,0.013,2016-05-16
PC201708,PC201708-3012,3,20 mg/kg PCDRUG,M,20.0,brain,Brain,False,2.0673,552.0,0.375,2016-05-16
PC201708,PC201708-3012,3,20 mg/kg PCDRUG,M,20.0,heart,Heart,False,1.4728,552.0,0.267,2016-05-16
PC201708,PC201708-3012,3,20 mg/kg PCDRUG,M,20.0,kidney,Kidneys (paired),True,2.8478,552.0,0.516,2016-05-16
PC201708,PC201708-3012,3,20 mg/kg PCDRUG,M,20.0,liver,Liver,False,8.5653,552.0,1.552,2016-05-16
PC201708,PC201708-3012,3,20 mg/kg PCDRUG,M,20.0,pituitary_gland,Pituitary Gland,False,0.0153,552.0,0.003,2016-05-16
PC201708,PC201708-3012,3,20 mg/kg PCDRUG,M,20.0,spleen,Spleen,False,0.6141,552.0,0.111,2016-05-16
PC201708,PC201708-3012,3,20 mg/kg PCDRUG,M,20.0,testis,Testes (paired),True,3.155,552.0,0.572,2016-05-16
PC201708,PC201708-3012,3,20 mg/kg PCDRUG,M,20.0,thymus,Thymus,False,0.2735,552.0,0.05,2016-05-16
PC201708,PC201708-3012,3,20 mg/kg PCDRUG,M,20.0,thyroid_gland,Thyroid Gland,False,0.034,552.0,0.006,2016-05-16
PC201708,PC201708-3013,3,20 mg/kg PCDRUG,M,20.0,adrenal_gland,Adrenal Glands,True,0.0681,529.0,0.013,2016-05-16
PC201708,PC201708-3013,3,20 mg/kg PCDRUG,M,20.0,brain,Brain,False,2.0848,529.0,0.394,2016-05-16
PC201708,PC201708-3013,3,20 mg/kg PCDRUG,M,20.0,heart,Heart,False,1.4078,529.0,0.266,2016-05-16
PC201708,PC201708-3013,3,20 mg/kg PCDRUG,M,20.0,kidney,Kidneys (paired),True,2.9702,529.0,0.561,2016-05-16
PC201708,PC201708-3013,3,20 mg/kg PCDRUG,M,20.0,liver,Liver,False,10.3486,529.0,1.956,2016-05-16
PC201708,PC201708-3013,3,20 mg/kg PCDRUG,M,20.0,pituitary_gland,Pituitary Gland,False,0.0176,529.0,0.003,2016-05-16
PC201708,PC201708-3013,3,20 mg/kg PCDRUG,M,20.0,spleen,Spleen,False,0.7123,529.0,0.135,2016-05-16
PC201708,PC201708-3013,3,20 mg/kg PCDRUG,M,20.0,testis,Testes (paired),True,3.6893,529.0,0.697,2016-05-16
PC201708,PC201708-3013,3,20 mg/kg PCDRUG,M,20.0,thymus,Thymus,False,0.3204,529.0,0.061,2016-05-16
PC201708,PC201708-3013,3,20 mg/kg PCDRUG,M,20.0,thyroid_gland,Thyroid Gland,False,0.0492,529.0,0.009,2016-05-16
PC201708,PC201708-3014,3,20 mg/kg PCDRUG,M,20.0,adrenal_gland,Adrenal Glands,True,0.0692,564.0,0.012,2016-05-16
PC201708,PC201708-3014,3,20 mg/kg PCDRUG,M,20.0,brain,Brain,False,2.1261,564.0,0.377,2016-05-16
PC201708,PC201708-3014,3,20 mg/kg PCDRUG,M,20.0,heart,Heart,False,1.3549,564.0,0.24,2016-05-16
PC201708,PC201708-3014,3,20 mg/kg PCDRUG,M,20.0,kidney,Kidneys (paired),True,2.9741,564.0,0.527,2016-05-16
PC201708,PC201708-3014,3,20 mg/kg PCDRUG,M,20.0,liver,Liver,False,9.1142,564.0,1.616,2016-05-16
PC201708,PC201708-3014,3,20 mg/kg PCDRUG,M,20.0,pituitary_gland,Pituitary Gland,False,0.0113,564.0,0.002,2016-05-16
PC201708,PC201708-3014,3,20 mg/kg PCDRUG,M,20.0,spleen,Spleen,False,0.625,564.0,0.111,2016-05-16
PC201708,PC201708-3014,3,20 mg/kg PCDRUG,M,20.0,testis,Testes (paired),True,4.3283,564.0,0.767,2016-05-16
PC201708,PC201708-3014,3,20 mg/kg PCDRUG,M,20.0,thymus,Thymus,False,0.3383,564.0,0.06,2016-05-16
PC201708,PC201708-3014,3,20 mg/kg PCDRUG,M,20.0,thyroid_gland,Thyroid Gland,False,0.0474,564.0,0.008,2016-05-16
PC201708,PC201708-3015,3,20 mg/kg PCDRUG,M,20.0,adrenal_gland,Adrenal Glands,True,0.0762,514.0,0.015,2016-05-16
PC201708,PC201708-3015,3,20 mg/kg PCDRUG,M,20.0,brain,Brain,False,2.0023,514.0,0.39,2016-05-16
PC201708,PC201708-3015,3,20 mg/kg PCDRUG,M,20.0,heart,Heart,False,1.2787,514.0,0.249,2016-05-16
PC201708,PC201708-3015,3,20 mg/kg PCDRUG,M,20.0,kidney,Kidneys (paired),True,2.4568,514.0,0.478,2016-05-16
PC201708,PC201708-3015,3,20 mg/kg PCDRUG,M,20.0,liver,Liver,False,10.3747,514.0,2.018,2016-05-16
PC201708,PC201708-3015,3,20 mg/kg PCDRUG,M,20.0,pituitary_gland,Pituitary Gland,False,0.0181,514.0,0.004,2016-05-16
PC201708,PC201708-3015,3,20 mg/kg PCDRUG,M,20.0,spleen,Spleen,False,0.5509,514.0,0.107,2016-05-16
PC201708,PC201708-3015,3,20 mg/kg PCDRUG,M,20.0,testis,Testes (paired),True,3.2674,514.0,0.636,2016-05-16
PC201708,PC201708-3015,3,20 mg/kg PCDRUG,M,20.0,thymus,Thymus,False,0.2697,514.0,0.052,2016-05-16
PC201708,PC201708-3015,3,20 mg/kg PCDRUG,M,20.0,thyroid_gland,Thyroid Gland,False,0.0312,514.0,0.006,2016-05-16
PC201708,PC201708-3101,3,20 mg/kg PCDRUG,F,20.0,adrenal_gland,Adrenal Glands,True,0.0755,363.0,0.021,2016-05-02
PC201708,PC201708-3101,3,20 mg/kg PCDRUG,F,20.0,brain,Brain,False,1.8839,363.0,0.519,2016-05-02
PC201708,PC201708-3101,3,20 mg/kg PCDRUG,F,20.0,heart,Heart,False,0.7759,363.0,0.214,2016-05-02
PC201708,PC201708-3101,3,20 mg/kg PCDRUG,F,20.0,kidney,Kidneys (paired),True,1.4978,363.0,0.413,2016-05-02
PC201708,PC201708-3101,3,20 mg/kg PCDRUG,F,20.0,liver,Liver,False,6.152,363.0,1.695,2016-05-02
PC201708,PC201708-3101,3,20 mg/kg PCDRUG,F,20.0,ovary,Ovaries (paired),True,0.1029,363.0,0.028,2016-05-02
PC201708,PC201708-3101,3,20 mg/kg PCDRUG,F,20.0,pituitary_gland,Pituitary Gland,False,0.0161,363.0,0.004,2016-05-02
PC201708,PC201708-3101,3,20 mg/kg PCDRUG,F,20.0,spleen,Spleen,False,0.5272,363.0,0.145,2016-05-02
PC201708,PC201708-3101,3,20 mg/kg PCDRUG,F,20.0,thymus,Thymus,False,0.3122,363.0,0.086,2016-05-02
PC201708,PC201708-3101,3,20 mg/kg PCDRUG,F,20.0,thyroid_gland,Thyroid Gland,False,0.0341,363.0,0.009,2016-05-02
PC201708,PC201708-3102,3,20 mg/kg PCDRUG,F,20.0,adrenal_gland,Adrenal Glands,True,0.0734,352.0,0.021,2016-05-02
PC201708,PC201708-3102,3,20 mg/kg PCDRUG,F,20.0,brain,Brain,False,1.9398,352.0,0.551,2016-05-02
PC201708,PC201708-3102,3,20 mg/kg PCDRUG,F,20.0,heart,Heart,False,0.6996,352.0,0.199,2016-05-02
PC201708,PC201708-3102,3,20 mg/kg PCDRUG,F,20.0,kidney,Kidneys (paired),True,1.7293,352.0,0.491,2016-05-02
PC201708,PC201708-3102,3,20 mg/kg PCDRUG,F,20.0,liver,Liver,False,5.7944,352.0,1.646,2016-05-02
PC201708,PC201708-3102,3,20 mg/kg PCDRUG,F,20.0,ovary,Ovaries (paired),True,0.1004,352.0,0.029,2016-05-02
PC201708,PC201708-3102,3,20 mg/kg PCDRUG,F,20.0,pituitary_gland,Pituitary Gland,False,0.017,352.0,0.005,2016-05-02
PC201708,PC201708-3102,3,20 mg/kg PCDRUG,F,20.0,spleen,Spleen,False,0.5095,352.0,0.145,2016-05-02
PC201708,PC201708-3102,3,20 mg/kg PCDRUG,F,20.0,thymus,Thymus,False,0.3161,352.0,0.09,2016-05-02
PC201708,PC201708-3102,3,20 mg/kg PCDRUG,F,20.0,thyroid_gland,Thyroid Gland,False,0.0327,352.0,0.009,2016-05-02
PC201708,PC201708-3103,3,20 mg/kg PCDRUG,F,20.0,adrenal_gland,Adrenal Glands,True,0.0955,417.0,0.023,2016-05-02
PC201708,PC201708-3103,3,20 mg/kg PCDRUG,F,20.0,brain,Brain,False,2.7643,417.0,0.663,2016-05-02
PC201708,PC201708-3103,3,20 mg/kg PCDRUG,F,20.0,heart,Heart,False,1.5575,417.0,0.373,2016-05-02
PC201708,PC201708-3103,3,20 mg/kg PCDRUG,F,20.0,kidney,Kidneys (paired),True,3.1617,417.0,0.758,2016-05-02
PC201708,PC201708-3103,3,20 mg/kg PCDRUG,F,20.0,liver,Liver,False,8.4024,417.0,2.015,2016-05-02
PC201708,PC201708-3103,3,20 mg/kg PCDRUG,F,20.0,ovary,Ovaries (paired),True,0.0994,417.0,0.024,2016-05-02
PC201708,PC201708-3103,3,20 mg/kg PCDRUG,F,20.0,pituitary_gland,Pituitary Gland,False,0.0317,417.0,0.008,2016-05-02
PC201708,PC201708-3103,3,20 mg/kg PCDRUG,F,20.0,spleen,Spleen,False,0.6916,417.0,0.166,2016-05-02
PC201708,PC201708-3103,3,20 mg/kg PCDRUG,F,20.0,thymus,Thymus,False,0.3325,417.0,0.08,2016-05-02
PC201708,PC201708-3103,3,20 mg/kg PCDRUG,F,20.0,thyroid_gland,Thyroid Gland,False,0.0312,417.0,0.007,2016-05-02
PC201708,PC201708-3104,3,20 mg/kg PCDRUG,F,20.0,adrenal_gland,Adrenal Glands,True,0.1108,346.0,0.032,2016-05-02
PC201708,PC201708-3104,3,20 mg/kg PCDRUG,F,20.0,brain,Brain,False,2.9516,346.0,0.853,2016-05-02
PC201708,PC201708-3104,3,20 mg/kg PCDRUG,F,20.0,heart,Heart,False,1.7076,346.0,0.494,2016-05-02
PC201708,PC201708-3104,3,20 mg/kg PCDRUG,F,20.0,kidney,Kidneys (paired),True,2.975,346.0,0.86,2016-05-02
PC201708,PC201708-3104,3,20 mg/kg PCDRUG,F,20.0,liver,Liver,False,7.0352,346.0,2.033,2016-05-02
PC201708,PC201708-3104,3,20 mg/kg PCDRUG,F,20.0,ovary,Ovaries (paired),True,0.2926,346.0,0.085,2016-05-02
PC201708,PC201708-3104,3,20 mg/kg PCDRUG,F,20.0,pituitary_gland,Pituitary Gland,False,0.0166,346.0,0.005,2016-05-02
PC201708,PC201708-3104,3,20 mg/kg PCDRUG,F,20.0,spleen,Spleen,False,0.6338,346.0,0.183,2016-05-02
PC201708,PC201708-3104,3,20 mg/kg PCDRUG,F,20.0,thymus,Thymus,False,0.61,346.0,0.176,2016-05-02
PC201708,PC201708-3104,3,20 mg/kg PCDRUG,F,20.0,thyroid_gland,Thyroid Gland,False,0.0353,346.0,0.01,2016-05-02
PC201708,PC201708-3105,3,20 mg/kg PCDRUG,F,20.0,adrenal_gland,Adrenal Glands,True,0.1417,318.0,0.045,2016-05-02
PC201708,PC201708-3105,3,20 mg/kg PCDRUG,F,20.0,brain,Brain,False,3.5087,318.0,1.103,2016-05-02
PC201708,PC201708-3105,3,20 mg/kg PCDRUG,F,20.0,heart,Heart,False,1.5891,318.0,0.5,2016-05-02
PC201708,PC201708-3105,3,20 mg/kg PCDRUG,F,20.0,kidney,Kidneys (paired),True,2.4609,318.0,0.774,2016-05-02
PC201708,PC201708-3105,3,20 mg/kg PCDRUG,F,20.0,liver,Liver,False,8.107,318.0,2.549,2016-05-02
PC201708,PC201708-3105,3,20 mg/kg PCDRUG,F,20.0,ovary,Ovaries (paired),True,0.2001,318.0,0.063,2016-05-02
PC201708,PC201708-3105,3,20 mg/kg PCDRUG,F,20.0,pituitary_gland,Pituitary Gland,False,0.0298,318.0,0.009,2016-05-02
PC201708,PC201708-3105,3,20 mg/kg PCDRUG,F,20.0,spleen,Spleen,False,0.9959,318.0,0.313,2016-05-02
PC201708,PC201708-3105,3,20 mg/kg PCDRUG,F,20.0,thymus,Thymus,False,0.573,318.0,0.18,2016-05-02
PC201708,PC201708-3105,3,20 mg/kg PCDRUG,F,20.0,thyroid_gland,Thyroid Gland,False,0.0279,318.0,0.009,2016-05-02
PC201708,PC201708-3106,3,20 mg/kg PCDRUG,F,20.0,adrenal_gland,Adrenal Glands,True,0.1458,324.0,0.045,2016-05-02
PC201708,PC201708-3106,3,20 mg/kg PCDRUG,F,20.0,brain,Brain,False,2.833,324.0,0.874,2016-05-02
PC201708,PC201708-3106,3,20 mg/kg PCDRUG,F,20.0,heart,Heart,False,1.7926,324.0,0.553,2016-05-02
PC201708,PC201708-3106,3,20 mg/kg PCDRUG,F,20.0,kidney,Kidneys (paired),True,2.057,324.0,0.635,2016-05-02
PC201708,PC201708-3106,3,20 mg/kg PCDRUG,F,20.0,liver,Liver,False,11.6492,324.0,3.595,2016-05-02
PC201708,PC201708-3106,3,20 mg/kg PCDRUG,F,20.0,ovary,Ovaries (paired),True,0.2156,324.0,0.067,2016-05-02
PC201708,PC201708-3106,3,20 mg/kg PCDRUG,F,20.0,pituitary_gland,Pituitary Gland,False,0.0324,324.0,0.01,2016-05-02
PC201708,PC201708-3106,3,20 mg/kg PCDRUG,F,20.0,spleen,Spleen,False,1.0647,324.0,0.329,2016-05-02
PC201708,PC201708-3106,3,20 mg/kg PCDRUG,F,20.0,thymus,Thymus,False,1.0794,324.0,0.333,2016-05-02
PC201708,PC201708-3106,3,20 mg/kg PCDRUG,F,20.0,thyroid_gland,Thyroid Gland,False,0.0307,324.0,0.009,2016-05-02
PC201708,PC201708-3107,3,20 mg/kg PCDRUG,F,20.0,adrenal_gland,Adrenal Glands,True,0.1778,315.0,0.056,2016-05-02
PC201708,PC201708-3107,3,20 mg/kg PCDRUG,F,20.0,brain,Brain,False,3.4565,315.0,1.097,2016-05-02
PC201708,PC201708-3107,3,20 mg/kg PCDRUG,F,20.0,heart,Heart,False,0.9751,315.0,0.31,2016-05-02
PC201708,PC201708-3107,3,20 mg/kg PCDRUG,F,20.0,kidney,Kidneys (paired),True,3.3163,315.0,1.053,2016-05-02
PC201708,PC201708-3107,3,20 mg/kg PCDRUG,F,20.0,liver,Liver,False,7.6083,315.0,2.415,2016-05-02
PC201708,PC201708-3107,3,20 mg/kg PCDRUG,F,20.0,ovary,Ovaries (paired),True,0.1467,315.0,0.047,2016-05-02
PC201708,PC201708-3107,3,20 mg/kg PCDRUG,F,20.0,pituitary_gland,Pituitary Gland,False,0.0296,315.0,0.009,2016-05-02
PC201708,PC201708-3107,3,20 mg/kg PCDRUG,F,20.0,spleen,Spleen,False,1.0216,315.0,0.324,2016-05-02
PC201708,PC201708-3107,3,20 mg/kg PCDRUG,F,20.0,thymus,Thymus,False,0.5849,315.0,0.186,2016-05-02
PC201708,PC201708-3107,3,20 mg/kg PCDRUG,F,20.0,thyroid_gland,Thyroid Gland,False,0.046,315.0,0.015,2016-05-02
PC201708,PC201708-3108,3,20 mg/kg PCDRUG,F,20.0,adrenal_gland,Adrenal Glands,True,0.1281,345.0,0.037,2016-05-02
PC201708,PC201708-3108,3,20 mg/kg PCDRUG,F,20.0,brain,Brain,False,1.9177,345.0,0.556,2016-05-02
PC201708,PC201708-3108,3,20 mg/kg PCDRUG,F,20.0,heart,Heart,False,1.0705,345.0,0.31,2016-05-02
PC201708,PC201708-3108,3,20 mg/kg PCDRUG,F,20.0,kidney,Kidneys (paired),True,3.2601,345.0,0.945,2016-05-02
PC201708,PC201708-3108,3,20 mg/kg PCDRUG,F,20.0,liver,Liver,False,6.0366,345.0,1.75,2016-05-02
PC201708,PC201708-3108,3,20 mg/kg PCDRUG,F,20.0,ovary,Ovaries (paired),True,0.1713,345.0,0.05,2016-05-02
PC201708,PC201708-3108,3,20 mg/kg PCDRUG,F,20.0,pituitary_gland,Pituitary Gland,False,0.0168,345.0,0.005,2016-05-02
PC201708,PC201708-3108,3,20 mg/kg PCDRUG,F,20.0,spleen,Spleen,False,0.5718,345.0,0.166,2016-05-02
PC201708,PC201708-3108,3,20 mg/kg PCDRUG,F,20.0,thymus,Thymus,False,0.6903,345.0,0.2,2016-05-02
PC201708,PC201708-3108,3,20 mg/kg PCDRUG,F,20.0,thyroid_gland,Thyroid Gland,False,0.0238,345.0,0.007,2016-05-02
PC201708,PC201708-3109,3,20 mg/kg PCDRUG,F,20.0,adrenal_gland,Adrenal Glands,True,0.1366,419.0,0.033,2016-05-02
PC201708,PC201708-3109,3,20 mg/kg PCDRUG,F,20.0,brain,Brain,False,3.6839,419.0,0.879,2016-05-02
PC201708,PC201708-3109,3,20 mg/kg PCDRUG,F,20.0,heart,Heart,False,1.0861,419.0,0.259,2016-05-02
PC201708,PC201708-3109,3,20 mg/kg PCDRUG,F,20.0,kidney,Kidneys (paired),True,2.2722,419.0,0.542,2016-05-02
PC201708,PC201708-3109,3,20 mg/kg PCDRUG,F,20.0,liver,Liver,False,7.3976,419.0,1.766,2016-05-02
PC201708,PC201708-3109,3,20 mg/kg PCDRUG,F,20.0,ovary,Ovaries (paired),True,0.1602,419.0,0.038,2016-05-02
PC201708,PC201708-3109,3,20 mg/kg PCDRUG,F,20.0,pituitary_gland,Pituitary Gland,False,0.0196,419.0,0.005,2016-05-02
PC201708,PC201708-3109,3,20 mg/kg PCDRUG,F,20.0,spleen,Spleen,False,0.8069,419.0,0.193,2016-05-02
PC201708,PC201708-3109,3,20 mg/kg PCDRUG,F,20.0,thymus,Thymus,False,0.704,419.0,0.168,2016-05-02
PC201708,PC201708-3109,3,20 mg/kg PCDRUG,F,20.0,thyroid_gland,Thyroid Gland,False,0.0235,419.0,0.006,2016-05-02
PC201708,PC201708-3110,3,20 mg/kg PCDRUG,F,20.0,adrenal_gland,Adrenal Glands,True,0.1286,420.0,0.031,2016-05-02
PC201708,PC201708-3110,3,20 mg/kg PCDRUG,F,20.0,brain,Brain,False,2.5237,420.0,0.601,2016-05-02
PC201708,PC201708-3110,3,20 mg/kg PCDRUG,F,20.0,heart,Heart,False,1.9517,420.0,0.465,2016-05-02
PC201708,PC201708-3110,3,20 mg/kg PCDRUG,F,20.0,kidney,Kidneys (paired),True,1.9922,420.0,0.474,2016-05-02
PC201708,PC201708-3110,3,20 mg/kg PCDRUG,F,20.0,liver,Liver,False,12.4083,420.0,2.954,2016-05-02
PC201708,PC201708-3110,3,20 mg/kg PCDRUG,F,20.0,ovary,Ovaries (paired),True,0.2057,420.0,0.049,2016-05-02
PC201708,PC201708-3110,3,20 mg/kg PCDRUG,F,20.0,pituitary_gland,Pituitary Gland,False,0.0159,420.0,0.004,2016-05-02
PC201708,PC201708-3110,3,20 mg/kg PCDRUG,F,20.0,spleen,Spleen,False,0.9594,420.0,0.228,2016-05-02
PC201708,PC201708-3110,3,20 mg/kg PCDRUG,F,20.0,thymus,Thymus,False,0.7581,420.0,0.18,2016-05-02
PC201708,PC201708-3110,3,20 mg/kg PCDRUG,F,20.0,thyroid_gland,Thyroid Gland,False,0.04,420.0,0.01,2016-05-02
PC201708,PC201708-3111,3,20 mg/kg PCDRUG,F,20.0,adrenal_gland,Adrenal Glands,True,0.1057,422.0,0.025,2016-05-16
PC201708,PC201708-3111,3,20 mg/kg PCDRUG,F,20.0,brain,Brain,False,3.1146,422.0,0.738,2016-05-16
PC201708,PC201708-3111,3,20 mg/kg PCDRUG,F,20.0,heart,Heart,False,1.419,422.0,0.336,2016-05-16
PC201708,PC201708-3111,3,20 mg/kg PCDRUG,F,20.0,kidney,Kidneys (paired),True,3.1526,422.0,0.747,2016-05-16
PC201708,PC201708-3111,3,20 mg/kg PCDRUG,F,20.0,liver,Liver,False,7.3269,422.0,1.736,2016-05-16
PC201708,PC201708-3111,3,20 mg/kg PCDRUG,F,20.0,ovary,Ovaries (paired),True,0.2495,422.0,0.059,2016-05-16
PC201708,PC201708-3111,3,20 mg/kg PCDRUG,F,20.0,pituitary_gland,Pituitary Gland,False,0.0188,422.0,0.004,2016-05-16
PC201708,PC201708-3111,3,20 mg/kg PCDRUG,F,20.0,spleen,Spleen,False,0.8162,422.0,0.193,2016-05-16
PC201708,PC201708-3111,3,20 mg/kg PCDRUG,F,20.0,thymus,Thymus,False,0.5,422.0,0.118,2016-05-16
PC201708,PC201708-3111,3,20 mg/kg PCDRUG,F,20.0,thyroid_gland,Thyroid Gland,False,0.0422,422.0,0.01,2016-05-16
PC201708,PC201708-3112,3,20 mg/kg PCDRUG,F,20.0,adrenal_gland,Adrenal Glands,True,0.1257,399.0,0.032,2016-05-16
PC201708,PC201708-3112,3,20 mg/kg PCDRUG,F,20.0,brain,Brain,False,3.6654,399.0,0.919,2016-05-16
PC201708,PC201708-3112,3,20 mg/kg PCDRUG,F,20.0,heart,Heart,False,1.0411,399.0,0.261,2016-05-16
PC201708,PC201708-3112,3,20 mg/kg PCDRUG,F,20.0,kidney,Kidneys (paired),True,3.4347,399.0,0.861,2016-05-16
PC201708,PC201708-3112,3,20 mg/kg PCDRUG,F,20.0,liver,Liver,False,13.6878,399.0,3.431,2016-05-16
PC201708,PC201708-3112,3,20 mg/kg PCDRUG,F,20.0,ovary,Ovaries (paired),True,0.1717,399.0,0.043,2016-05-16
PC201708,PC201708-3112,3,20 mg/kg PCDRUG,F,20.0,pituitary_gland,Pituitary Gland,False,0.0214,399.0,0.005,2016-05-16
PC201708,PC201708-3112,3,20 mg/kg PCDRUG,F,20.0,spleen,Spleen,False,1.02,399.0,0.256,2016-05-16
PC201708,PC201708-3112,3,20 mg/kg PCDRUG,F,20.0,thymus,Thymus,False,0.4233,399.0,0.106,2016-05-16
PC201708,PC201708-3112,3,20 mg/kg PCDRUG,F,20.0,thyroid_gland,Thyroid Gland,False,0.0235,399.0,0.006,2016-05-16
PC201708,PC201708-3113,3,20 mg/kg PCDRUG,F,20.0,adrenal_gland,Adrenal Glands,True,0.1799,427.0,0.042,2016-05-16
PC201708,PC201708-3113,3,20 mg/kg PCDRUG,F,20.0,brain,Brain,False,3.7836,427.0,0.886,2016-05-16
PC201708,PC201708-3113,3,20 mg/kg PCDRUG,F,20.0,heart,Heart,False,1.8197,427.0,0.426,2016-05-16
PC201708,PC201708-3113,3,20 mg/kg PCDRUG,F,20.0,kidney,Kidneys (paired),True,4.2757,427.0,1.001,2016-05-16
PC201708,PC201708-3113,3,20 mg/kg PCDRUG,F,20.0,liver,Liver,False,9.8265,427.0,2.301,2016-05-16
PC201708,PC201708-3113,3,20 mg/kg PCDRUG,F,20.0,ovary,Ovaries (paired),True,0.1165,427.0,0.027,2016-05-16
PC201708,PC201708-3113,3,20 mg/kg PCDRUG,F,20.0,pituitary_gland,Pituitary Gland,False,0.0349,427.0,0.008,2016-05-16
PC201708,PC201708-3113,3,20 mg/kg PCDRUG,F,20.0,spleen,Spleen,False,0.8068,427.0,0.189,2016-05-16
PC201708,PC201708-3113,3,20 mg/kg PCDRUG,F,20.0,thymus,Thymus,False,0.631,427.0,0.148,2016-05-16
PC201708,PC201708-3113,3,20 mg/kg PCDRUG,F,20.0,thyroid_gland,Thyroid Gland,False,0.0343,427.0,0.008,2016-05-16
PC201708,PC201708-3114,3,20 mg/kg PCDRUG,F,20.0,adrenal_gland,Adrenal Glands,True,0.1319,371.0,0.036,2016-05-16
PC201708,PC201708-3114,3,20 mg/kg PCDRUG,F,20.0,brain,Brain,False,3.7285,371.0,1.005,2016-05-16
PC201708,PC201708-3114,3,20 mg/kg PCDRUG,F,20.0,heart,Heart,False,0.9611,371.0,0.259,2016-05-16
PC201708,PC201708-3114,3,20 mg/kg PCDRUG,F,20.0,kidney,Kidneys (paired),True,3.456,371.0,0.932,2016-05-16
PC201708,PC201708-3114,3,20 mg/kg PCDRUG,F,20.0,liver,Liver,False,9.4708,371.0,2.553,2016-05-16
PC201708,PC201708-3114,3,20 mg/kg PCDRUG,F,20.0,ovary,Ovaries (paired),True,0.1649,371.0,0.044,2016-05-16
PC201708,PC201708-3114,3,20 mg/kg PCDRUG,F,20.0,pituitary_gland,Pituitary Gland,False,0.0181,371.0,0.005,2016-05-16
PC201708,PC201708-3114,3,20 mg/kg PCDRUG,F,20.0,spleen,Spleen,False,1.0459,371.0,0.282,2016-05-16
PC201708,PC201708-3114,3,20 mg/kg PCDRUG,F,20.0,thymus,Thymus,False,0.7877,371.0,0.212,2016-05-16
PC201708,PC201708-3114,3,20 mg/kg PCDRUG,F,20.0,thyroid_gland,Thyroid Gland,False,0.0402,371.0,0.011,2016-05-16
PC201708,PC201708-3115,3,20 mg/kg PCDRUG,F,20.0,adrenal_gland,Adrenal Glands,True,0.1345,380.0,0.035,2016-05-16
PC201708,PC201708-3115,3,20 mg/kg PCDRUG,F,20.0,brain,Brain,False,2.7549,380.0,0.725,2016-05-16
PC201708,PC201708-3115,3,20 mg/kg PCDRUG,F,20.0,heart,Heart,False,1.3339,380.0,0.351,2016-05-16
PC201708,PC201708-3115,3,20 mg/kg PCDRUG,F,20.0,kidney,Kidneys (paired),True,2.2647,380.0,0.596,2016-05-16
PC201708,PC201708-3115,3,20 mg/kg PCDRUG,F,20.0,liver,Liver,False,14.5713,380.0,3.835,2016-05-16
PC201708,PC201708-3115,3,20 mg/kg PCDRUG,F,20.0,ovary,Ovaries (paired),True,0.1752,380.0,0.046,2016-05-16
PC201708,PC201708-3115,3,20 mg/kg PCDRUG,F,20.0,pituitary_gland,Pituitary Gland,False,0.0267,380.0,0.007,2016-05-16
PC201708,PC201708-3115,3,20 mg/kg PCDRUG,F,20.0,spleen,Spleen,False,0.6406,380.0,0.169,2016-05-16
PC201708,PC201708-3115,3,20 mg/kg PCDRUG,F,20.0,thymus,Thymus,False,0.7606,380.0,0.2,2016-05-16
PC201708,PC201708-3115,3,20 mg/kg PCDRUG,F,20.0,thyroid_gland,Thyroid Gland,False,0.043,380.0,0.011,2016-05-16
PC201708,PC201708-4001,4,200 mg/kg PCDRUG,M,200.0,adrenal_gland,Adrenal Glands,True,0.0809,443.0,0.018,2016-05-02
PC201708,PC201708-4001,4,200 mg/kg PCDRUG,M,200.0,brain,Brain,False,2.158,443.0,0.487,2016-05-02
PC201708,PC201708-4001,4,200 mg/kg PCDRUG,M,200.0,heart,Heart,False,1.4409,443.0,0.325,2016-05-02
PC201708,PC201708-4001,4,200 mg/kg PCDRUG,M,200.0,kidney,Kidneys (paired),True,2.9255,443.0,0.66,2016-05-02
PC201708,PC201708-4001,4,200 mg/kg PCDRUG,M,200.0,liver,Liver,False,12.3986,443.0,2.799,2016-05-02
PC201708,PC201708-4001,4,200 mg/kg PCDRUG,M,200.0,pituitary_gland,Pituitary Gland,False,0.0159,443.0,0.004,2016-05-02
PC201708,PC201708-4001,4,200 mg/kg PCDRUG,M,200.0,spleen,Spleen,False,0.7418,443.0,0.167,2016-05-02
PC201708,PC201708-4001,4,200 mg/kg PCDRUG,M,200.0,testis,Testes (paired),True,3.1731,443.0,0.716,2016-05-02
PC201708,PC201708-4001,4,200 mg/kg PCDRUG,M,200.0,thymus,Thymus,False,0.2922,443.0,0.066,2016-05-02
PC201708,PC201708-4001,4,200 mg/kg PCDRUG,M,200.0,thyroid_gland,Thyroid Gland,False,0.0435,443.0,0.01,2016-05-02
PC201708,PC201708-4002,4,200 mg/kg PCDRUG,M,200.0,adrenal_gland,Adrenal Glands,True,0.1014,415.0,0.024,2016-05-02
PC201708,PC201708-4002,4,200 mg/kg PCDRUG,M,200.0,brain,Brain,False,1.9032,415.0,0.459,2016-05-02
PC201708,PC201708-4002,4,200 mg/kg PCDRUG,M,200.0,heart,Heart,False,0.983,415.0,0.237,2016-05-02
PC201708,PC201708-4002,4,200 mg/kg PCDRUG,M,200.0,kidney,Kidneys (paired),True,1.9724,415.0,0.475,2016-05-02
PC201708,PC201708-4002,4,200 mg/kg PCDRUG,M,200.0,liver,Liver,False,12.4324,415.0,2.996,2016-05-02
PC201708,PC201708-4002,4,200 mg/kg PCDRUG,M,200.0,pituitary_gland,Pituitary Gland,False,0.0174,415.0,0.004,2016-05-02
PC201708,PC201708-4002,4,200 mg/kg PCDRUG,M,200.0,spleen,Spleen,False,0.6042,415.0,0.146,2016-05-02
PC201708,PC201708-4002,4,200 mg/kg PCDRUG,M,200.0,testis,Testes (paired),True,3.1411,415.0,0.757,2016-05-02
PC201708,PC201708-4002,4,200 mg/kg PCDRUG,M,200.0,thymus,Thymus,False,0.4861,415.0,0.117,2016-05-02
PC201708,PC201708-4002,4,200 mg/kg PCDRUG,M,200.0,thyroid_gland,Thyroid Gland,False,0.0298,415.0,0.007,2016-05-02
PC201708,PC201708-4003,4,200 mg/kg PCDRUG,M,200.0,adrenal_gland,Adrenal Glands,True,0.0815,398.0,0.02,2016-04-30
PC201708,PC201708-4003,4,200 mg/kg PCDRUG,M,200.0,brain,Brain,False,1.9764,398.0,0.497,2016-04-30
PC201708,PC201708-4003,4,200 mg/kg PCDRUG,M,200.0,heart,Heart,False,0.8957,398.0,0.225,2016-04-30
PC201708,PC201708-4003,4,200 mg/kg PCDRUG,M,200.0,kidney,Kidneys (paired),True,2.0256,398.0,0.509,2016-04-30
PC201708,PC201708-4003,4,200 mg/kg PCDRUG,M,200.0,liver,Liver,False,10.2117,398.0,2.566,2016-04-30
PC201708,PC201708-4003,4,200 mg/kg PCDRUG,M,200.0,pituitary_gland,Pituitary Gland,False,0.0193,398.0,0.005,2016-04-30
PC201708,PC201708-4003,4,200 mg/kg PCDRUG,M,200.0,spleen,Spleen,False,0.562,398.0,0.141,2016-04-30
PC201708,PC201708-4003,4,200 mg/kg PCDRUG,M,200.0,testis,Testes (paired),True,3.1609,398.0,0.794,2016-04-30
PC201708,PC201708-4003,4,200 mg/kg PCDRUG,M,200.0,thymus,Thymus,False,0.3549,398.0,0.089,2016-04-30
PC201708,PC201708-4003,4,200 mg/kg PCDRUG,M,200.0,thyroid_gland,Thyroid Gland,False,0.0263,398.0,0.007,2016-04-30
PC201708,PC201708-4004,4,200 mg/kg PCDRUG,M,200.0,adrenal_gland,Adrenal Glands,True,0.0817,396.0,0.021,2016-05-02
PC201708,PC201708-4004,4,200 mg/kg PCDRUG,M,200.0,brain,Brain,False,1.926,396.0,0.486,2016-05-02
PC201708,PC201708-4004,4,200 mg/kg PCDRUG,M,200.0,heart,Heart,False,0.8756,396.0,0.221,2016-05-02
PC201708,PC201708-4004,4,200 mg/kg PCDRUG,M,200.0,kidney,Kidneys (paired),True,1.7501,396.0,0.442,2016-05-02
PC201708,PC201708-4004,4,200 mg/kg PCDRUG,M,200.0,liver,Liver,False,10.0248,396.0,2.532,2016-05-02
PC201708,PC201708-4004,4,200 mg/kg PCDRUG,M,200.0,pituitary_gland,Pituitary Gland,False,0.0179,396.0,0.005,2016-05-02
PC201708,PC201708-4004,4,200 mg/kg PCDRUG,M,200.0,spleen,Spleen,False,0.4655,396.0,0.118,2016-05-02
PC201708,PC201708-4004,4,200 mg/kg PCDRUG,M,200.0,testis,Testes (paired),True,3.1151,396.0,0.787,2016-05-02
PC201708,PC201708-4004,4,200 mg/kg PCDRUG,M,200.0,thymus,Thymus,False,0.3954,396.0,0.1,2016-05-02
PC201708,PC201708-4004,4,200 mg/kg PCDRUG,M,200.0,thyroid_gland,Thyroid Gland,False,0.0255,396.0,0.006,2016-05-02
PC201708,PC201708-4005,4,200 mg/kg PCDRUG,M,200.0,adrenal_gland,Adrenal Glands,True,0.083,428.0,0.019,2016-05-02
PC201708,PC201708-4005,4,200 mg/kg PCDRUG,M,200.0,brain,Brain,False,2.0487,428.0,0.479,2016-05-02
PC201708,PC201708-4005,4,200 mg/kg PCDRUG,M,200.0,heart,Heart,False,0.9264,428.0,0.216,2016-05-02
PC201708,PC201708-4005,4,200 mg/kg PCDRUG,M,200.0,kidney,Kidneys (paired),True,1.659,428.0,0.388,2016-05-02
PC201708,PC201708-4005,4,200 mg/kg PCDRUG,M,200.0,liver,Liver,False,7.3063,428.0,1.707,2016-05-02
PC201708,PC201708-4005,4,200 mg/kg PCDRUG,M,200.0,pituitary_gland,Pituitary Gland,False,0.0196,428.0,0.005,2016-05-02
PC201708,PC201708-4005,4,200 mg/kg PCDRUG,M,200.0,spleen,Spleen,False,0.5442,428.0,0.127,2016-05-02
PC201708,PC201708-4005,4,200 mg/kg PCDRUG,M,200.0,testis,Testes (paired),True,3.1335,428.0,0.732,2016-05-02
PC201708,PC201708-4005,4,200 mg/kg PCDRUG,M,200.0,thymus,Thymus,False,0.4093,428.0,0.096,2016-05-02
PC201708,PC201708-4005,4,200 mg/kg PCDRUG,M,200.0,thyroid_gland,Thyroid Gland,False,0.0182,428.0,0.004,2016-05-02
PC201708,PC201708-4006,4,200 mg/kg PCDRUG,M,200.0,adrenal_gland,Adrenal Glands,True,0.0754,420.0,0.018,2016-05-02
PC201708,PC201708-4006,4,200 mg/kg PCDRUG,M,200.0,brain,Brain,False,1.6944,420.0,0.403,2016-05-02
PC201708,PC201708-4006,4,200 mg/kg PCDRUG,M,200.0,heart,Heart,False,0.7863,420.0,0.187,2016-05-02
PC201708,PC201708-4006,4,200 mg/kg PCDRUG,M,200.0,kidney,Kidneys (paired),True,1.7588,420.0,0.419,2016-05-02
PC201708,PC201708-4006,4,200 mg/kg PCDRUG,M,200.0,liver,Liver,False,7.6688,420.0,1.826,2016-05-02
PC201708,PC201708-4006,4,200 mg/kg PCDRUG,M,200.0,pituitary_gland,Pituitary Gland,False,0.017,420.0,0.004,2016-05-02
PC201708,PC201708-4006,4,200 mg/kg PCDRUG,M,200.0,spleen,Spleen,False,0.6766,420.0,0.161,2016-05-02
PC201708,PC201708-4006,4,200 mg/kg PCDRUG,M,200.0,testis,Testes (paired),True,3.1181,420.0,0.742,2016-05-02
PC201708,PC201708-4006,4,200 mg/kg PCDRUG,M,200.0,thymus,Thymus,False,0.4388,420.0,0.104,2016-05-02
PC201708,PC201708-4006,4,200 mg/kg PCDRUG,M,200.0,thyroid_gland,Thyroid Gland,False,0.0209,420.0,0.005,2016-05-02
PC201708,PC201708-4007,4,200 mg/kg PCDRUG,M,200.0,adrenal_gland,Adrenal Glands,True,0.068,394.0,0.017,2016-05-02
PC201708,PC201708-4007,4,200 mg/kg PCDRUG,M,200.0,brain,Brain,False,2.0369,394.0,0.517,2016-05-02
PC201708,PC201708-4007,4,200 mg/kg PCDRUG,M,200.0,heart,Heart,False,0.922,394.0,0.234,2016-05-02
PC201708,PC201708-4007,4,200 mg/kg PCDRUG,M,200.0,kidney,Kidneys (paired),True,1.8519,394.0,0.47,2016-05-02
PC201708,PC201708-4007,4,200 mg/kg PCDRUG,M,200.0,liver,Liver,False,9.2396,394.0,2.345,2016-05-02
PC201708,PC201708-4007,4,200 mg/kg PCDRUG,M,200.0,pituitary_gland,Pituitary Gland,False,0.0195,394.0,0.005,2016-05-02
PC201708,PC201708-4007,4,200 mg/kg PCDRUG,M,200.0,spleen,Spleen,False,0.527,394.0,0.134,2016-05-02
PC201708,PC201708-4007,4,200 mg/kg PCDRUG,M,200.0,testis,Testes (paired),True,3.1468,394.0,0.799,2016-05-02
PC201708,PC201708-4007,4,200 mg/kg PCDRUG,M,200.0,thymus,Thymus,False,0.4547,394.0,0.115,2016-05-02
PC201708,PC201708-4007,4,200 mg/kg PCDRUG,M,200.0,thyroid_gland,Thyroid Gland,False,0.0193,394.0,0.005,2016-05-02
PC201708,PC201708-4008,4,200 mg/kg PCDRUG,M,200.0,adrenal_gland,Adrenal Glands,True,0.079,461.0,0.017,2016-05-02
PC201708,PC201708-4008,4,200 mg/kg PCDRUG,M,200.0,brain,Brain,False,1.8884,461.0,0.41,2016-05-02
PC201708,PC201708-4008,4,200 mg/kg PCDRUG,M,200.0,heart,Heart,False,0.9954,461.0,0.216,2016-05-02
PC201708,PC201708-4008,4,200 mg/kg PCDRUG,M,200.0,kidney,Kidneys (paired),True,2.1188,461.0,0.46,2016-05-02
PC201708,PC201708-4008,4,200 mg/kg PCDRUG,M,200.0,liver,Liver,False,9.2396,461.0,2.004,2016-05-02
PC201708,PC201708-4008,4,200 mg/kg PCDRUG,M,200.0,pituitary_gland,Pituitary Gland,False,0.0185,461.0,0.004,2016-05-02
PC201708,PC201708-4008,4,200 mg/kg PCDRUG,M,200.0,spleen,Spleen,False,0.6164,461.0,0.134,2016-05-02
PC201708,PC201708-4008,4,200 mg/kg PCDRUG,M,200.0,testis,Testes (paired),True,3.148,461.0,0.683,2016-05-02
PC201708,PC201708-4008,4,200 mg/kg PCDRUG,M,200.0,thymus,Thymus,False,0.7335,461.0,0.159,2016-05-02
PC201708,PC201708-4008,4,200 mg/kg PCDRUG,M,200.0,thyroid_gland,Thyroid Gland,False,0.0173,461.0,0.004,2016-05-02
PC201708,PC201708-4009,4,200 mg/kg PCDRUG,M,200.0,adrenal_gland,Adrenal Glands,True,0.0911,430.0,0.021,2016-05-02
PC201708,PC201708-4009,4,200 mg/kg PCDRUG,M,200.0,brain,Brain,False,2.1205,430.0,0.493,2016-05-02
PC201708,PC201708-4009,4,200 mg/kg PCDRUG,M,200.0,heart,Heart,False,1.0033,430.0,0.233,2016-05-02
PC201708,PC201708-4009,4,200 mg/kg PCDRUG,M,200.0,kidney,Kidneys (paired),True,1.8182,430.0,0.423,2016-05-02
PC201708,PC201708-4009,4,200 mg/kg PCDRUG,M,200.0,liver,Liver,False,9.9703,430.0,2.319,2016-05-02
PC201708,PC201708-4009,4,200 mg/kg PCDRUG,M,200.0,pituitary_gland,Pituitary Gland,False,0.0141,430.0,0.003,2016-05-02
PC201708,PC201708-4009,4,200 mg/kg PCDRUG,M,200.0,spleen,Spleen,False,0.6764,430.0,0.157,2016-05-02
PC201708,PC201708-4009,4,200 mg/kg PCDRUG,M,200.0,testis,Testes (paired),True,3.0998,430.0,0.721,2016-05-02
PC201708,PC201708-4009,4,200 mg/kg PCDRUG,M,200.0,thymus,Thymus,False,0.5545,430.0,0.129,2016-05-02
PC201708,PC201708-4009,4,200 mg/kg PCDRUG,M,200.0,thyroid_gland,Thyroid Gland,False,0.0153,430.0,0.004,2016-05-02
PC201708,PC201708-4010,4,200 mg/kg PCDRUG,M,200.0,adrenal_gland,Adrenal Glands,True,0.0768,398.0,0.019,2016-05-02
PC201708,PC201708-4010,4,200 mg/kg PCDRUG,M,200.0,brain,Brain,False,2.0737,398.0,0.521,2016-05-02
PC201708,PC201708-4010,4,200 mg/kg PCDRUG,M,200.0,heart,Heart,False,0.9636,398.0,0.242,2016-05-02
PC201708,PC201708-4010,4,200 mg/kg PCDRUG,M,200.0,kidney,Kidneys (paired),True,1.8311,398.0,0.46,2016-05-02
PC201708,PC201708-4010,4,200 mg/kg PCDRUG,M,200.0,liver,Liver,False,9.6046,398.0,2.413,2016-05-02
PC201708,PC201708-4010,4,200 mg/kg PCDRUG,M,200.0,pituitary_gland,Pituitary Gland,False,0.0243,398.0,0.006,2016-05-02
PC201708,PC201708-4010,4,200 mg/kg PCDRUG,M,200.0,spleen,Spleen,False,0.5528,398.0,0.139,2016-05-02
PC201708,PC201708-4010,4,200 mg/kg PCDRUG,M,200.0,testis,Testes (paired),True,3.1239,398.0,0.785,2016-05-02
PC201708,PC201708-4010,4,200 mg/kg PCDRUG,M,200.0,thymus,Thymus,False,0.7279,398.0,0.183,2016-05-02
PC201708,PC201708-4010,4,200 mg/kg PCDRUG,M,200.0,thyroid_gland,Thyroid Gland,False,0.016,398.0,0.004,2016-05-02
PC201708,PC201708-4011,4,200 mg/kg PCDRUG,M,200.0,adrenal_gland,Adrenal Glands,True,0.0876,447.0,0.02,2016-05-16
PC201708,PC201708-4011,4,200 mg/kg PCDRUG,M,200.0,brain,Brain,False,2.0274,447.0,0.454,2016-05-16
PC201708,PC201708-4011,4,200 mg/kg PCDRUG,M,200.0,heart,Heart,False,1.0763,447.0,0.241,2016-05-16
PC201708,PC201708-4011,4,200 mg/kg PCDRUG,M,200.0,kidney,Kidneys (paired),True,2.2102,447.0,0.494,2016-05-16
PC201708,PC201708-4011,4,200 mg/kg PCDRUG,M,200.0,liver,Liver,False,11.3224,447.0,2.533,2016-05-16
PC201708,PC201708-4011,4,200 mg/kg PCDRUG,M,200.0,pituitary_gland,Pituitary Gland,False,0.0211,447.0,0.005,2016-05-16
PC201708,PC201708-4011,4,200 mg/kg PCDRUG,M,200.0,spleen,Spleen,False,0.585,447.0,0.131,2016-05-16
PC201708,PC201708-4011,4,200 mg/kg PCDRUG,M,200.0,testis,Testes (paired),True,3.1449,447.0,0.704,2016-05-16
PC201708,PC201708-4011,4,200 mg/kg PCDRUG,M,200.0,thymus,Thymus,False,0.516,447.0,0.115,2016-05-16
PC201708,PC201708-4011,4,200 mg/kg PCDRUG,M,200.0,thyroid_gland,Thyroid Gland,False,0.0254,447.0,0.006,2016-05-16
PC201708,PC201708-4012,4,200 mg/kg PCDRUG,M,200.0,adrenal_gland,Adrenal Glands,True,0.0662,451.0,0.015,2016-05-16
PC201708,PC201708-4012,4,200 mg/kg PCDRUG,M,200.0,brain,Brain,False,2.0128,451.0,0.446,2016-05-16
PC201708,PC201708-4012,4,200 mg/kg PCDRUG,M,200.0,heart,Heart,False,1.1811,451.0,0.262,2016-05-16
PC201708,PC201708-4012,4,200 mg/kg PCDRUG,M,200.0,kidney,Kidneys (paired),True,1.9753,451.0,0.438,2016-05-16
PC201708,PC201708-4012,4,200 mg/kg PCDRUG,M,200.0,liver,Liver,False,9.8892,451.0,2.193,2016-05-16
PC201708,PC201708-4012,4,200 mg/kg PCDRUG,M,200.0,pituitary_gland,Pituitary Gland,False,0.0195,451.0,0.004,2016-05-16
PC201708,PC201708-4012,4,200 mg/kg PCDRUG,M,200.0,spleen,Spleen,False,0.5129,451.0,0.114,2016-05-16
PC201708,PC201708-4012,4,200 mg/kg PCDRUG,M,200.0,testis,Testes (paired),True,3.1199,451.0,0.692,2016-05-16
PC201708,PC201708-4012,4,200 mg/kg PCDRUG,M,200.0,thymus,Thymus,False,0.3632,451.0,0.081,2016-05-16
PC201708,PC201708-4012,4,200 mg/kg PCDRUG,M,200.0,thyroid_gland,Thyroid Gland,False,0.0291,451.0,0.006,2016-05-16
PC201708,PC201708-4013,4,200 mg/kg PCDRUG,M,200.0,adrenal_gland,Adrenal Glands,True,0.0776,467.0,0.017,2016-05-16
PC201708,PC201708-4013,4,200 mg/kg PCDRUG,M,200.0,brain,Brain,False,1.9686,467.0,0.422,2016-05-16
PC201708,PC201708-4013,4,200 mg/kg PCDRUG,M,200.0,heart,Heart,False,1.1464,467.0,0.245,2016-05-16
PC201708,PC201708-4013,4,200 mg/kg PCDRUG,M,200.0,kidney,Kidneys (paired),True,1.6358,467.0,0.35,2016-05-16
PC201708,PC201708-4013,4,200 mg/kg PCDRUG,M,200.0,liver,Liver,False,10.4278,467.0,2.233,2016-05-16
PC201708,PC201708-4013,4,200 mg/kg PCDRUG,M,200.0,pituitary_gland,Pituitary Gland,False,0.0156,467.0,0.003,2016-05-16
PC201708,PC201708-4013,4,200 mg/kg PCDRUG,M,200.0,spleen,Spleen,False,0.4435,467.0,0.095,2016-05-16
PC201708,PC201708-4013,4,200 mg/kg PCDRUG,M,200.0,testis,Testes (paired),True,3.0903,467.0,0.662,2016-05-16
PC201708,PC201708-4013,4,200 mg/kg PCDRUG,M,200.0,thymus,Thymus,False,0.2673,467.0,0.057,2016-05-16
PC201708,PC201708-4013,4,200 mg/kg PCDRUG,M,200.0,thyroid_gland,Thyroid Gland,False,0.019,467.0,0.004,2016-05-16
PC201708,PC201708-4014,4,200 mg/kg PCDRUG,M,200.0,adrenal_gland,Adrenal Glands,True,0.0767,443.0,0.017,2016-05-16
PC201708,PC201708-4014,4,200 mg/kg PCDRUG,M,200.0,brain,Brain,False,2.0468,443.0,0.462,2016-05-16
PC201708,PC201708-4014,4,200 mg/kg PCDRUG,M,200.0,heart,Heart,False,1.0373,443.0,0.234,2016-05-16
PC201708,PC201708-4014,4,200 mg/kg PCDRUG,M,200.0,kidney,Kidneys (paired),True,1.7015,443.0,0.384,2016-05-16
PC201708,PC201708-4014,4,200 mg/kg PCDRUG,M,200.0,liver,Liver,False,7.6919,443.0,1.736,2016-05-16
PC201708,PC201708-4014,4,200 mg/kg PCDRUG,M,200.0,pituitary_gland,Pituitary Gland,False,0.0176,443.0,0.004,2016-05-16
PC201708,PC201708-4014,4,200 mg/kg PCDRUG,M,200.0,spleen,Spleen,False,0.3832,443.0,0.087,2016-05-16
PC201708,PC201708-4014,4,200 mg/kg PCDRUG,M,200.0,testis,Testes (paired),True,3.0863,443.0,0.697,2016-05-16
PC201708,PC201708-4014,4,200 mg/kg PCDRUG,M,200.0,thymus,Thymus,False,0.279,443.0,0.063,2016-05-16
PC201708,PC201708-4014,4,200 mg/kg PCDRUG,M,200.0,thyroid_gland,Thyroid Gland,False,0.0238,443.0,0.005,2016-05-16
PC201708,PC201708-4015,4,200 mg/kg PCDRUG,M,200.0,adrenal_gland,Adrenal Glands,True,0.0861,481.0,0.018,2016-05-16
PC201708,PC201708-4015,4,200 mg/kg PCDRUG,M,200.0,brain,Brain,False,1.9682,481.0,0.409,2016-05-16
PC201708,PC201708-4015,4,200 mg/kg PCDRUG,M,200.0,heart,Heart,False,1.0344,481.0,0.215,2016-05-16
PC201708,PC201708-4015,4,200 mg/kg PCDRUG,M,200.0,kidney,Kidneys (paired),True,1.8141,481.0,0.377,2016-05-16
PC201708,PC201708-4015,4,200 mg/kg PCDRUG,M,200.0,liver,Liver,False,13.0709,481.0,2.717,2016-05-16
PC201708,PC201708-4015,4,200 mg/kg PCDRUG,M,200.0,pituitary_gland,Pituitary Gland,False,0.0185,481.0,0.004,2016-05-16
PC201708,PC201708-4015,4,200 mg/kg PCDRUG,M,200.0,spleen,Spleen,False,0.523,481.0,0.109,2016-05-16
PC201708,PC201708-4015,4,200 mg/kg PCDRUG,M,200.0,testis,Testes (paired),True,3.1113,481.0,0.647,2016-05-16
PC201708,PC201708-4015,4,200 mg/kg PCDRUG,M,200.0,thymus,Thymus,False,0.2888,481.0,0.06,2016-05-16
PC201708,PC201708-4015,4,200 mg/kg PCDRUG,M,200.0,thyroid_gland,Thyroid Gland,False,0.0256,481.0,0.005,2016-05-16
PC201708,PC201708-4101,4,200 mg/kg PCDRUG,F,200.0,adrenal_gland,Adrenal Glands,True,0.1589,277.0,0.057,2016-05-02
PC201708,PC201708-4101,4,200 mg/kg PCDRUG,F,200.0,brain,Brain,False,2.8664,277.0,1.035,2016-05-02
PC201708,PC201708-4101,4,200 mg/kg PCDRUG,F,200.0,heart,Heart,False,1.2851,277.0,0.464,2016-05-02
PC201708,PC201708-4101,4,200 mg/kg PCDRUG,F,200.0,kidney,Kidneys (paired),True,2.8426,277.0,1.026,2016-05-02
PC201708,PC201708-4101,4,200 mg/kg PCDRUG,F,200.0,liver,Liver,False,10.9044,277.0,3.937,2016-05-02
PC201708,PC201708-4101,4,200 mg/kg PCDRUG,F,200.0,ovary,Ovaries (paired),True,0.16,277.0,0.058,2016-05-02
PC201708,PC201708-4101,4,200 mg/kg PCDRUG,F,200.0,pituitary_gland,Pituitary Gland,False,0.0241,277.0,0.009,2016-05-02
PC201708,PC201708-4101,4,200 mg/kg PCDRUG,F,200.0,spleen,Spleen,False,0.7754,277.0,0.28,2016-05-02
PC201708,PC201708-4101,4,200 mg/kg PCDRUG,F,200.0,thymus,Thymus,False,0.3922,277.0,0.142,2016-05-02
PC201708,PC201708-4101,4,200 mg/kg PCDRUG,F,200.0,thyroid_gland,Thyroid Gland,False,0.0264,277.0,0.01,2016-05-02
PC201708,PC201708-4102,4,200 mg/kg PCDRUG,F,200.0,adrenal_gland,Adrenal Glands,True,0.1246,318.0,0.039,2016-05-02
PC201708,PC201708-4102,4,200 mg/kg PCDRUG,F,200.0,brain,Brain,False,3.7132,318.0,1.168,2016-05-02
PC201708,PC201708-4102,4,200 mg/kg PCDRUG,F,200.0,heart,Heart,False,1.7082,318.0,0.537,2016-05-02
PC201708,PC201708-4102,4,200 mg/kg PCDRUG,F,200.0,kidney,Kidneys (paired),True,3.1406,318.0,0.988,2016-05-02
PC201708,PC201708-4102,4,200 mg/kg PCDRUG,F,200.0,liver,Liver,False,14.621,318.0,4.598,2016-05-02
PC201708,PC201708-4102,4,200 mg/kg PCDRUG,F,200.0,ovary,Ovaries (paired),True,0.136,318.0,0.043,2016-05-02
PC201708,PC201708-4102,4,200 mg/kg PCDRUG,F,200.0,pituitary_gland,Pituitary Gland,False,0.0164,318.0,0.005,2016-05-02
PC201708,PC201708-4102,4,200 mg/kg PCDRUG,F,200.0,spleen,Spleen,False,0.9468,318.0,0.298,2016-05-02
PC201708,PC201708-4102,4,200 mg/kg PCDRUG,F,200.0,thymus,Thymus,False,0.673,318.0,0.212,2016-05-02
PC201708,PC201708-4102,4,200 mg/kg PCDRUG,F,200.0,thyroid_gland,Thyroid Gland,False,0.026,318.0,0.008,2016-05-02
PC201708,PC201708-4103,4,200 mg/kg PCDRUG,F,200.0,adrenal_gland,Adrenal Glands,True,0.0929,295.0,0.032,2016-05-02
PC201708,PC201708-4103,4,200 mg/kg PCDRUG,F,200.0,brain,Brain,False,2.8174,295.0,0.955,2016-05-02
PC201708,PC201708-4103,4,200 mg/kg PCDRUG,F,200.0,heart,Heart,False,1.2699,295.0,0.43,2016-05-02
PC201708,PC201708-4103,4,200 mg/kg PCDRUG,F,200.0,kidney,Kidneys (paired),True,2.0636,295.0,0.7,2016-05-02
PC201708,PC201708-4103,4,200 mg/kg PCDRUG,F,200.0,liver,Liver,False,8.6746,295.0,2.941,2016-05-02
PC201708,PC201708-4103,4,200 mg/kg PCDRUG,F,200.0,ovary,Ovaries (paired),True,0.1612,295.0,0.055,2016-05-02
PC201708,PC201708-4103,4,200 mg/kg PCDRUG,F,200.0,pituitary_gland,Pituitary Gland,False,0.0277,295.0,0.009,2016-05-02
PC201708,PC201708-4103,4,200 mg/kg PCDRUG,F,200.0,spleen,Spleen,False,0.7401,295.0,0.251,2016-05-02
PC201708,PC201708-4103,4,200 mg/kg PCDRUG,F,200.0,thymus,Thymus,False,0.4562,295.0,0.155,2016-05-02
PC201708,PC201708-4103,4,200 mg/kg PCDRUG,F,200.0,thyroid_gland,Thyroid Gland,False,0.0287,295.0,0.01,2016-05-02
PC201708,PC201708-4104,4,200 mg/kg PCDRUG,F,200.0,adrenal_gland,Adrenal Glands,True,0.1324,272.0,0.049,2016-05-02
PC201708,PC201708-4104,4,200 mg/kg PCDRUG,F,200.0,brain,Brain,False,3.3895,272.0,1.246,2016-05-02
PC201708,PC201708-4104,4,200 mg/kg PCDRUG,F,200.0,heart,Heart,False,0.9498,272.0,0.349,2016-05-02
PC201708,PC201708-4104,4,200 mg/kg PCDRUG,F,200.0,kidney,Kidneys (paired),True,3.1756,272.0,1.167,2016-05-02
PC201708,PC201708-4104,4,200 mg/kg PCDRUG,F,200.0,liver,Liver,False,13.0474,272.0,4.797,2016-05-02
PC201708,PC201708-4104,4,200 mg/kg PCDRUG,F,200.0,ovary,Ovaries (paired),True,0.2826,272.0,0.104,2016-05-02
PC201708,PC201708-4104,4,200 mg/kg PCDRUG,F,200.0,pituitary_gland,Pituitary Gland,False,0.0244,272.0,0.009,2016-05-02
PC201708,PC201708-4104,4,200 mg/kg PCDRUG,F,200.0,spleen,Spleen,False,0.7432,272.0,0.273,2016-05-02
PC201708,PC201708-4104,4,200 mg/kg PCDRUG,F,200.0,thymus,Thymus,False,0.3903,272.0,0.143,2016-05-02
PC201708,PC201708-4104,4,200 mg/kg PCDRUG,F,200.0,thyroid_gland,Thyroid Gland,False,0.0333,272.0,0.012,2016-05-02
PC201708,PC201708-4105,4,200 mg/kg PCDRUG,F,200.0,adrenal_gland,Adrenal Glands,True,0.1457,301.0,0.048,2016-05-02
PC201708,PC201708-4105,4,200 mg/kg PCDRUG,F,200.0,brain,Brain,False,2.9926,301.0,0.994,2016-05-02
PC201708,PC201708-4105,4,200 mg/kg PCDRUG,F,200.0,heart,Heart,False,1.0056,301.0,0.334,2016-05-02
PC201708,PC201708-4105,4,200 mg/kg PCDRUG,F,200.0,kidney,Kidneys (paired),True,1.9033,301.0,0.632,2016-05-02
PC201708,PC201708-4105,4,200 mg/kg PCDRUG,F,200.0,liver,Liver,False,14.0182,301.0,4.657,2016-05-02
PC201708,PC201708-4105,4,200 mg/kg PCDRUG,F,200.0,ovary,Ovaries (paired),True,0.1469,301.0,0.049,2016-05-02
PC201708,PC201708-4105,4,200 mg/kg PCDRUG,F,200.0,pituitary_gland,Pituitary Gland,False,0.0205,301.0,0.007,2016-05-02
PC201708,PC201708-4105,4,200 mg/kg PCDRUG,F,200.0,spleen,Spleen,False,0.8259,301.0,0.274,2016-05-02
PC201708,PC201708-4105,4,200 mg/kg PCDRUG,F,200.0,thymus,Thymus,False,0.4836,301.0,0.161,2016-05-02
PC201708,PC201708-4105,4,200 mg/kg PCDRUG,F,200.0,thyroid_gland,Thyroid Gland,False,0.0271,301.0,0.009,2016-05-02
PC201708,PC201708-4106,4,200 mg/kg PCDRUG,F,200.0,adrenal_gland,Adrenal Glands,True,0.1037,302.0,0.034,2016-05-02
PC201708,PC201708-4106,4,200 mg/kg PCDRUG,F,200.0,brain,Brain,False,2.964,302.0,0.981,2016-05-02
PC201708,PC201708-4106,4,200 mg/kg PCDRUG,F,200.0,heart,Heart,False,1.022,302.0,0.338,2016-05-02
PC201708,PC201708-4106,4,200 mg/kg PCDRUG,F,200.0,kidney,Kidneys (paired),True,2.4165,302.0,0.8,2016-05-02
PC201708,PC201708-4106,4,200 mg/kg PCDRUG,F,200.0,liver,Liver,False,11.589,302.0,3.837,2016-05-02
PC201708,PC201708-4106,4,200 mg/kg PCDRUG,F,200.0,ovary,Ovaries (paired),True,0.1818,302.0,0.06,2016-05-02
PC201708,PC201708-4106,4,200 mg/kg PCDRUG,F,200.0,pituitary_gland,Pituitary Gland,False,0.0145,302.0,0.005,2016-05-02
PC201708,PC201708-4106,4,200 mg/kg PCDRUG,F,200.0,spleen,Spleen,False,0.4454,302.0,0.147,2016-05-02
PC201708,PC201708-4106,4,200 mg/kg PCDRUG,F,200.0,thymus,Thymus,False,0.3079,302.0,0.102,2016-05-02
PC201708,PC201708-4106,4,200 mg/kg PCDRUG,F,200.0,thyroid_gland,Thyroid Gland,False,0.0384,302.0,0.013,2016-05-02
PC201708,PC201708-4107,4,200 mg/kg PCDRUG,F,200.0,adrenal_gland,Adrenal Glands,True,0.0789,310.0,0.025,2016-05-02
PC201708,PC201708-4107,4,200 mg/kg PCDRUG,F,200.0,brain,Brain,False,2.1814,310.0,0.704,2016-05-02
PC201708,PC201708-4107,4,200 mg/kg PCDRUG,F,200.0,heart,Heart,False,0.9566,310.0,0.309,2016-05-02
PC201708,PC201708-4107,4,200 mg/kg PCDRUG,F,200.0,kidney,Kidneys (paired),True,2.8095,310.0,0.906,2016-05-02
PC201708,PC201708-4107,4,200 mg/kg PCDRUG,F,200.0,liver,Liver,False,18.006,310.0,5.808,2016-05-02
PC201708,PC201708-4107,4,200 mg/kg PCDRUG,F,200.0,ovary,Ovaries (paired),True,0.0974,310.0,0.031,2016-05-02
PC201708,PC201708-4107,4,200 mg/kg PCDRUG,F,200.0,pituitary_gland,Pituitary Gland,False,0.034,310.0,0.011,2016-05-02
PC201708,PC201708-4107,4,200 mg/kg PCDRUG,F,200.0,spleen,Spleen,False,0.9068,310.0,0.293,2016-05-02
PC201708,PC201708-4107,4,200 mg/kg PCDRUG,F,200.0,thymus,Thymus,False,0.4705,310.0,0.152,2016-05-02
PC201708,PC201708-4107,4,200 mg/kg PCDRUG,F,200.0,thyroid_gland,Thyroid Gland,False,0.0449,310.0,0.014,2016-05-02
PC201708,PC201708-4108,4,200 mg/kg PCDRUG,F,200.0,adrenal_gland,Adrenal Glands,True,0.1166,298.0,0.039,2016-05-02
PC201708,PC201708-4108,4,200 mg/kg PCDRUG,F,200.0,brain,Brain,False,2.5902,298.0,0.869,2016-05-02
PC201708,PC201708-4108,4,200 mg/kg PCDRUG,F,200.0,heart,Heart,False,1.1974,298.0,0.402,2016-05-02
PC201708,PC201708-4108,4,200 mg/kg PCDRUG,F,200.0,kidney,Kidneys (paired),True,3.0638,298.0,1.028,2016-05-02
PC201708,PC201708-4108,4,200 mg/kg PCDRUG,F,200.0,liver,Liver,False,18.2331,298.0,6.118,2016-05-02
PC201708,PC201708-4108,4,200 mg/kg PCDRUG,F,200.0,ovary,Ovaries (paired),True,0.167,298.0,0.056,2016-05-02
PC201708,PC201708-4108,4,200 mg/kg PCDRUG,F,200.0,pituitary_gland,Pituitary Gland,False,0.0196,298.0,0.007,2016-05-02
PC201708,PC201708-4108,4,200 mg/kg PCDRUG,F,200.0,spleen,Spleen,False,0.4529,298.0,0.152,2016-05-02
PC201708,PC201708-4108,4,200 mg/kg PCDRUG,F,200.0,thymus,Thymus,False,0.1979,298.0,0.066,2016-05-02
PC201708,PC201708-4108,4,200 mg/kg PCDRUG,F,200.0,thyroid_gland,Thyroid Gland,False,0.034,298.0,0.011,2016-05-02
PC201708,PC201708-4109,4,200 mg/kg PCDRUG,F,200.0,adrenal_gland,Adrenal Glands,True,0.1369,272.0,0.05,2016-05-02
PC201708,PC201708-4109,4,200 mg/kg PCDRUG,F,200.0,brain,Brain,False,2.3439,272.0,0.862,2016-05-02
PC201708,PC201708-4109,4,200 mg/kg PCDRUG,F,200.0,heart,Heart,False,1.6302,272.0,0.599,2016-05-02
PC201708,PC201708-4109,4,200 mg/kg PCDRUG,F,200.0,kidney,Kidneys (paired),True,3.0903,272.0,1.136,2016-05-02
PC201708,PC201708-4109,4,200 mg/kg PCDRUG,F,200.0,liver,Liver,False,7.2507,272.0,2.666,2016-05-02
PC201708,PC201708-4109,4,200 mg/kg PCDRUG,F,200.0,ovary,Ovaries (paired),True,0.1558,272.0,0.057,2016-05-02
PC201708,PC201708-4109,4,200 mg/kg PCDRUG,F,200.0,pituitary_gland,Pituitary Gland,False,0.0234,272.0,0.009,2016-05-02
PC201708,PC201708-4109,4,200 mg/kg PCDRUG,F,200.0,spleen,Spleen,False,0.6977,272.0,0.256,2016-05-02
PC201708,PC201708-4109,4,200 mg/kg PCDRUG,F,200.0,thymus,Thymus,False,0.7134,272.0,0.262,2016-05-02
PC201708,PC201708-4109,4,200 mg/kg PCDRUG,F,200.0,thyroid_gland,Thyroid Gland,False,0.0188,272.0,0.007,2016-05-02
PC201708,PC201708-4110,4,200 mg/kg PCDRUG,F,200.0,adrenal_gland,Adrenal Glands,True,0.1293,270.0,0.048,2016-05-02
PC201708,PC201708-4110,4,200 mg/kg PCDRUG,F,200.0,brain,Brain,False,1.8234,270.0,0.675,2016-05-02
PC201708,PC201708-4110,4,200 mg/kg PCDRUG,F,200.0,heart,Heart,False,0.9301,270.0,0.344,2016-05-02
PC201708,PC201708-4110,4,200 mg/kg PCDRUG,F,200.0,kidney,Kidneys (paired),True,3.0558,270.0,1.132,2016-05-02
PC201708,PC201708-4110,4,200 mg/kg PCDRUG,F,200.0,liver,Liver,False,14.5757,270.0,5.398,2016-05-02
PC201708,PC201708-4110,4,200 mg/kg PCDRUG,F,200.0,ovary,Ovaries (paired),True,0.1763,270.0,0.065,2016-05-02
PC201708,PC201708-4110,4,200 mg/kg PCDRUG,F,200.0,pituitary_gland,Pituitary Gland,False,0.0181,270.0,0.007,2016-05-02
PC201708,PC201708-4110,4,200 mg/kg PCDRUG,F,200.0,spleen,Spleen,False,0.3928,270.0,0.145,2016-05-02
PC201708,PC201708-4110,4,200 mg/kg PCDRUG,F,200.0,thymus,Thymus,False,0.2675,270.0,0.099,2016-05-02
PC201708,PC201708-4110,4,200 mg/kg PCDRUG,F,200.0,thyroid_gland,Thyroid Gland,False,0.0204,270.0,0.008,2016-05-02
PC201708,PC201708-4111,4,200 mg/kg PCDRUG,F,200.0,adrenal_gland,Adrenal Glands,True,0.1092,293.0,0.037,2016-05-16
PC201708,PC201708-4111,4,200 mg/kg PCDRUG,F,200.0,brain,Brain,False,3.4611,293.0,1.181,2016-05-16
PC201708,PC201708-4111,4,200 mg/kg PCDRUG,F,200.0,heart,Heart,False,1.149,293.0,0.392,2016-05-16
PC201708,PC201708-4111,4,200 mg/kg PCDRUG,F,200.0,kidney,Kidneys (paired),True,2.0501,293.0,0.7,2016-05-16
PC201708,PC201708-4111,4,200 mg/kg PCDRUG,F,200.0,liver,Liver,False,12.9955,293.0,4.435,2016-05-16
PC201708,PC201708-4111,4,200 mg/kg PCDRUG,F,200.0,ovary,Ovaries (paired),True,0.1738,293.0,0.059,2016-05-16
PC201708,PC201708-4111,4,200 mg/kg PCDRUG,F,200.0,pituitary_gland,Pituitary Gland,False,0.0254,293.0,0.009,2016-05-16
PC201708,PC201708-4111,4,200 mg/kg PCDRUG,F,200.0,spleen,Spleen,False,0.625,293.0,0.213,2016-05-16
PC201708,PC201708-4111,4,200 mg/kg PCDRUG,F,200.0,thymus,Thymus,False,0.4125,293.0,0.141,2016-05-16
PC201708,PC201708-4111,4,200 mg/kg PCDRUG,F,200.0,thyroid_gland,Thyroid Gland,False,0.0396,293.0,0.014,2016-05-16
PC201708,PC201708-4112,4,200 mg/kg PCDRUG,F,200.0,adrenal_gland,Adrenal Glands,True,0.1075,330.0,0.033,2016-05-16
PC201708,PC201708-4112,4,200 mg/kg PCDRUG,F,200.0,brain,Brain,False,2.2259,330.0,0.675,2016-05-16
PC201708,PC201708-4112,4,200 mg/kg PCDRUG,F,200.0,heart,Heart,False,1.1216,330.0,0.34,2016-05-16
PC201708,PC201708-4112,4,200 mg/kg PCDRUG,F,200.0,kidney,Kidneys (paired),True,2.3168,330.0,0.702,2016-05-16
PC201708,PC201708-4112,4,200 mg/kg PCDRUG,F,200.0,liver,Liver,False,16.0851,330.0,4.874,2016-05-16
PC201708,PC201708-4112,4,200 mg/kg PCDRUG,F,200.0,ovary,Ovaries (paired),True,0.1291,330.0,0.039,2016-05-16
PC201708,PC201708-4112,4,200 mg/kg PCDRUG,F,200.0,pituitary_gland,Pituitary Gland,False,0.015,330.0,0.005,2016-05-16
PC201708,PC201708-4112,4,200 mg/kg PCDRUG,F,200.0,spleen,Spleen,False,0.8981,330.0,0.272,2016-05-16
PC201708,PC201708-4112,4,200 mg/kg PCDRUG,F,200.0,thymus,Thymus,False,0.8468,330.0,0.257,2016-05-16
PC201708,PC201708-4112,4,200 mg/kg PCDRUG,F,200.0,thyroid_gland,Thyroid Gland,False,0.0273,330.0,0.008,2016-05-16
PC201708,PC201708-4113,4,200 mg/kg PCDRUG,F,200.0,adrenal_gland,Adrenal Glands,True,0.1531,335.0,0.046,2016-05-10
PC201708,PC201708-4113,4,200 mg/kg PCDRUG,F,200.0,brain,Brain,False,3.7025,335.0,1.105,2016-05-10
PC201708,PC201708-4113,4,200 mg/kg PCDRUG,F,200.0,heart,Heart,False,1.3973,335.0,0.417,2016-05-10
PC201708,PC201708-4113,4,200 mg/kg PCDRUG,F,200.0,kidney,Kidneys (paired),True,3.6894,335.0,1.101,2016-05-10
PC201708,PC201708-4113,4,200 mg/kg PCDRUG,F,200.0,liver,Liver,False,8.391,335.0,2.505,2016-05-10
PC201708,PC201708-4113,4,200 mg/kg PCDRUG,F,200.0,ovary,Ovaries (paired),True,0.2572,335.0,0.077,2016-05-10
PC201708,PC201708-4113,4,200 mg/kg PCDRUG,F,200.0,pituitary_gland,Pituitary Gland,False,0.0364,335.0,0.011,2016-05-10
PC201708,PC201708-4113,4,200 mg/kg PCDRUG,F,200.0,spleen,Spleen,False,0.7236,335.0,0.216,2016-05-10
PC201708,PC201708-4113,4,200 mg/kg PCDRUG,F,200.0,thymus,Thymus,False,0.8928,335.0,0.266,2016-05-10
PC201708,PC201708-4113,4,200 mg/kg PCDRUG,F,200.0,thyroid_gland,Thyroid Gland,False,0.053,335.0,0.016,2016-05-10
PC201708,PC201708-4114,4,200 mg/kg PCDRUG,F,200.0,adrenal_gland,Adrenal Glands,True,0.156,332.0,0.047,2016-05-16
PC201708,PC201708-4114,4,200 mg/kg PCDRUG,F,200.0,brain,Brain,False,3.7705,332.0,1.136,2016-05-16
PC201708,PC201708-4114,4,200 mg/kg PCDRUG,F,200.0,heart,Heart,False,1.0464,332.0,0.315,2016-05-16
PC201708,PC201708-4114,4,200 mg/kg PCDRUG,F,200.0,kidney,Kidneys (paired),True,2.836,332.0,0.854,2016-05-16
PC201708,PC201708-4114,4,200 mg/kg PCDRUG,F,200.0,liver,Liver,False,8.7778,332.0,2.644,2016-05-16
PC201708,PC201708-4114,4,200 mg/kg PCDRUG,F,200.0,ovary,Ovaries (paired),True,0.1871,332.0,0.056,2016-05-16
PC201708,PC201708-4114,4,200 mg/kg PCDRUG,F,200.0,pituitary_gland,Pituitary Gland,False,0.0257,332.0,0.008,2016-05-16
PC201708,PC201708-4114,4,200 mg/kg PCDRUG,F,200.0,spleen,Spleen,False,0.9535,332.0,0.287,2016-05-16
PC201708,PC201708-4114,4,200 mg/kg PCDRUG,F,200.0,thymus,Thymus,False,0.8233,332.0,0.248,2016-05-16
PC201708,PC201708-4114,4,200 mg/kg PCDRUG,F,200.0,thyroid_gland,Thyroid Gland,False,0.0441,332.0,0.013,2016-05-16
PC201708,PC201708-4115,4,200 mg/kg PCDRUG,F,200.0,adrenal_gland,Adrenal Glands,True,0.1825,338.0,0.054,2016-05-16
PC201708,PC201708-4115,4,200 mg/kg PCDRUG,F,200.0,brain,Brain,False,3.3546,338.0,0.992,2016-05-16
PC201708,PC201708-4115,4,200 mg/kg PCDRUG,F,200.0,heart,Heart,False,1.7585,338.0,0.52,2016-05-16
PC201708,PC201708-4115,4,200 mg/kg PCDRUG,F,200.0,kidney,Kidneys (paired),True,1.8172,338.0,0.538,2016-05-16
PC201708,PC201708-4115,4,200 mg/kg PCDRUG,F,200.0,liver,Liver,False,12.7933,338.0,3.785,2016-05-16
PC201708,PC201708-4115,4,200 mg/kg PCDRUG,F,200.0,ovary,Ovaries (paired),True,0.1355,338.0,0.04,2016-05-16
PC201708,PC201708-4115,4,200 mg/kg PCDRUG,F,200.0,pituitary_gland,Pituitary Gland,False,0.0256,338.0,0.008,2016-05-16
PC201708,PC201708-4115,4,200 mg/kg PCDRUG,F,200.0,spleen,Spleen,False,1.025,338.0,0.303,2016-05-16
PC201708,PC201708-4115,4,200 mg/kg PCDRUG,F,200.0,thymus,Thymus,False,0.4941,338.0,0.146,2016-05-16
PC201708,PC201708-4115,4,200 mg/kg PCDRUG,F,200.0,thyroid_gland,Thyroid Gland,False,0.0577,338.0,0.017,2016-05-16
